Simple English Word,Non-simple English Word
Aaron,Aaa
Abandon,Aachen
Abandoned,Aah
Abc,Aahed
Abilities,Aahing
Ability,Aahs
Able,Aalii
Aboard,Aaliis
Abortion,Aaliyah
Abroad,Aardvark
Absence,Aardvarks
Absolute,Aardwolf
Absolutely,Aardwolves
Abstract,Aas
Abuse,Aba
Abused,Abaca
Academic,Abacas
Academy,Abacinate
Accent,Abacinated
Accept,Abacinates
Acceptable,Abacinating
Acceptance,Aback
Accepted,Abacks
Accepting,Abactinal
Access,Abacus
Accessible,Abacuses
Accident,Abaft
Accidentally,Abafter
Accidents,Abaftest
Accommodate,Abalone
Accommodation,Abalones
Accompanied,Abamp
Accomplish,Abampere
Accomplished,Abamperes
Accordance,Abamps
According,Abandoning
Accordingly,Abandonment
Account,Abandonments
Accounting,Abandons
Accounts,Abarticulation
Accuracy,Abarticulations
Accurate,Abas
Accused,Abase
Ace,Abased
Achieve,Abasement
Achieved,Abasements
Achievement,Abases
Achievements,Abash
Achieving,Abashed
Zealand,Abashedly
Is,Abashes
Isis,Abashing
Islam,Abashment
Islamic,Abashments
Island,Abasia
Islands,Abasias
Lying,Abasic
Lyrics,Abasing
Italian,Abatable
Italy,Abate
Era,Abated
In,Abatement
Session,Abatements
Sessions,Abates
Error,Abatic
Errors,Abating
Axis,Abatis
Apart,Abator
Apartment,Abators
Apartments,Abattis
Egypt,Abattoir
Egyptian,Abattoirs
Ion,Abaxial
Machine,Abaxiallier
Machinery,Abaxialliest
Machines,Abaxially
Alabama,Abaya
Alan,Abayas
Pepper,Abbacies
Alarm,Abbacy
Alaska,Abbas
Ad,Abbasid
Adam,Abbatial
Kansas,Abbe
Um,Abbed
Arizona,Abbes
Usa,Abbess
Usage,Abbesses
Ingredients,Abbey
Raid,Abbeys
Rail,Abbing
Hybrid,Abbot
Gym,Abbots
Essay,Abbott
Essays,Abbreviate
Essence,Abbreviated
Essential,Abbreviates
Essentially,Abbreviating
Ryan,Abbreviation
Ate,Abbreviations
Aw,Abbreviator
Awake,Abbreviators
Award,Abbrevs
Awarded,Abby
Awards,Abcoulomb
Aware,Abcoulombs
Awareness,Abcs
Away,Abdicable
Awesome,Abdicate
Awful,Abdicated
Awkward,Abdicates
Auction,Abdicating
Audience,Abdication
Audiences,Abdications
Audio,Abdicator
Audit,Abdicators
Affair,Abdomen
Affairs,Abdomens
Affect,Abdominal
Affected,Abdominals
Affecting,Abdominocenteses
Affects,Abdominocentesis
Again,Abdominoplasties
Against,Abdominoplasty
Age,Abdominous
Aged,Abdominousness
Agencies,Abdominousnesses
Agency,Abdominovesical
Agenda,Abduce
Agent,Abduced
Agents,Abducens
Ages,Abducent
Gdp,Abducents
Per,Abduces
Perceived,Abducing
Old,Abduct
Older,Abducted
Oldest,Abductee
Olive,Abductees
Oliver,Abducting
Olympic,Abduction
Olympics,Abductions
Especially,Abductor
Yo,Abductors
Yoga,Abducts
York,Abdul
Yorkshire,Abe
You,Abeam
Young,Abecedarian
Younger,Abecedarians
Youngest,Abecedarius
Your,Abecedariuses
Yours,Abed
Yourself,Abeder
Youth,Abedest
Youtube,Abel
Near,Abelard
Nearby,Abele
Nearest,Abeles
Need,Abelia
Needed,Abelias
Needing,Abellaite
Needs,Abelloemringerite
Kyle,Abelmosk
Cease,Abelmosks
Lloyd,Abelson
Amanda,Abelsonite
Amateur,Abenakiite
Amazing,Aberdeen
Amazon,Abernathy
Less,Abernathyite
Lesser,Aberrance
Lesson,Aberrances
Lessons,Aberrancies
Ted,Aberrancy
Idea,Aberrant
Ideal,Aberrants
Ski,Aberrate
Alert,Aberrated
Alex,Aberrates
Alexander,Aberrating
Sterling,Aberration
Test,Aberrational
Testament,Aberrations
Tested,Abet
Too,Abetalipoproteinemia
Took,Abetalipoproteinemias
Tool,Abetment
Tools,Abetments
Tooth,Abets
Reed,Abettal
Yea,Abettals
Yeah,Abetted
Year,Abetter
Years,Abetters
Ontario,Abetting
Onto,Abettor
Eight,Abettors
Eighth,Abeyance
Enormous,Abeyances
Reign,Abeyant
German,Abfarad
Germans,Abfarads
Germany,Abhenries
Issue,Abhenry
Issued,Abhor
Issues,Abhorred
Nor,Abhorrence
Normal,Abhorrences
Normally,Abhorrent
Bias,Abhorrently
Fuck,Abhorrer
Fucked,Abhorrers
Fucking,Abhorring
Fuel,Abhors
Scale,Abhurite
Now,Abidance
Nowadays,Abidances
Nowhere,Abide
Icon,Abided
Iconic,Abides
Yield,Abiding
Sydney,Abidingly
Field,Abidings
Fields,Abidjan
Oak,Abied
Email,Abience
Emails,Abiences
Ease,Abient
Deck,Abies
Trace,Abigail
So,Abilene
Soap,Abiogeneses
Click,Abiogenesis
Take,Abiogenetic
Taken,Abiogenist
Takes,Abiogenists
Go,Abiotrophies
Goal,Abiotrophy
Goals,Abject
Goat,Abjected
Th,Abjecting
Thai,Abjection
Thailand,Abjections
Ghost,Abjectlier
Yup,Abjectliest
Utah,Abjectly
Utility,Abjectness
Into,Abjects
Table,Abjuration
Sea,Abjurations
An,Abjuratory
Do,Abjure
Eh,Abjured
Kiss,Abjurer
Brass,Abjurers
Ian,Abjures
Jack,Abjuring
Jacket,Ablactate
By,Ablactated
Bye,Ablactates
Dying,Ablactating
Dylan,Ablactation
Dynamic,Ablactations
Dynamics,Ablate
One,Ablated
Ones,Ablates
Ticket,Ablating
Tickets,Ablation
Sex,Ablations
Sexual,Ablative
Sexually,Ablatives
Sexy,Ablaut
Enforcement,Ablauts
Can,Ablaze
Canada,Ablazer
Canadian,Ablazest
Canal,Abled
Tea,Ableism
Teach,Ableisms
Teacher,Ablepharia
Teachers,Ablepharias
Teaching,Abler
Team,Ables
Teams,Ablest
Tear,Ablier
Seed,Abliest
Seeds,Abling
Eddie,Ablism
Edge,Ablisms
Edges,Abloom
Edinburgh,Abloomer
Edit,Abloomest
Edited,Ablution
Editing,Ablutionary
Edition,Ablutions
Editor,Ably
Editorial,Abm
Editors,Abnegate
Educated,Abnegated
Education,Abnegates
Educational,Abnegating
Edward,Abnegation
Edwards,Abnegations
Neck,Abnegator
Songs,Abnegators
Dedicated,Abner
Red,Abnormal
My,Abnormalcies
Amendment,Abnormalcy
Drunk,Abnormalities
Among,Abnormality
Amongst,Abnormally
Giant,Abnormals
Giants,Abocclusion
Nick,Abocclusions
Input,Abode
Dual,Abodes
Dubai,Abohm
Grab,Abohms
Grabbed,Abolish
Grace,Abolishable
Nathan,Abolished
Nation,Abolishes
National,Abolishing
Nations,Abolishment
Nationwide,Abolishments
Native,Abolition
Owe,Abolitionary
Owen,Abolitionism
Describe,Abolitionisms
Described,Abolitionist
Describes,Abolitionists
Describing,Abolitions
Description,Abomasal
Empty,Abomasum
Lab,Abomasums
Label,Abominable
Labels,Abominably
Men,Abominate
Any,Abominated
Anybody,Abominates
Anymore,Abominating
Anyone,Abomination
Anything,Abominations
Anytime,Abominator
Anyway,Abominators
Anyways,Aborad
Anywhere,Aborader
And,Aboradest
Anderson,Aboral
Andrew,Aboriginal
Android,Aboriginals
Andy,Aborigine
Ray,Aborigines
Rays,Aborning
Via,Abort
Set,Aborted
Sets,Aborticide
Setting,Aborticides
Settings,Abortifacient
Settle,Abortifacients
Settled,Aborting
Settlement,Abortionist
Setup,Abortionists
Mix,Abortions
Mixed,Abortive
Mixing,Abortived
Mixture,Abortivelier
Yes,Abortiveliest
Yesterday,Abortively
Wisconsin,Abortives
Wisdom,Abortiving
Wise,Aborts
Wish,Abortus
Wished,Abortuses
Wishes,Abought
We,Aboulia
Weak,Aboulias
Weakness,Aboulic
Wealth,Aboulicer
Wealthy,Aboulicest
Eternal,Abound
Album,Abounded
Aluminum,Abounding
Belgium,Aboundings
Cum,Abrades
Curriculum,Abrading
Drum,Abraham
Forum,Abram
Maximum,Abramovite
Medium,Abrams
Minimum,Abranchial
Momentum,Abranchiate
Mum,Abranchiates
Museum,Abranchious
Platinum,Abrase
Premium,Abrased
Quantum,Abrases
Spectrum,Abrasing
Stadium,Abrasion
Sum,Abrasions
Vacuum,Abrasive
Yelling,Abrasively
Yellow,Abrasiveness
Mansion,Abrasivenesses
Liability,Abrasives
Liar,Abreact
Also,Abreacted
Box,Abreacting
Complex,Abreaction
Ex,Abreactions
Fix,Abreacts
Fox,Abreast
Index,Abreaster
Matrix,Abreastest
Max,Abridge
Netflix,Abridged
Phoenix,Abridgeder
Relax,Abridgedest
Six,Abridgement
Tax,Abridgements
Tx,Abridger
Alliance,Abridgers
Allied,Abridges
Allies,Abridging
Agree,Abridgment
Agreed,Abridgments
Agreement,Abroach
Agreements,Abroached
Agrees,Abroacher
Agricultural,Abroaches
Agriculture,Abroachest
Aggressive,Abroaching
Are,Abroader
Area,Abroadest
Areas,Abrocome
Arena,Abrocomes
Alone,Abrogate
Along,Abrogated
Alongside,Abrogates
Floating,Abrogating
Jam,Abrogation
James,Abrogations
Jamie,Abrogator
Jim,Abrogators
Jimmy,Abrupt
Availability,Abrupted
Available,Abrupter
Korea,Abruptest
Korean,Abrupting
Okay,Abruption
Paper,Abruptions
Get,Abruptlier
Gets,Abruptliest
Getting,Abruptly
Temperature,Abruptness
Temperatures,Abruptnesses
Temple,Abrupts
Temporarily,Abs
Temporary,Absalom
Every,Abscess
Everybody,Abscessed
Everyday,Abscesses
Everyone,Abscessing
Everything,Abscise
Everywhere,Abscised
Large,Abscises
Largely,Abscising
Larger,Abscissa
Largest,Abscissas
Larry,Abscission
Likely,Abscissions
Good,Abscond
Goodbye,Absconded
Goodness,Absconder
Goods,Absconders
Google,Absconding
Ally,Abscondment
Delay,Abscondments
Delayed,Absconds
Tube,Abseil
Lay,Abseiled
Layer,Abseiler
Layers,Abseilers
Laying,Abseiling
Layout,Abseils
Tank,Absences
Tanks,Absent
External,Absented
Day,Absentee
Days,Absenteeism
Other,Absenteeisms
Others,Absentees
Otherwise,Absenting
Adjacent,Absentlier
Adjust,Absentliest
Adjusted,Absently
Once,Absentminded
Tl,Absentmindedly
Nose,Absentmindedness
Rio,Absentmindednesses
Riot,Absents
Sarah,Absinth
Cos,Absinthe
Moscow,Absinthes
Most,Absinths
Mostly,Absoluteness
Map,Absolutenesses
Maps,Absolutes
Troops,Absolutest
Sixth,Absolution
Mask,Absolutions
Solar,Absolutisation
Sold,Absolutisations
Soldier,Absolutism
Soldiers,Absolutisms
Sole,Absolutist
Celebrate,Absolutistic
Celebrated,Absolutists
Celebrating,Absolutization
Celebration,Absolutizations
Celebrities,Absolve
Celebrity,Absolved
Cell,Absolver
Cells,Absolvers
Celtic,Absolves
Stock,Absolving
Son,Absolvitory
Song,Absorb
Sons,Absorbable
Sony,Absorbance
Induced,Absorbances
Industrial,Absorbate
Industries,Absorbates
Industry,Absorbed
Occasion,Absorbefacient
Occasional,Absorbefacients
Occasionally,Absorbencies
Occasions,Absorbency
Item,Absorbent
Items,Absorbents
Ipad,Absorber
Iphone,Absorbers
Negative,Absorbing
Negotiations,Absorbingly
Remain,Absorbs
Remainder,Absorptance
Remained,Absorptances
Remaining,Absorption
Remains,Absorptions
Remarkable,Absorptive
Remarks,Absorptives
Boxes,Absorptivities
Boxing,Absorptivity
Debate,Absquatulate
Debt,Absquatulated
Debut,Absquatulates
Online,Absquatulating
Only,Abstain
Ambassador,Abstained
Ambulance,Abstainer
Sierra,Abstainers
Den,Abstaining
Denied,Abstains
Denmark,Abstemious
Dennis,Abstemiously
Density,Abstemiousness
Dental,Abstemiousnesses
Denver,Abstention
Deny,Abstentions
Than,Abstentious
Thank,Abstinence
Thanks,Abstinences
Thanksgiving,Abstinent
Ken,Abstinents
Kennedy,Abstracted
Kenny,Abstractedly
Kent,Abstractedness
Kentucky,Abstractednesses
Kenya,Abstracter
Shade,Abstracters
Shades,Abstracting
Shadow,Abstraction
Simple,Abstractionism
Simply,Abstractionisms
Simpson,Abstractionist
Taxes,Abstractionists
Taxi,Abstractions
Up,Abstractive
Upcoming,Abstractlier
Update,Abstractliest
Updated,Abstractly
Updates,Abstractness
Upgrade,Abstractnesses
Under,Abstractor
Sail,Abstractors
Torn,Abstracts
Toronto,Abstruse
Grand,Abstruselier
Grandfather,Abstruseliest
Grandma,Abstrusely
Grandmother,Abstruseness
Urban,Abstrusenesses
Ritual,Abstrusities
Gen,Abstrusity
Gender,Absurd
Gene,Absurder
General,Absurdest
Generally,Absurdist
Generate,Absurdists
Generated,Absurdities
Generation,Absurdity
Generations,Absurdlier
Generic,Absurdliest
Generous,Absurdly
Genes,Absurdness
Genetic,Absurdnesses
Geneva,Absurds
Gate,Abswurmbachite
Gates,Abuite
Gather,Abuja
Gathered,Abukumalite
Gathering,Abulia
Baker,Abulias
Rise,Abulic
Rises,Abulicer
Rising,Abulicest
Risk,Abundance
Risks,Abundances
Leak,Abundant
Leaked,Abundantlier
Suck,Abundantliest
Sucks,Abundantly
Black,Abuser
Blacks,Abusers
Odd,Abuses
Odds,Abusing
Sake,Abusive
Ukraine,Abusively
Ukrainian,Abusiveness
Fun,Abut
Function,Abutment
Functional,Abutments
Functioning,Abuts
Functions,Abutted
Fund,Abutter
Fundamental,Abutters
Funded,Abutting
Funding,Abuzz
Funds,Abuzzer
Funeral,Abuzzest
Funny,Abvolt
Eye,Abvolts
Eyes,Abwatt
Smile,Abwatts
Smiling,Aby
Smith,Abye
Enhance,Abyed
Enhanced,Abyes
Tobacco,Abying
Adult,Abys
Adults,Abysm
Leg,Abysmal
Legacy,Abysmaler
Legal,Abysmalest
Legally,Abysmallier
Legend,Abysmalliest
Legendary,Abysmally
Legends,Abysms
Sun,Abyss
Ebay,Abyssal
Squad,Abyssaler
Renewed,Abyssalest
Rubber,Abysses
Oil,Abyssinia
Use,Abyssinian
Used,Acacia
Useful,Acacias
Useless,Academe
User,Academes
Users,Academia
Uses,Academias
Knee,Academical
Knees,Academically
Knew,Academician
Knife,Academicians
Knight,Academicianship
Knights,Academicianships
Knock,Academicism
Knocked,Academicisms
Gang,Academics
Our,Academies
Ours,Academism
Ourselves,Academisms
Nest,Acadia
Mega,Acantha
Got,Acanthas
Gotta,Acanthion
Gotten,Acanthions
Ensure,Acanthite
Ensuring,Acanthocephalan
Try,Acanthocephalans
Trying,Acanthocyte
Lie,Acanthocytes
Lied,Acanthocytoses
Lies,Acanthocytosis
Lieutenant,Acanthoid
Atmosphere,Acanthoider
Bar,Acanthoidest
Barbara,Acantholyses
Dog,Acantholysis
Dogs,Acanthoma
Teen,Acanthomas
Teenage,Acanthopterygian
Teenager,Acanthopterygians
Teenagers,Acanthoses
Teens,Acanthosis
Teeth,Acanthotic
Pleasant,Acanthous
Please,Acanthouser
Pleased,Acanthousest
Pleasure,Acanthus
Pledge,Acanthuses
Plenty,Acapnia
Establish,Acapnial
Established,Acapnias
Establishing,Acapnic
Establishment,Acapnotic
Estate,Acapulco
Estimate,Acaracide
Estimated,Acaracides
Estimates,Acardia
Sergeant,Acardias
Serial,Acariases
Series,Acariasis
Serious,Acaricide
Seriously,Acaricides
Servant,Acarid
Servants,Acaridiases
Serve,Acaridiasis
Served,Acarids
Server,Acarine
Servers,Acarines
Serves,Acarioses
Service,Acariosis
Services,Acarophobia
Serving,Acarophobias
Wolf,Acarpellous
Low,Acarpelous
Lower,Acarpous
Lowest,Acarus
Ill,Acaruses
Illegal,Acaryote
Illinois,Acaryotes
Illness,Acatalectic
Illustrated,Acatalectics
Live,Acataphasia
Lived,Acataphasias
Psychological,Acathexes
Psychology,Acathexia
Con,Acathexias
Concentrate,Acathexis
Concentration,Acaudal
Concept,Acaudate
Concepts,Acaulescent
Deemed,Accede
Deep,Acceded
Deeper,Accedes
Deeply,Acceding
Deer,Accelerando
Gay,Accelerandoes
Point,Accelerandos
Pointed,Accelerate
Pointing,Accelerated
Points,Accelerates
Poison,Accelerating
Derby,Acceleration
Derek,Accelerations
Derived,Accelerative
Ink,Accelerator
Ignorant,Accelerators
Ignore,Acceleratory
Ignored,Accelerometer
Ignoring,Accelerometers
Ignorance,Accented
Sept,Accenting
September,Accentings
Land,Accentor
Landed,Accentors
Landing,Accents
Lands,Accentual
Landscape,Accentuate
Lane,Accentuated
Language,Accentuates
Languages,Accentuating
Lamb,Accentuation
Aim,Accentuations
Aimed,Accenture
Aims,Acceptabilities
Khan,Acceptability
Heels,Acceptableness
Hub,Acceptablenesses
Summary,Acceptably
Summer,Acceptances
Summit,Acceptant
Saw,Acceptants
Air,Acceptation
Aircraft,Acceptations
Airline,Acceptive
Airlines,Acceptor
Airport,Acceptors
Sad,Accepts
Sadly,Accessaries
Liver,Accessary
Liverpool,Accessed
Lives,Accesses
Living,Accessibilities
Rush,Accessibility
Russell,Accessibly
Russia,Accessing
Russian,Accession
Russians,Accessional
Nights,Accessioned
Jason,Accessioning
Dot,Accessions
Pork,Accessorial
Porn,Accessorials
Port,Accessories
Portal,Accessorize
Portfolio,Accessorized
Portion,Accessorizes
Portland,Accessorizing
Portrait,Accessory
Ports,Acciaccatura
Portugal,Acciaccaturas
Portuguese,Accidence
Oral,Accidences
Orange,Accidental
Adopt,Accidentals
Adopted,Accipitrine
Adoption,Accipitrines
Adorable,Acclaim
Hat,Acclaimed
Hate,Acclaiming
Hated,Acclaims
Hates,Acclamation
Hatred,Acclamations
Hats,Acclimate
Open,Acclimated
Opened,Acclimates
Opening,Acclimating
Openly,Acclimation
Opens,Acclimations
Opera,Acclimatisation
Operate,Acclimatisations
Operated,Acclimatise
Operates,Acclimatised
Operating,Acclimatises
Operation,Acclimatising
Operational,Acclimatization
Operations,Acclimatizations
Operator,Acclimatize
Operators,Acclimatized
Isolated,Acclimatizes
Isolation,Acclimatizing
Crack,Acclivities
Craft,Acclivitous
Villa,Acclivity
Village,Accolade
Villages,Accoladed
Tyler,Accolades
Type,Accolading
Types,Accommodated
Typical,Accommodates
Typically,Accommodating
Added,Accommodatingly
Swear,Accommodational
Sweat,Accommodations
Sweden,Accommodative
Swedish,Accommodator
Oxygen,Accommodators
Cycle,Accompanies
Cycling,Accompaniment
Nerve,Accompaniments
Nerves,Accompanist
Nervous,Accompanists
Entire,Accompany
Entirely,Accompanying
Entitled,Accompanyings
Entity,Accompanyist
Rather,Accompanyists
Small,Accomplice
Smaller,Accomplices
Smallest,Accomplishable
Mice,Accomplishes
Michael,Accomplishing
Michelle,Accomplishment
Michigan,Accomplishments
Micro,Accord
Orbit,Accordances
Tattoo,Accordant
Net,Accorded
Netherlands,Accordion
Network,Accordioned
Networks,Accordioning
Arsenal,Accordionist
Cow,Accordionists
Cowboys,Accordions
Die,Accords
Died,Accost
Diego,Accosted
Dies,Accosting
Diesel,Accosts
Diet,Accouchement
Style,Accouchements
Styles,Accoucheur
Nasa,Accoucheurs
Nasty,Accoucheuse
Ore,Accoucheuses
Oregon,Accountabilities
Guarantee,Accountability
Guaranteed,Accountable
Guard,Accountancies
Guardian,Accountancy
Guards,Accountant
Ring,Accountants
Rings,Accountantship
Stability,Accountantships
Stable,Accounted
Stack,Accountings
Staff,Accouter
Stage,Accoutered
Ultimate,Accoutering
Ultimately,Accouterment
Ultra,Accouterments
Las,Accouters
Laser,Accoutre
Last,Accoutred
Lasted,Accoutrement
Lasting,Accoutrements
Arnold,Accoutres
Don,Accoutring
Donald,Accra
Donate,Accredit
Donated,Accreditation
Donation,Accreditations
Donations,Accredited
Done,Accrediting
Dont,Accredits
London,Accrete
Lonely,Accreted
Long,Accretes
Longer,Accreting
Longest,Accretion
Monetary,Accretionary
Money,Accretions
Bag,Accretive
Bags,Accroides
Thy,Accroideses
Categories,Accrual
Category,Accruals
Hip,Accrue
Calculated,Accrued
Dose,Accruement
Lap,Accruements
Laptop,Accrues
Miami,Accruing
The,Acculturate
Theater,Acculturated
Theatre,Acculturates
Thee,Acculturating
Theft,Acculturation
Their,Acculturational
Them,Acculturations
Theme,Acculturative
Themes,Accumbent
Themselves,Accumbents
Then,Accumulate
Theoretical,Accumulated
Theories,Accumulates
Theory,Accumulating
Ago,Accumulation
Extra,Accumulations
Extract,Accumulative
Extraordinary,Accumulator
Earth,Accumulators
Earthquake,Accuracies
Length,Accurately
Lens,Accurateness
Integrated,Accurse
Integration,Accursed
Integrity,Accursedness
Intel,Accurses
Intellectual,Accursing
Intelligence,Accurst
Intelligent,Accusal
Intend,Accusals
Intended,Accusation
Intense,Accusations
Intensity,Accusative
Week,Accusatives
Weekend,Accusatorial
Weekends,Accusatory
Weekly,Accuse
Weeks,Accuseds
Ego,Accuser
Department,Accusers
Departments,Accuses
Departure,Accusing
Depend,Accusingly
Dependent,Accusings
Depending,Accusive
Depends,Accustom
Ideology,Accustomed
Myself,Accustoming
Mysterious,Accustoms
Mystery,Acebutolol
Gold,Acebutolols
Golden,Aced
Golf,Acedia
Attempt,Acedias
Corrupt,Acellular
Except,Acentric
Kept,Acephalia
Script,Acephalias
Slept,Acephalies
Rescue,Acephalism
Sequence,Acephalisms
Nevada,Acephalous
Never,Acephaly
Nevertheless,Acer
Clean,Acerate
Cleaned,Acerates
Cleaning,Acerb
Clear,Acerbate
Cleared,Acerbated
Clearing,Acerbates
Clearly,Acerbating
Letter,Acerbic
Letters,Acerbically
Letting,Acerbicer
Stuart,Acerbicest
Stuck,Acerbities
Student,Acerbity
Students,Acerola
Studied,Acerolas
Studies,Acerose
Studio,Acervate
Studios,Acervated
Study,Acervates
Studying,Acervating
Stuff,Acervulus
Inn,Acervuluses
Inner,Aces
Innings,Acest
Innocent,Acetabular
Innovation,Acetabulum
Innovative,Acetabulums
Gps,Acetal
Alter,Acetaldehyde
Altered,Acetaldehydes
Alternate,Acetaldol
Alternative,Acetaldols
Alternatives,Acetals
Although,Acetamide
Altogether,Acetamides
Joan,Acetaminophen
Job,Acetaminophens
Jobs,Acetanilid
Unknown,Acetanilide
Rank,Acetanilides
Ranked,Acetanilids
Ranking,Acetate
Ranks,Acetates
Random,Acetic
Advance,Acetified
Advanced,Acetifies
Advances,Acetify
Advantage,Acetifying
Advantages,Acetin
Adventure,Acetins
Adventures,Acetone
Note,Acetonemia
Noted,Acetonemias
Notes,Acetones
Salad,Acetonic
Design,Acetonuria
Designated,Acetonurias
Designed,Acetophenetidin
Designer,Acetophenetidins
Designers,Acetose
Designs,Acetous
Navigation,Acetphenetidin
Insane,Acetphenetidins
Here,Acetum
Research,Acetums
Tweet,Acetyl
Tweeted,Acetylate
Tweets,Acetylated
Mar,Acetylates
Marathon,Acetylating
Does,Acetylation
Rice,Acetylations
Rich,Acetylcholine
Richard,Acetylcholines
Richmond,Acetylene
Rick,Acetylenes
Condition,Acetylenic
Conditions,Acetylic
Authentic,Acetylise
Author,Acetylised
Authorities,Acetylises
Authority,Acetylising
Authorized,Acetylize
Authors,Acetylized
Podcast,Acetylizes
Attached,Acetylizing
Attack,Acetyls
Attacked,Acevedo
Attacking,Achaean
Attacks,Achalaite
Oxford,Ache
Silence,Achebe
Silent,Ached
Silicon,Achene
Silk,Achenes
Argentina,Achenial
Argue,Achernar
Argued,Aches
Argues,Acheson
Arguing,Achier
Argument,Achiest
Arguments,Achievabilities
Else,Achievability
Elsewhere,Achievable
Egg,Achiever
Eggs,Achievers
Oh,Achieves
Ohio,Achillea
Ups,Achilleas
Upset,Achilles
Upside,Achimenes
Seized,Achimeneses
Telegraph,Tetras
Ongoing,Tetrasaccharide
Visa,Tetrasaccharides
Visible,Tetraskele
Senate,Tetraskeles
Senator,Tetraskelion
Senators,Tetraskelions
Exist,Tetrasporangium
Existed,Tetrasporangiums
Existence,Tetraspore
Existing,Tetraspores
Exists,Xamarin
Exit,Xanadu
Source,Xanthate
Sources,Xanthates
Smooth,Xanthelasma
Rumors,Xanthelasmas
Smoke,Xanthemia
Smoking,Xanthemias
Tail,Xanthine
Blind,Xanthines
Acid,Xanthiosite
Out,Xanthippe
Outcome,Xanthoconite
Outcomes,Xanthoma
Outdoor,Xanthomas
Outer,Xanthomatoses
Garage,Xanthomatosis
Garbage,Xanthomonad
Garden,Xanthomonads
Gardens,Xanthophyl
Aesthetic,Zaatar
Dish,Zaatars
Dishes,Zabaglione
Jazz,Zabagliones
Own,Zabuyelite
Owned,Zaccagnaite
Owner,Zaccariniite
Owners,Zachariah
Ownership,Zachary
Owns,Zachery
Doll,Zadovite
Dollar,Zaftig
Dollars,Zag
Texas,Zagamiite
Text,Zagged
Texts,Zagging
Image,Zagreb
Images,Zags
Imagination,Zaherite
Imagine,Zaire
Imagined,Xanthophyll
Chan,Xanthophylls
Chance,Xanthophyls
Chancellor,Xanthopsia
Chances,Xanthopsias
Change,Xanthoses
Molecular,Xanthosis
How,Xanthous
Howard,Xanthoxenite
However,Xavier
Cape,Xci
Honest,Xcier
Honestly,Xciest
Honey,Xcii
Rid,Xciii
Ride,Xciv
Rider,Xcix
Rides,Xcvi
Ridge,Xcvii
Ridiculous,Xcviii
Riding,Xemacs
Reward,Xenakis
Rewards,Xenia
Ron,Xenogeneic
Guess,Xenogeneses
Step,Xenogenesis
Stephen,Xenograft
Stepped,Xenografted
Steps,Xenografting
Orchestra,Xenografts
Inquiry,Xenolith
Laid,Xenoliths
Answer,Xenon
Answered,Xenons
Answering,Xenophobe
Answers,Xenophobes
Arkansas,Xenophobia
Add,Xenophobias
Todd,Xenophobic
Tv,Xenophobics
Ireland,Xenophon
Ton,Xenophyllite
Tone,Xenotime
Tongue,Xenotimes
Tonight,Xenotransplant
Tons,Xenotransplantation
Tony,Xenotransplantations
Chicago,Xenotransplanted
Civic,Xenotransplanting
Civil,Xenotransplants
Civilian,Xeranthemum
Civilians,Xeranthemums
Civilization,Xeric
Ten,Xeroderma
Tend,Xerodermas
Tender,Xerodermia
But,Xerodermias
Butler,Xerographic
Butt,Xerographies
Expand,Xerography
Expanded,Xeroma
Expanding,Xeromas
Expansion,Xerophile
Desk,Xerophiles
Cinema,Xerophthalmia
Cut,Xerophthalmias
Cute,Xerophthalmus
Self,Xerophthalmuses
Selfish,Xerophyte
Respect,Xerophytes
Respected,Xerophytic
Respective,Xerophytics
Respectively,Xeroradiographies
Oscar,Xeroradiography
Smell,Xerostomia
Smells,Xerostomias
Ah,Xerotes
Ahead,Xeroteses
Bet,Xerox
Beta,Xeroxed
Better,Xeroxes
Betting,Xeroxing
Between,Xerxes
Algorithm,Xhosa
Roman,Xian
Romance,Xiangjiangite
Romantic,Xianhuaite
Rome,Xiaoping
Enable,Xieite
Enabled,Xiexiandeite
License,Xifengite
Licensed,Xii
Plot,Xiier
Plug,Xiiest
Places,Xiii
Placing,Xiiier
Placed,Xiiiest
Placement,Xiiis
Place,Xiis
Slightly,Xilingolite
Slim,Ximenes
Slide,Ximengite
Slight,Xingu
Slice,Xinjiang
Art,Xiongnu
Urge,Xis
Urged,Xitieshanite
Urgent,Xiv
Arm,Xivs
Armed,Xix
Real,Xixer
Realise,Xixes
Realised,Xixest
Realistic,Xizang
Reality,Xl
Realize,Xli
Realized,Xlier
Really,Xliest
Realm,Xlii
Of,Xliier
Off,Xliiest
Offense,Xliii
Offensive,Xliiier
Offer,Xliiiest
Offered,Xliv
Offering,Xliver
Offers,Xlivest
Office,Xlvi
Officer,Xlvier
Officers,Xlviest
Offices,Xlvii
Official,Xlviier
Sought,Xlviiest
Soul,Xlviii
Souls,Xlviiier
Sound,Xlviiiest
Sounded,Xmas
Pen,Xmases
Penalties,Xochipilli
Penalty,Xocolatlite
Pending,Xocomecatlite
Unit,Xonotlite
United,Xor
Units,Xray
Unity,Xref
Skill,Xrefs
Skilled,Xterm
Skills,Xuite
Skin,Xuwenyuanite
Include,Xuzhou
Included,Xvi
Includes,Xvier
Including,Xviest
Inclusion,Xvii
Lazy,Xviier
Chocolate,Xviiest
Choice,Xviii
Choices,Xviiier
Ugh,Xviiiest
Ugly,Xviiis
Murder,Xviis
Murdered,Xvis
Murders,Xxi
Murphy,Xxier
Murray,Xxiest
Ram,Xxii
Eat,Xxiier
Eaten,Xxiiest
Eating,Xxiii
Rage,Xxiiier
Orlando,Xxiiiest
Orleans,Xxiiis
Tire,Xxiis
Tired,Xxis
Tires,Xxiv
She,Xxiver
Shed,Xxivest
Sheep,Xxivs
Sheer,Xxix
Sheet,Xxixer
Los,Xxixes
Lose,Xxixest
Loser,Xxv
Loses,Xxvi
Losing,Xxvier
Loss,Xxviest
Losses,Xxvii
Lost,Xxviier
Enemies,Xxviiest
Enemy,Xxviii
Energy,Xxviiier
Eric,Xxviiiest
Key,Xxviiis
Keyboard,Xxviis
Keys,Xxvis
Dash,Xxxi
Exact,Xxxier
Exactly,Xxxiest
Exam,Xxxii
Examination,Xxxiier
Examine,Xxxiiest
Examined,Xxxiii
Example,Xxxiiier
Examples,Xxxiiiest
Exams,Xxxiv
Merchant,Xxxiver
Mercury,Xxxivest
Mercy,Xxxix
Mere,Xxxv
Merely,Xxxvi
Dead,Xxxvier
Deadline,Xxxviest
Deadly,Xxxvii
Pay,Xxxviier
Paying,Xxxviiest
Payment,Xxxviii
Payments,Xxxviiier
Pays,Xxxviiiest
Lemon,Xylem
Bird,Xylems
Birds,Xylene
Target,Xylenes
Targeted,Xylol
Targets,Xylols
Sister,Xylometer
Sisters,Xylometers
Vulnerable,Xylophone
Left,Xylophoned
Hall,Xylophones
Halloween,Xylophoning
Ass,Xylophonist
Assault,Xylophonists
Assembly,Xylose
Assess,Xyloses
Assessment,Xylosma
Asset,Xylosmas
Assets,Zaires
Asshole,Zairian
Assigned,Zakat
Assignment,Zakats
Assist,Zakharovite
Assistance,Zalcitabine
Assistant,Zalcitabines
Assisted,Zaman
Assists,Zamang
Associate,Zamangs
Associated,Zambezi
Associates,Zambia
Association,Zambian
Associations,Zambians
Assume,Zamboni
Assumed,Zamboorak
Assuming,Zambooraks
Assumption,Zamburak
Assure,Zamburaks
Assured,Zamburek
Aspect,Zambureks
Aspects,Zamen
Albums,Zamenhof
Pass,Zamia
Passage,Zamias
Passed,Zamora
Passenger,Zanazziite
Passengers,Zane
Passes,Zanelliite
Passing,Zangboite
Passion,Zanied
Passionate,Zanier
Passive,Zanies
Passport,Zaniest
Password,Zaniness
Past,Zanuck
Pastor,Zany
Always,Zanying
Palace,Zanzibar
Pale,Zap
Palestinian,Zapata
Par,Zapatalite
Parade,Zaporozhye
Paradise,Zapotec
Paragraph,Zappa
Inspection,Zapped
Inspector,Zapper
Inspiration,Zappers
Inspire,Zapping
Inspired,Zappy
Inspiring,Zaps
Oklahoma,Zara
India,Zarathustra
Indian,Zaratite
Indiana,Zarf
Indians,Zarfs
Indicate,Zarves
Indicated,Zavaritskite
Indicates,Zavyalovite
Indicating,Zayin
Indication,Zayins
Indie,Zaykovite
Indigenous,Zeal
Indirect,Zealot
Hack,Zealotries
Phrase,Zealotry
Beijing,Zealots
Being,Zealous
Beings,Zealouslier
Gone,Zealousliest
Gonna,Zealously
King,Zealousness
Kingdom,Zeals
Kings,Zeaxanthin
Nazi,Zeaxanthins
Bed,Zebedee
Say,Zebibit
Saying,Zebibits
Says,Zebibyte
Custody,Tc
Custom,Tchaikovsky
Customer,Tchotchke
Customers,Tchotchkeleh
Customs,Tchotchkelehs
Order,Tchotchkes
Ordered,Isaac
Ordering,Isabel
Orders,Isabela
Ordinary,Isabella
Slip,Isabelle
Dry,Isaiah
Viral,Isanemone
Virgin,Isanemones
Virginia,Isarithm
Virtual,Isarithms
Virtually,Isaw
Virus,Isaws
Thumb,Isbns
Thunder,Iscariot
Thursday,Ischaemia
Thus,Ischaemias
Mall,Ischaemic
Engage,Ischemia
Engaged,Ischemias
Engagement,Ischemic
Engaging,Ischium
Engine,Ischiums
Engineer,Iseite
Engineering,Isentropic
Engineers,Isfahan
Engines,Isherwood
England,Ishiharaite
English,Ishikawaite
Yard,Ishim
Yards,Ishmael
May,Ishtar
Maybe,Isiah
Mayor,Isidro
Mess,Isinglass
Message,Isinglasses
Messages,Iskandarovite
Messed,Islamabad
Met,Islamism
Dvd,Islamist
Tissue,Islamophobia
Exhausted,Islamophobic
Exhibit,Islanded
Exhibition,Islander
Semester,Islanders
Semi,Islanding
Male,Islay
Males,Islays
Toy,Isle
Toys,Isles
Raise,Islet
Raised,Islets
Raises,Ism
Luxury,Ismael
Total,Ismail
Totally,Django
Cited,Djellaba
Cities,Djellabas
Citizen,Djerfisherite
Citizens,Djibouti
Citizenship,Djinn
City,Djinni
Did,Djinnies
Siblings,Djinnis
House,Djinns
Household,Djinny
Households,Djurleite
Houses,Uxor
Housing,Uxorial
Houston,Uxoricide
Nonsense,Uxoricides
Rotation,Uxorious
Zero,Uxoriouslier
Pad,Uxoriousliest
Toxic,Uxoriously
Nominated,Uxoriousness
Nomination,Uxoriousnesses
Cheap,Uxors
Cheaper,Exuberance
Cheat,Exuberances
Cheating,Exuberant
Check,Exuberantly
Checked,Exuberate
Gospel,Exuberated
Top,Exuberates
Topic,Exuberating
Almost,Exudate
Log,Exudated
Logan,Exudates
Logic,Exudating
Logical,Exudation
Sing,Exudations
Singapore,Exude
Singer,Exuded
Singh,Exudes
Singing,Exuding
Single,Exult
Singles,Exultant
Make,Exultantly
Maker,Exultation
Makers,Exultations
Makes,Exulted
Makeup,Exulting
Making,Exultingly
Wrap,Exultings
Wrapped,Exults
Sir,Exurb
Watch,Exurban
Watched,Exurbanite
Watches,Exurbanites
Watching,Exurbia
Water,Exurbias
Pub,Exurbs
Public,Exuviae
Publication,Exuviaes
Publications,Exuvial
Publicity,Exuviate
Trade,Exuviated
Traded,Exuviates
Trades,Exuviating
Trading,Wuhan
Tradition,Wulfenite
Traditional,Wulfenites
Traditionally,Wulffite
Traditions,Wumuite
Emma,Wunderkind
Safe,Wunderkinds
Safely,Wupatkiite
Safer,Wurlitzer
Safety,Wurst
Myth,Wursts
Iowa,Wurtzite
Kelly,Wurtzites
Daily,Wuss
Dairy,Wussed
,Wusses
,Wussier
,Wussies
,Wussiest
,Wussing
,Wussy
,Wuyanzhiite
,Ubangi
,Ubieties
,Ubiety
,Ubiquinone
,Ubiquinones
,Ubiquities
,Ubiquitous
,Ubiquitously
,Ubiquitousness
,Ubiquitousnesses
,Ubiquity
,Ubs
,Ubuntu
,Ayah
,Ayahs
,Ayala
,Ayapana
,Ayapanas
,Ayatollah
,Ayatollahs
,Aye
,Ayers
,Ayes
,Ayin
,Ayins
,Aymara
,Ayrshire
,Ayurveda
,Ayyubid
,Ais
,Aisha
,Aisle
,Aisles
,Osteal
,Osteitis
,Osteitises
,Ostensibilities
,Ostensibility
,Ostensible
,Ostensibly
,Ostensive
,Ostensorium
,Ostensoriums
,Ostentate
,Ostentated
,Ostentates
,Ostentating
,Ostentation
,Ostentations
,Ostentatious
,Ostentatiously
,Ostentatiousness
,Ostentatiousnesses
,Osteoarthritis
,Osteoarthritises
,Osteoblast
,Osteoblastoma
,Osteoblastomas
,Osteoblasts
,Osteochondroma
,Osteochondromas
,Osteoclases
,Osteoclasis
,Osteoclast
,Osteoclasts
,Osteocyte
,Osteocytes
,Osteodystrophies
,Osteodystrophy
,Osteologer
,Osteologers
,Osteologies
,Osteologist
,Osteologists
,Osteology
,Osteolyses
,Osteolysis
,Osteoma
,Osteomalacia
,Osteomalacias
,Osteomas
,Osteomyelitis
,Osteomyelitises
,Osteopath
,Osteopathic
,Osteopathies
,Osteopathist
,Osteopathists
,Osteopaths
,Osteopathy
,Osteopetroses
,Osteopetrosis
,Osteophyte
,Osteophytes
,Osteoporoses
,Osteoporosis
,Osteosarcoma
,Osteosarcomas
,Osteoscleroses
,Osteosclerosis
,Osteostracan
,Osteostracans
,Osteotomies
,Osteotomy
,Ostiaries
,Ostiarius
,Ostiariuses
,Ostiary
,Ostinato
,Ostinatoes
,Ostiole
,Ostioles
,Ostler
,Ostlers
,Ostomies
,Ostomy
,Ostracise
,Ostracised
,Ostracises
,Ostracising
,Ostracism
,Ostracisms
,Ostracize
,Ostracized
,Ostracizes
,Ostracizing
,Ostracod
,Ostracoderm
,Ostracoderms
,Ostracods
,Ostrich
,Ostriches
,Ostrogoth
,Ostwald
,Eryngo
,Eryngoes
,Erysipelas
,Erythema
,Erythemas
,Erythematous
,Erythrina
,Erythrinas
,Erythrite
,Erythrites
,Erythroblast
,Erythroblastoses
,Erythroblastosis
,Erythroblasts
,Erythrocyte
,Erythrocytes
,Erythrocytolysin
,Erythrocytolysins
,Erythroderma
,Erythrodermas
,Lyallpur
,Lycaenid
,Lycaenids
,Lycanthrope
,Lycanthropes
,Lycanthropies
,Lycanthropy
,Lycee
,Lycees
,Lyceum
,Lyceums
,Lychee
,Lychees
,Lychgate
,Lychgates
,Lychnis
,Lychnises
,Lycopene
,Lycopenes
,Lycopod
,Lycopods
,Lycra
,Lycurgus
,Lydia
,Lydian
,Lye
,Lyed
,Lyeing
,Lyell
,Lyes
,Lygaeid
,Lygaeids
,Lyings
,Lyle
,Lyly
,Lyman
,Lymantriid
,Lymantriids
,Lyme
,Lymph
,Lymphadenitis
,Lymphadenitises
,Lymphadenoma
,Lymphadenomas
,Lymphadenopathies
,Lymphadenopathy
,Lymphangiectases
,Lymphangiectasia
,Lymphangiectasias
,Lymphangiectasis
,Lymphangiogram
,Lymphangiograms
,Lymphangiographies
,Lymphangiography
,Lymphangioma
,Lymphangiomas
,Lymphangitis
,Lymphangitises
,Lymphatic
,Lymphatics
,Lymphedema
,Lymphedemas
,Lymphoblast
,Lymphoblasts
,Lymphocyte
,Lymphocytes
,Lymphocytic
,Lymphocytopenia
,Lymphocytopenias
,Lymphocytoses
,Lymphocytosis
,Lymphogranuloma
,Lymphogranulomas
,Lymphographies
,Lymphography
,Lymphoid
,Lymphokine
,Lymphokines
,Lymphoma
,Lymphomas
,Lymphopenia
,Lymphopenias
,Lymphopoieses
,Lymphopoiesis
,Lymphs
,Lymphuria
,Lymphurias
,Lynch
,Lynchburg
,Lynched
,Lyncher
,Lynchers
,Lynches
,Lynching
,Lynchings
,Lynchpin
,Lynchpins
,Lynda
,Lyndon
,Lynette
,Lynn
,Lynne
,Lynnette
,Lynx
,Lynxes
,Lyon
,Lyonnaise
,Lyons
,Lyonsite
,Lyophilisation
,Lyophilisations
,Lyophilise
,Lyophilised
,Lyophilises
,Lyophilising
,Lyophilization
,Lyophilizations
,Lyophilize
,Lyophilized
,Lyophilizes
,Lyophilizing
,Lypressin
,Lypressins
,Lyra
,Lyrate
,Lyre
,Lyrebird
,Lyrebirds
,Lyreflower
,Lyreflowers
,Lyres
,Lyric
,Lyrical
,Lyricalities
,Lyricality
,Lyrically
,Lyriced
,Lyricing
,Lyricism
,Lyricisms
,Lyricist
,Lyricists
,Lyrist
,Lyrists
,Lysenko
,Lyses
,Lysin
,Lysine
,Lysinemia
,Lysinemias
,Lysines
,Lysins
,Lysis
,Lysistrata
,Lysogenic
,Lysogenicities
,Lysogenicity
,Lysogenies
,Lysogenisation
,Lysogenisations
,Lysogenization
,Lysogenizations
,Lysogenize
,Lysogenized
,Lysogenizes
,Lysogenizing
,Lysogeny
,Lysol
,Lysosomal
,Lysosome
,Lysosomes
,Lysozyme
,Lysozymes
,Lyssa
,Lyssas
,Lyssavirus
,Lyssaviruses
,Lyx
,Itaipu
,Italianate
,Italians
,Italic
,Italicise
,Italicised
,Italicises
,Italicising
,Italicization
,Italicize
,Italicized
,Italicizes
,Italicizing
,Italics
,Itasca
,Yacc
,Yacca
,Yaccas
,Yacht
,Yachted
,Yachting
,Yachtings
,Yachts
,Yachtsman
,Yachtsmen
,Yachtspeople
,Yachtsperson
,Yachtswoman
,Yachtswomen
,Yack
,Yacked
,Yacking
,Yacks
,Yada
,Yafsoanite
,Eradicable
,Eradicate
,Eradicated
,Eradicates
,Eradicating
,Eradication
,Eradications
,Eradicator
,Eradicators
,Eras
,Erasable
,Erase
,Erased
,Eraser
,Erasers
,Erases
,Erasing
,Erasmus
,Erasure
,Onsager
,Onscreen
,Onset
,Onsets
,Onsetting
,Onshore
,Onshored
,Onshores
,Onshoring
,Onside
,Onsides
,Onslaught
,Onslaughts
,Onstage
,Ina
,Inabilities
,Inability
,Inaccessibilities
,Inaccessibility
,Inaccessible
,Inaccessibles
,Inaccessibly
,Inaccuracies
,Inaccuracy
,Inaccurate
,Inaccurately
,Inaction
,Inactions
,Inactivate
,Inactivated
,Inactivates
,Inactivating
,Inactivation
,Ses
,Sesame
,Sesames
,Sesamoid
,Sesamoids
,Sesbania
,Sesbanias
,Sesquicentennial
,Sesquicentennials
,Sesquipedalia
,Sesquipedalian
,Sesquipedalians
,Sesquipedalias
,Sesquipedalities
,Sesquipedality
,Sess
,Sessed
,Sesses
,Sessile
,Sessiler
,Sessilest
,Sessing
,Sessioned
,Sessioning
,Sestet
,Sestets
,Esau
,Escadrille
,Escadrilles
,Escalade
,Escaladed
,Escalader
,Escaladers
,Escalades
,Escalading
,Escalate
,Escalated
,Escalates
,Escalating
,Escalation
,Escalations
,Escalator
,Escalators
,Escallop
,Escalloped
,Escalloping
,Eec
,Eeg
,Eegs
,Eek
,Eel
,Eelblennies
,Eelblenny
,Eeled
,Eelgrass
,Eelgrasses
,Eeling
,Eellike
,Eelpout
,Eelpouts
,Eels
,Eelworm
,Eelworms
,Eerie
,Eerier
,Eeriest
,Eerilier
,Eeriliest
,Eerily
,Eeriness
,Eerinesses
,Eery
,Eeyore
,Err
,Errancies
,Errancy
,Errand
,Erranded
,Erranding
,Errands
,Errant
,Errants
,Errata
,Erratas
,Erratic
,Erratically
,Erratics
,Erratum
,Erred
,Errhine
,Errhines
,Erring
,Erringer
,Erringest
,Errings
,Errol
,Erroneous
,Erroneously
,Erroneousness
,Erroneousnesses
,Errorless
,Errs
,Mba
,Mbabane
,Mbas
,Mbini
,Mbobomkulite
,Aol
,Aorist
,Aoristic
,Aorists
,Aorta
,Aortal
,Aortaler
,Aortalest
,Aortas
,Aortic
,Aortitis
,Aortitises
,Aotearoa
,Aoudad
,Aoudads
,Oocyte
,Oocytes
,Oodles
,Oodleses
,Oogeneses
,Oogenesis
,Ooh
,Oohed
,Oohing
,Oohs
,Oologies
,Oology
,Oolong
,Oolongs
,Oomph
,Oomphs
,Oophorectomies
,Oophorectomy
,Oophoritis
,Oophoritises
,Oophorosalpingectomies
,Oophorosalpingectomy
,Oops
,Oort
,Oosphere
,Oospheres
,Oospore
,Oospores
,Oosterboschite
,Ootannite
,Ootid
,Ootids
,Ooze
,Oozed
,Oozes
,Oozier
,Ooziest
,Oozing
,Oozings
,Oozy
,Heshvan
,Hesiod
,Hesitance
,Hesitances
,Hesitancies
,Hesitancy
,Hesitant
,Hesitantly
,Hesitate
,Hesitated
,Hesitater
,Hesitaters
,Hesitates
,Hesitating
,Hesitatingly
,Hesitatings
,Hesitation
,Hesitations
,Hesitator
,Hesitators
,Hesperia
,Hesperus
,Hess
,Hesse
,Hessian
,Hessians
,Hessite
,Hessonite
,Hessonites
,Hester
,Heston
,Ax
,Axe
,Axed
,Axelite
,Axenic
,Axerophthol
,Axerophthols
,Axes
,Axial
,Axiallier
,Axialliest
,Axially
,Axials
,Axil
,Axile
,Axilla
,Axillaries
,Axillary
,Axillas
,Axils
,Axing
,Axinite
,Axiological
,Axiologies
,Axiology
,Axiom
,Axiomatic
,Axiomatical
,Axiomatically
,Axioms
,Axle
,Axles
,Axletree
,Axletrees
,Axolemma
,Axolemmas
,Axolotl
,Axolotls
,Axon
,Axonal
,Axone
,Axones
,Axons
,Axseed
,Axseeds
,Axum
,Cox
,Coxa
,Coxas
,Coxcomb
,Coxcombs
,Coxed
,Coxes
,Coxing
,Coxsackievirus
,Coxsackieviruses
,Coxswain
,Coxswained
,Coxswaining
,Coxswains
,Zibo
,Zidovudine
,Zidovudines
,Ziegfeld
,Ziegler
,Ziesite
,Zig
,Zigadene
,Zigadenes
,Zigged
,Zigging
,Ziggurat
,Ziggurats
,Ziggy
,Zigrasite
,Zigs
,Zigzag
,Zigzagged
,Zigzaggedness
,Zigzaggednesses
,Erode
,Eroded
,Erodeder
,Erodedest
,Erodes
,Erodible
,Eroding
,Erodings
,Erogenous
,Eros
,Erose
,Eroser
,Erosest
,Erosion
,Erosions
,Erosive
,Erosiveness
,Erosivenesses
,Erosiver
,Erosivest
,Erotic
,Erotica
,Erotically
,Eroticas
,Eroticism
,Eroticisms
,Eroticize
,Eroticized
,Eroticizes
,Eroticizing
,Erotics
,Erotism
,Erotisms
,Izaak
,Izanagi
,Izanami
,Izar
,Izars
,Izhevsk
,Izmir
,Izod
,Izoklakeite
,Izvestia
,Izzard
,Izzards
,Ejaculate
,Ejaculated
,Ejaculates
,Ejaculating
,Ejaculation
,Ejaculations
,Ejaculator
,Ejaculators
,Ejaculatory
,Eject
,Ejected
,Ejecting
,Ejection
,Ejections
,Ejective
,Ejectives
,Ejector
,Ejectors
,Ejects
,Akaganeite
,Akaogiite
,Akaryocyte
,Akaryocytes
,Akaryote
,Akaryotes
,Akasakaite
,Akatoreite
,Akbar
,Akdalaite
,Akee
,Akees
,Akhmatova
,Akhtenskite
,Akihito
,Akimbo
,Akimboer
,Akimboest
,Akimotoite
,Akin
,Akiner
,Akineses
,Akinesia
,Akinesias
,Akinesis
,Akinest
,Akita
,Akiva
,Akkad
,Aklimaite
,Akopovaite
,Akrochordite
,Akron
,Aksaite
,Aktashite
,Akvavit
,Akvavits
,Apace
,Apache
,Apaches
,Apachite
,Apadana
,Apadanas
,Apalachicola
,Apanage
,Apanaged
,Apanages
,Apanaging
,Apar
,Apars
,Apartheid
,Apartheids
,Apathetic
,Apathetically
,Svabite
,Svalbard
,Svanbergite
,Sveinbergeite
,Sveite
,Svelte
,Svelter
,Sveltest
,Sven
,Svengali
,Sverdlovsk
,Sverigeite
,Svetlanaite
,Svn
,Svoboda
,Svobodas
,Svornostite
,Svyatoslavite
,Svyazhinite
,Egyptians
,Egyptologist
,Egyptologists
,Egyptology
,Ionate
,Ionated
,Ionates
,Ionating
,Ionesco
,Ionian
,Ionic
,Ionics
,Ionisation
,Ionisations
,Ionise
,Ionised
,Ionises
,Ionising
,Ionization
,Ionizations
,Ionize
,Ionized
,Ionizer
,Ionizers
,Ionizes
,Ionizing
,Ionophoreses
,Ionophoresis
,Ionosphere
,Ionospheres
,Ionospheric
,Ions
,Iontophoreses
,Iontophoresis
,Iontotherapies
,Iontotherapy
,Machatschkiite
,Machete
,Macheted
,Machetes
,Macheting
,Machiavelli
,Machiavellian
,Machicolate
,Machicolated
,Machicolates
,Machicolating
,Machicolation
,Machicolations
,Machiite
,Machilid
,Machilids
,Machinable
,Machinate
,Machinated
,Machinates
,Machinating
,Machination
,Machinations
,Machinator
,Machinators
,Machined
,Machinelike
,Machineries
,Machining
,Machinist
,Machinists
,Machismo
,Machismoes
,Machmeter
,Machmeters
,Macho
,Machoer
,Machoes
,Machoest
,Machos
,Eruct
,Eructation
,Eructations
,Eructed
,Eructing
,Eructs
,Erudite
,Eruditelier
,Eruditeliest
,Eruditely
,Eruditeness
,Eruditenesses
,Erudites
,Erudition
,Eruditions
,Erupt
,Erupted
,Erupting
,Eruption
,Eruptions
,Eruptive
,Eruptives
,Erupts
,Nsa
,Nsc
,Nsf
,Nsutite
,Bhaji
,Bhakti
,Bhaktis
,Bhang
,Bhangs
,Bharat
,Bhopal
,Bhutan
,Bhutanese
,Bhutto
,Ala
,Alabaman
,Alabamian
,Alabamians
,Alabandite
,Alabaster
,Alabasters
,Alabastrine
,Alack
,Alacrities
,Alacritous
,Alacrity
,Aladdin
,Alalia
,Alalias
,Alamo
,Alamogordo
,Alamosite
,Pep
,Peperomia
,Peperomias
,Pepin
,Peplos
,Peplum
,Peplums
,Peplus
,Pepluses
,Pepped
,Peppercorn
,Peppercorns
,Peppered
,Pepperidge
,Pepperidges
,Pepperier
,Pepperiest
,Pepperiness
,Pepperinesses
,Alana
,Alanine
,Alanines
,Alar
,Alarer
,Alarest
,Alaric
,Alarier
,Alariest
,Alarmed
,Alarmeder
,Alarmedest
,Alarming
,Alarminglier
,Alarmingliest
,Alarmingly
,Alarmism
,Alarmisms
,Alarmist
,Alarmists
,Alarms
,Alars
,Alarsite
,Alarum
,Alarumed
,Alaruming
,Alarums
,Alary
,Alas
,Alaser
,Alasest
,Alaskan
,Alaskans
,Alastrim
,Alastrims
,Alate
,Alated
,Alates
,Ada
,Adachiite
,Adactylia
,Adactylias
,Adactylies
,Adactylism
,Adactylisms
,Adactylous
,Adactyly
,Adage
,Adages
,Adagio
,Adagioer
,Adagioest
,Adagios
,Adamance
,Adamances
,Adamant
,Kip
,Kipling
,Kipped
,Kipper
,Kippered
,Kippering
,Kippers
,Kipping
,Kips
,Kipushite
,Kan
,Kana
,Kanaf
,Kanafs
,Kanamycin
,Kanamycins
,Kanatzidisite
,Kanchenjunga
,Kanchil
,Kanchils
,Kandahar
,Kandinsky
,Kane
,Kanemite
,Kaneohe
,Kangaroo
,Kangarooed
,Kangarooing
,Kangaroos
,Kangite
,Kangjinlaite
,Kanji
,Kankakee
,Kannada
,Kannanite
,Kano
,Kanoite
,Kanonaite
,Kanonerovite
,Kanpur
,Kansan
,Kansans
,Kant
,Kantian
,Kantorite
,Kanzu
,Kanzus
,Umangite
,Umbel
,Umbellar
,Umbellate
,Umbellifer
,Umbelliferous
,Umbellifers
,Umbelliform
,Umbels
,Umber
,Umbered
,Umbering
,Umbers
,Umbilical
,Umbilicals
,Umbilicate
,Umbilici
,Umbilicus
,Umbilicuses
,Umbite
,Umbo
,Umboes
,Umbozerite
,Umbra
,Umbrage
,Umbraged
,Umbrageous
,Umbrages
,Umbraging
,Umbras
,Umbrella
,Umbrellaed
,Umbrellaing
,Umbrellalike
,Umbrellas
,Umbrellawort
,Umbrellaworts
,Umbrianite
,Umbriel
,Umiak
,Umiaks
,Umlaut
,Umlauts
,Umohoite
,Ump
,Umped
,Umping
,Umpirage
,Umpirages
,Umpire
,Umpired
,Umpires
,Umpiring
,Umps
,Umpteen
,Umpteenth
,Umptieth
,Umteen
,Umteener
,Umteenest
,Umteenth
,Umteenther
,Umteenthest
,Aria
,Ariadne
,Arianism
,Arias
,Arid
,Aridities
,Aridity
,Aridly
,Aridness
,Aridnesses
,Ariegilatite
,Ariel
,Aries
,Arietta
,Ariettas
,Aright
,Arighter
,Arightest
,Aril
,Ariled
,Arileder
,Ariledest
,Arillate
,Arils
,Ariose
,Arioser
,Ariosest
,Arioso
,Ariosoes
,Ariosos
,Ariosto
,Arise
,Arisen
,Arises
,Arishth
,Arishths
,Arising
,Arisite
,Arista
,Aristarainite
,Aristarchus
,Aristas
,Aristides
,Aristocracies
,Aristocracy
,Aristocrat
,Aristocratic
,Aristocratical
,Aristocratically
,Aristocratism
,Aristocratisms
,Aristocrats
,Aristophanes
,Aristotelian
,Aristotle
,Arithmancies
,Arithmancy
,Arithmetic
,Arithmetical
,Arithmetically
,Arithmetician
,Arithmeticians
,Arithmetics
,Arities
,Arity
,Arius
,Arizonan
,Arizonans
,Arizonian
,Ing
,Inga
,Ingas
,Ingathering
,Ingatherings
,Inge
,Ingeminate
,Ingeminated
,Ingeminates
,Ingeminating
,Ingenious
,Ingeniously
,Ingeniousness
,Ingeniousnesses
,Ingenue
,Ingenues
,Ingenuities
,Ingenuity
,Ingenuous
,Ingenuously
,Usabilities
,Usability
,Usable
,Usableness
,Usablenesses
,Usaf
,Usages
,Usance
,Usances
,Ingenuousness
,Ingenuousnesses
,Ingersonite
,Ingest
,Ingesta
,Ingestas
,Ingested
,Ingesting
,Ingestion
,Ingestions
,Ingests
,Inglenook
,Inglenooks
,Inglewood
,Inglorious
,Ingloriously
,Ingodite
,Ingot
,Ingoted
,Ingoting
,Ingots
,Ingraft
,Ingrafted
,Ingrafting
,Ingrafts
,Ingrain
,Ingrained
,Ingraining
,Ingrainings
,Ingrains
,Ingram
,Ingrate
,Ingrates
,Ingratiate
,Ingratiated
,Ingratiates
,Ingratiating
,Ingratiatingly
,Ingratiation
,Ingratiations
,Ingratiatory
,Ingratitude
,Ingratitudes
,Ingredient
,Ingres
,Ingress
,Ingressed
,Ingresses
,Ingressing
,Ingressive
,Ingressives
,Ingrid
,Ingroup
,Ingrouped
,Ingrouping
,Ingroups
,Ingrowing
,Ingrown
,Ingrowth
,Ingrowths
,Inguen
,Inguens
,Inguinal
,Ingurgitate
,Ingurgitated
,Ingurgitates
,Ingurgitating
,Ila
,Ilama
,Ilamas
,Ilea
,Ileitis
,Ileitises
,Ilene
,Ileostomies
,Ileostomy
,Iler
,Ilesite
,Ilest
,Ileum
,Ileums
,Ileus
,Ileuses
,Ilia
,Iliac
,Iliad
,Ilinskite
,Kladnoite
,Klajite
,Klan
,Klansman
,Klaprothite
,Klaus
,Klavern
,Klaverns
,Klaxon
,Klaxoned
,Klaxoning
,Klaxons
,Klebelsbergite
,Kleberite
,Klebsiella
,Klebsiellas
,Klee
,Kleemanite
,Kleenex
,Klein
,Raided
,Raider
,Raiders
,Raiding
,Raidings
,Raids
,Railbird
,Railbirds
,Railcar
,Railcard
,Railcards
,Railcars
,Railed
,Railhead
,Railheads
,Railing
,Railings
,Railleries
,Antarctic
,Antarctica
,Antarcticite
,Antares
,Hyacinth
,Hyacinths
,Hyades
,Hyaena
,Hyaenas
,Hyalin
,Hyaline
,Hyalines
,Hyalinisation
,Hyalinisations
,Hyalinization
,Hyalinizations
,Hyalins
,Hyaloid
,Hyaloids
,Hyaloplasm
,Hyaloplasmic
,Hyaloplasms
,Hyalotekite
,Hyaluronidase
,Hyaluronidases
,Hyblerite
,Hybridisation
,Hybridisations
,Hybridise
,Hybridised
,Hybridises
,Hybridising
,Hybridism
,Hybridization
,Hybridizations
,Hybridize
,Hybridized
,Hybridizes
,Hybridizing
,Hybridizings
,Hybridoma
,Hybridomas
,Hybrids
,Gybe
,Gybed
,Gybes
,Gybing
,Gymed
,Gymel
,Gymels
,Gyming
,Gymkhana
,Gymkhanas
,Gymnasium
,Gymnasiums
,Gymnast
,Gymnastic
,Gymnastically
,Gymnastics
,Gymnasts
,Gymnosophical
,Gymnosophies
,Ousel
,Ousels
,Oust
,Ousted
,Ouster
,Oustered
,Oustering
,Ousters
,Ousting
,Oustings
,Ousts
,Istanbul
,Isthmian
,Isthmians
,Isthmus
,Isthmuses
,Elyite
,Elyria
,Elysee
,Elysian
,Elysium
,Elytron
,Elytrons
,Ode
,Odell
,Oder
,Odes
,Odessa
,Odets
,Isms
,Essayed
,Essayer
,Essayers
,Essaying
,Essayist
,Essayists
,Essen
,Essences
,Essene
,Esseneite
,Essentialities
,Essentiality
,Essentialness
,Essentialnesses
,Essentials
,Essequibo
,Essex
,Essie
,Essonite
,Essonites
,Rya
,Ryabchikovite
,Ryas
,Rydberg
,Rydbergs
,Ryder
,Rye
,Ryegrass
,Ryegrasses
,Ryes
,Rynersonite
,Ryukyu
,Astaire
,Astana
,Astarte
,Astasia
,Astasias
,Astatic
,Astatine
,Astatines
,Aster
,Astereognoses
,Astereognosis
,Asteriated
,Asterion
,Asterions
,Asterisk
,Asterisked
,Asterisking
,Asterisks
,Asterism
,Asterismal
,Atelectases
,Atelectasis
,Ateleioses
,Ateleiosis
,Ateleiotic
,Atelestite
,Atelier
,Ateliers
,Atelioses
,Ateliosis
,Atelisite
,Atencioite
,Atenolol
,Atenolols
,Ops
,Opsin
,Opsins
,Opsonin
,Opsonins
,Opsonisation
,Opsonisations
,Opsonization
,Opsonizations
,Opsonize
,Opsonized
,Opsonizes
,Opsonizing
,Ptah
,Ptarmigan
,Ptarmigans
,Ptas
,Pteridological
,Pteridologies
,Pteridologist
,Pteridologists
,Pteridology
,Pteridophyte
,Pteridophytes
,Pteridosperm
,Pteridosperms
,Pterion
,Pterions
,Pterodactyl
,Pterodactyls
,Pteropogon
,Pteropogons
,Pterosaur
,Pterosaurs
,Pterygium
,Pterygiums
,Pto
,Ptolemaic
,Ptolemy
,Ptomain
,Ptomaine
,Ptomaines
,Ptomains
,Ptos
,Ptoses
,Ptosis
,Ptyalin
,Ptyalins
,Ptyalise
,Ptyalised
,Ptyalises
,Ptyalising
,Ptyalism
,Ptyalisms
,Ptyalith
,Ptyaliths
,Ptyalize
,Ptyalized
,Ptyalizes
,Ptyalizing
,Aecial
,Aeciospore
,Aeciospores
,Aecium
,Aeciums
,Aegean
,Aegir
,Aegirine
,Aegirs
,Aegis
,Aegises
,Aelfric
,Aeneas
,Aeneid
,Aenigmatite
,Aeolotropic
,Aeolus
,Aeon
,Aeonian
,Aeons
,Aepyornis
,Aerate
,Aerated
,Aerates
,Aerating
,Aeration
,Aerations
,Aerator
,Aerators
,Aerial
,Aerialist
,Aerialists
,Aerially
,Aerials
,Aerides
,Aerideses
,Aerie
,Aerier
,Aeries
,Aeriest
,Aeriferous
,Aerified
,Aerifies
,Aeriform
,Aerify
,Aerifying
,Aerinite
,Aerobatic
,Aerobatics
,Aerobe
,Aerobes
,Aerobic
,Aerobically
,Aerobics
,Aerobioses
,Aerobiosis
,Aerobiotic
,Aerodontalgia
,Aerodontalgias
,Aerodrome
,Aqua
,Aquacultural
,Aquaculture
,Aquacultures
,Aquafresh
,Aqualite
,Aqualung
,Aqualunged
,Aqualunging
,Aqualungs
,Aquamarine
,Aquamarines
,Aquanaut
,Aquanauts
,Aquaphobia
,Aquaphobias
,Aquaphobic
,Aquaphobicer
,Aquaphobicest
,Aquaphobics
,Aquaplane
,Aquaplaned
,Aquaplanes
,Aquaplaning
,Aquarian
,Aquarium
,Aquariums
,Aquarius
,Aquas
,Aquatic
,Aquatically
,Aquatics
,Aquatint
,Aquatinted
,Aquatinting
,Aquatints
,Aquavit
,Aquavits
,Aqueduct
,Aqueducts
,Aqueous
,Aqueouser
,Aqueousest
,Aquicultural
,Aquiculture
,Aquicultures
,Aquifer
,Aquiferous
,Aquifers
,Aquila
,Aquilege
,Aquileges
,Aquilegia
,Aquilegias
,Aquiline
,Aquinas
,Aquino
,Aquitaine
,Awacs
,Awaier
,Awaiest
,Await
,Awaited
,Awaiteder
,Awaitedest
,Awaiting
,Awaits
,Awaken
,Awakened
,Awakening
,Awakenings
,Awakens
,Awaker
,Awakes
,Awakest
,Awaking
,Awardee
,Awardees
,Awarding
,Awardings
,Awarenesses
,Awarer
,Awarest
,Awaruite
,Awash
,Awasher
,Awashest
,Awayness
,Awaynesses
,Awe
,Awearier
,Aweariest
,Aweary
,Awed
,Aweder
,Awedest
,Aweigh
,Aweless
,Awes
,Awesomely
,Awesomeness
,Awestricken
,Awestrickener
,Awestrickenest
,Awestruck
,Awfuller
,Awfullest
,Awfullier
,Awfulliest
,Awfully
,Awfulness
,Awfulnesses
,Awheel
,Awheeler
,Awheelest
,Awhile
,Awhiler
,Awhilest
,Awing
,Awkwarder
,Awkwardest
,Awkwardlier
,Awkwardliest
,Awkwardly
,Awkwardness
,Awkwardnesses
,Awkwards
,Awl
,Awless
,Awls
,Awlwort
,Awlworts
,Awn
,Awned
,Awneder
,Awnedest
,Awnier
,Awniest
,Awning
,Awninged
,Awningeder
,Awningedest
,Awnings
,Awnless
,Awns
,Awny
,Awoke
,Awoken
,Awol
,Awols
,Awrier
,Awriest
,Awry
,Aws
,Auberge
,Auberges
,Aubergine
,Aubergines
,Aubertite
,Aubrey
,Auburn
,Auckland
,Auctioned
,Auctioneer
,Auctioneered
,Auctioneering
,Auctioneers
,Auctioning
,Auctions
,Auctorial
,Audacious
,Audaciously
,Audaciousness
,Audaciousnesses
,Audacities
,Audacity
,Audad
,Audads
,Auden
,Audhd
,Audi
,Audibilities
,Audibility
,Audible
,Audibled
,Audibleness
,Audiblenesses
,Audibles
,Audiblier
,Audibliest
,Audibling
,Audibly
,Audile
,Audiler
,Audiles
,Audilest
,Audiocassette
,Audiocassettes
,Audiogram
,Audiograms
,Audiological
,Audiologies
,Audiologist
,Audiologists
,Audiology
,Audiometer
,Audiometers
,Audiometric
,Audiometries
,Audiometry
,Audion
,Audiophile
,Audiophiles
,Audios
,Audiotape
,Audiotaped
,Audiotapes
,Audiotaping
,Audiovisual
,Audiovisuals
,Auditable
,Audited
,Auditing
,Audition
,Auditioned
,Auditioning
,Auditions
,Auditive
,Auditor
,Auditories
,Auditorium
,Auditoriums
,Auditors
,Auditory
,Audits
,Audra
,Audrey
,Audubon
,Auerbakhite
,Augean
,Augelite
,Augend
,Augends
,Auger
,Augered
,Augering
,Augers
,Aught
,Aughted
,Afar
,Afc
,Afeard
,Afearder
,Afeardest
,Afeared
,Afeareder
,Afearedest
,Afebrile
,Affabilities
,Affability
,Affable
,Affableness
,Affablenesses
,Affablier
,Affabliest
,Affably
,Affaire
,Affaires
,Affectation
,Affectations
,Affectedlier
,Affectedliest
,Affectedly
,Affectedness
,Affectednesses
,Affecteds
,Affectingly
,Affection
,Affectional
,Affectionate
,Affectionated
,Affectionately
,Affectionateness
,Affectionatenesses
,Affectionates
,Affectionating
,Affectioned
,Affectioning
,Affections
,Affective
,Affenpinscher
,Affenpinschers
,Afferent
,Afferents
,Affiance
,Affianced
,Affiances
,Affiancing
,Affiant
,Affiants
,Affidavit
,Affidavits
,Affiliate
,Affiliated
,Affiliates
,Affiliating
,Affiliation
,Affiliations
,Affinal
,Affine
,Affined
,Affines
,Affining
,Affinities
,Affinity
,Affirm
,Affirmable
,Affirmation
,Affirmations
,Affirmative
,Affirmatively
,Affirmativeness
,Affirmativenesses
,Affirmatives
,Affirmatory
,Affirmed
,Affirmer
,Affirmers
,Affirming
,Affirms
,Affix
,Affixal
,Affixation
,Affixations
,Affixed
,Affixes
,Affixial
,Affixing
,Afflatus
,Afflatuses
,Afflict
,Afflicted
,Afflicting
,Agaite
,Agakhanovite
,Agal
,Agalactia
,Agalactias
,Agalactoses
,Agalactosis
,Agals
,Agama
,Agamas
,Agamemnon
,Agamete
,Agametes
,Agamic
,Agamid
,Agamids
,Agammaglobulinemia
,Agammaglobulinemias
,Agamogeneses
,Agamogenesis
,Agamogenetic
,Agamous
,Agana
,Agapanthus
,Agapanthuses
,Agape
,Agaper
,Agapes
,Agapest
,Agar
,Agardite
,Agaric
,Agarics
,Agars
,Agassi
,Agassiz
,Agate
,Agates
,Agateware
,Agatewares
,Agatha
,Agave
,Agaves
,Agaze
,Agazer
,Agazest
,Ageder
,Agedest
,Agedness
,Agednesses
,Ageds
,Ageing
,Ageings
,Ageism
,Ageisms
,Ageist
,Ageists
,Ageless
,Agelessly
,Agelessness
,Agelessnesses
,Agelong
,Agendas
,Agendum
,Ageneses
,Agenesia
,Agenesias
,Agenesis
,Agential
,Agerasia
,Agerasias
,Ageratum
,Ageratums
,Aggie
,Agglomerate
,Agglomerated
,Agglomerates
,Agglomerating
,Agglomeration
,Agglomerations
,Agglomerative
,Agglomerator
,Agglomerators
,Agglutinate
,Agglutinated
,Agglutinates
,Agglutinating
,Agglutination
,Agglutinations
,Agglutinative
,Gd
,Gdansk
,Gdps
,Kraal
,Kraaled
,Kraaling
,Kraals
,Kraft
,Krafts
,Kraisslite
,Krait
,Kraits
,Krakatoa
,Krakow
,Kramer
,Krasheninnikovite
,Krasnodar
,Krasnoshteinite
,Krasnovite
,Krasnoyarsk
,Krauroses
,Kraurosis
,Krausite
,Veal
,Veals
,Veatchite
,Veau
,Veaus
,Veblen
,Veblenite
,Vector
,Vectored
,Vectoring
,Vectors
,Veda
,Vedalia
,Vedalias
,Vedanta
,Vedas
,Veejay
,Veejays
,Veenite
,Veep
,Eocene
,Eohippus
,Eohippuses
,Eolian
,Eolith
,Eolithic
,Eoliths
,Eolotropic
,Eon
,Eonian
,Eonni
,Eonnis
,Eons
,Eoraptor
,Eoraptors
,Eosin
,Eosinopenia
,Eosinopenias
,Eosinophil
,Eosinophile
,Peradventure
,Peradventures
,Perambulate
,Perambulated
,Perambulates
,Perambulating
,Perambulation
,Perambulations
,Perambulator
,Perambulators
,Percale
,Percales
,Perceivable
,Perceive
,Perceiver
,Perceivers
,Perceives
,Perceiving
,Aryan
,Aryans
,Arytaenoid
,Arytaenoids
,Arytenoid
,Arytenoids
,Sj
,Sjaelland
,Iqaluit
,Iqbal
,Iqs
,Iquiqueite
,Iquitos
,Ahriman
,Dhak
,Dhaka
,Dhaks
,Dhal
,Dhals
,Dharma
,Dhaulagiri
,Dhava
,Dhavas
,Dhawa
,Dhawas
,Ichneumon
,Ichneumons
,Ichnusaite
,Ichor
,Ichorous
,Ichors
,Ichthyolatries
,Ichthyolatry
,Ichthyologies
,Ichthyologist
,Ichthyologists
,Ichthyology
,Ichthyosaur
,Ichthyosaurs
,Ichthyosaurus
,Ichthyosauruses
,Ichthyoses
,Ichthyosis
,Ichthyostega
,Ichthyostegas
,Oes
,Oesophagitis
,Oesophagitises
,Oesophagoscope
,Oesophagoscopes
,Oesophagus
,Oesophaguses
,Oestradiol
,Oestradiols
,Oestriol
,Oestriols
,Oestrogen
,Oestrogens
,Oestrone
,Oestrones
,Oestrus
,Oestruses
,Tsaregorodtsevite
,Tschernichite
,Tschaunerite
,Tschermakite
,Tschermigite
,Tsikourasite
,Tsiolkovsky
,Tsumgallite
,Tsygankoite
,Tsangpoite
,Tshatshkes
,Tsilaisite
,Tsnigriite
,Tsongkhapa
,Tsugaruite
,Tsumcorite
,Tsaristic
,Tsaritsas
,Tshatshke
,Tsimshian
,Naldrettite
,Nalipoite
,Nalivkinite
,Nalorphine
,Nalorphines
,Naloxone
,Naloxones
,Naltrexone
,Naltrexones
,Tzeferisite
,Tzarinas
,Tzarists
,Tzatziki
,Tzarina
,Tzarist
,Tzetzes
,Tzetze
,Tzars
,Tzar
,Ola
,Olaf
,Olajuwon
,Olas
,Olav
,Olden
,Oldenburg
,Oldener
,Oldenest
,Olderer
,Olderest
,Oldfield
,Oldhamite
,Oldie
,Oldies
,Oldish
,Oldline
,Oldness
,Oldnesses
,Olds
,Oldsite
,Oldsmobile
,Oldster
,Oldsters
,Oldtimer
,Oldtimers
,Olduvai
,Oldwench
,Oldwenches
,Oldwife
,Oldwives
,Ole
,Oleaceous
,Oleaceouser
,Oleaceousest
,Oleaginous
,Oleaginousness
,Oleaginousnesses
,Oleander
,Oleanders
,Oleaster
,Oleasters
,Olecranon
,Olecranons
,Olefin
,Olefine
,Olefines
,Olefins
,Olein
,Oleins
,Olekminskite
,Olen
,Olenek
,Olenite
,Oleo
,Oleographies
,Oleography
,Oleomargarine
,Oleomargarines
,Oleophilic
,Oleophobic
,Oleoresin
,Oleoresins
,Oleos
,Olfaction
,Olfactions
,Olfactive
,Olfactologies
,Olfactology
,Olfactories
,Olfactory
,Olga
,Olgafrankite
,Olgite
,Olibanum
,Olibanums
,Oligarch
,Oligarches
,Oligarchic
,Oligarchical
,Oligarchies
,Oligarchs
,Oligarchy
,Oligo
,Oligocene
,Oligochaete
,Oligochaetes
,Oligoclase
,Oligoclases
,Oligodactylies
,Oligodactyly
,Oligodendria
,Oligodendrias
,Oligodendrocyte
,Oligodendrocytes
,Oligodendroglia
,Oligodendroglias
,Oligodontia
,Oligodontias
,Oligoes
,Oligomenorrhea
,Oligomenorrheas
,Oligonucleotide
,Oligonucleotides
,Oligopolies
,Oligopoly
,Oligos
,Oligosaccharide
,Oligosaccharides
,Oligospermia
,Oligospermias
,Oliguria
,Oligurias
,Olin
,Olivelike
,Olivenite
,Olivenites
,Olives
,Olivest
,Olivetti
,Olivia
,Olivier
,Olivine
,Olivines
,Olkhonskite
,Olla
,Ollas
,Ollie
,Olm
,Olmec
,Olmiite
,Olms
,Olmsteadite
,Olmsted
,Ologies
,Ology
,Olsacherite
,Olsen
,Olsenite
,Olshanskyite
,Olson
,Olympia
,Olympiad
,Olympiads
,Olympian
,Olympians
,Olympite
,Olympus
,Dholes
,Dhotis
,Dhole
,Dhoti
,Dhows
,Dhow
,Asea
,Aseaer
,Aseaest
,Asepses
,Asepsis
,Aseptic
,Aseptically
,Aser
,Asest
,Asexual
,Asexualities
,Asexuality
,Asexually
,Asexuals
,Oystercatchers
,Oystercatcher
,Oysterfishes
,Oysterfish
,Oystering
,Oystered
,Oysters
,Oyster
,Esperanzaite
,Espadrilles
,Espaliering
,Espadrille
,Espaliered
,Espionages
,Esplanades
,Espressoes
,Espadaite
,Espaliers
,Esparcets
,Esperanto
,Esperanza
,Espionage
,Esplanade
,Espousals
,Espousing
,Espressos
,Espalier
,Tympanoplasties
,Typographically
,Tyrannosauruses
,Tympanoplasty
,Typifications
,Typographical
,Tyrannosaurus
,Tympaniteses
,Tympanitises
,Typewritings
,Typicalities
,Typification
,Typographers
,Typographies
,Tyrannically
,Tyrannicidal
,Tyrannicides
,Tyrannosaurs
,Tyrosinemias
,Tyrothricins
,Ekanite
,Ekaterinite
,Ekatite
,Eke
,Ekebergite
,Eked
,Ekes
,Ekg
,Ekgs
,Eking
,Ekplexite
,Yob
,Yobbo
,Yobboes
,Yobbos
,Yobibit
,Yobibits
,Yobibyte
,Yobibytes
,Yobo
,Yoboes
,Yobos
,Yobs
,Yoda
,Yodel
,Yodeled
,Yodeler
,Yodelers
,Yodeling
,Yodelings
,Yodelled
,Yodeller
,Yodellers
,Yodelling
,Yodels
,Yoderite
,Yodh
,Yodhs
,Yofortierite
,Yogas
,Yoghourt
,Yoghourts
,Yoghurt
,Yoghurts
,Yogi
,Yogic
,Yogied
,Yogis
,Yogistic
,Yogurt
,Yogurts
,Yokai
,Yokais
,Yoke
,Yoked
,Yokel
,Yokelish
,Yokels
,Yokes
,Yoking
,Yoknapatawpha
,Yoko
,Yokohama
,Yolanda
,Yolk
,Yolked
,Yolks
,Yon
,Yonder
,Yonders
,Yong
,Yonkers
,Yonks
,Yore
,Yores
,Yorkie
,Yorktown
,Yoruba
,Yosemite
,Yoshimuraite
,Yoshiokaite
,Yossarian
,Yottabit
,Yottabits
,Yottabyte
,Yottabytes
,Yottaflop
,Yottaflops
,Youngers
,Youngish
,Youngness
,Youngnesses
,Youngs
,Youngster
,Youngsters
,Youngstown
,Younker
,Younkers
,Yourselves
,Youthful
,Youthfully
,Youthfulness
,Youthfulnesses
,Youths
,Youtubed
,Youtuber
,Youtubers
,Youtubes
,Youtubing
,Yow
,Yowl
,Yowled
,Yowling
,Yowls
,Glyceraldehyde
,Glyceraldehydes
,Glyceride
,Glycerides
,Glycerin
,Glycerine
,Glycerines
,Glycerins
,Glycerite
,Glycerites
,Glycerogel
,Glycerogelatin
,Glycerogelatins
,Glycerogels
,Glycerol
,Glycerole
,Glyceroles
,Glycerolise
,Glycerolised
,Glycerolises
,Glycerolising
,Glycerolize
,Glycerolized
,Glycerolizes
,Glycerolizing
,Glycerols
,Glyceryl
,Glyceryls
,Glycine
,Glycines
,Glycogen
,Glycogeneses
,Glycogenesis
,Glycogenic
,Glycogens
,Glycol
,Glycols
,Glycolyses
,Glycolysis
,Glycoprotein
,Glycoproteins
,Glycoside
,Glycosides
,Glycosuria
,Glycosurias
,Yancowinnaite
,Yang
,Yanged
,Yanging
,Yangite
,Yangon
,Yangs
,Yangtze
,Yangzhumingite
,Yank
,Yanked
,Yankee
,Yankees
,Yanker
,Yankers
,Yanking
,Yanks
,Yanomamite
,Yanquapin
,Yanquapins
,Neal
,Nealite
,Neandertal
,Neandertals
,Neanderthal
,Neanderthals
,Neap
,Neaped
,Neaping
,Neapolitan
,Neaps
,Nearbier
,Nearbiest
,Neared
,Nearer
,Nearing
,Nearlier
,Nee
,Neededer
,Neededest
,Needer
,Needers
,Needful
,Needfullier
,Needfulliest
,Needfully
,Needfuls
,Needier
,Needies
,Neediest
,Neediness
,Needinesses
,Needle
,Needlebush
,Needlebushes
,Needlecraft
,Needlecrafts
,Needled
,Needleder
,Needledest
,Needlefish
,Needlelike
,Needleman
,Needlemen
,Needlepoint
,Needlepoints
,Needles
,Needless
,Needlesslier
,Needlessliest
,Needlessly
,Needlessness
,Needlewoman
,Needlewomen
,Needlewood
,Needlewoods
,Needlework
,Needleworker
,Needleworkers
,Needleworks
,Needling
,Needy
,Neem
,Neems
,Neencephalon
,Neencephalons
,Neer
,Neest
,Kyanite
,Kyanites
,Kyanoxalite
,Kyat
,Kyats
,Kyawthuite
,Kyiv
,Kylie
,Kylies
,Kylix
,Kylixes
,Kymograph
,Kymographs
,Kyoto
,Kyphoses
,Kyphosis
,Kyphotic
,Kyrgyzstan
,Kyrgyzstanite
,Kyushu
,Kyzylkumite
,Ameba
,Ameban
,Amebaner
,Amebanest
,Amebas
,Amebiases
,Amebiasis
,Amebic
,Amebicer
,Amebicest
,Amebioses
,Amebiosis
,Ameboid
,Ameboider
,Ameboidest
,Amebous
,Ameer
,Ameers
,Ameghinite
,Amelia
,Ceased
,Ceasefire
,Ceasefires
,Ceaseless
,Ceaselesslier
,Ceaselessliest
,Ceaselessly
,Ceaselessness
,Ceaselessnesses
,Ceases
,Ceasing
,Ceausescu
,Cebaite
,Cebollite
,Cebu
,Cebuano
,Ceca
,Cecal
,Cecaler
,Cecalest
,Cecelia
,Cecil
,Cecile
,Cecilia
,Cecily
,Cecities
,Cecity
,Cecropia
,Cecropias
,Cecum
,Cecums
,Cedar
,Cedarbird
,Cedarbirds
,Cedarn
,Cedars
,Cedarwood
,Cedarwoods
,Cede
,Terabit
,Terabits
,Terabyte
,Terabytes
,Teraflop
,Teraflops
,Terahertz
,Terahertzes
,Terajoule
,Terajoules
,Terapixel
,Terapixels
,Teras
,Teratogen
,Teratogeneses
,Teratogenesis
,Teratogenic
,Teratogenics
,Teratogens
,Teratologies
,Gleam
,Gleamed
,Gleaming
,Gleamings
,Gleams
,Glean
,Gleaned
,Gleaner
,Gleaners
,Gleaning
,Gleanings
,Gleans
,Gleason
,Gleba
,Glebas
,Glebe
,Glebes
,Glecklerite
,Glee
,Gleed
,Llama
,Llamas
,Llano
,Llanoes
,Llanos
,Llantenesite
,Llb
,Llbs
,Lld
,Llewellyn
,Llm
,Llms
,Amableite
,Amadavat
,Amadavats
,Amadeus
,Amado
,Amah
,Amahs
,Amain
,Amakinite
,Amalgam
,Amalgamate
,Amalgamated
,Amalgamates
,Amalgamating
,Amalgamation
,Amalgamations
,Amalgamative
,Amalgamator
,Amalgamators
,Amalgams
,Amalia
,Amamoorite
,Amanuenses
,Amanuensis
,Amaranth
,Amaranthine
,Amaranths
,Amarantite
,Amarelle
,Amarelles
,Amaretto
,Amarettoes
,Amarillite
,Amarillo
,Amaru
,Amaryllis
,Amaryllises
,Amass
,Amassed
,Amasses
,Amassing
,Amastia
,Amastias
,Amaterasu
,Amaterasuite
,Amateurish
,Amateurishly
,Amateurishness
,Amateurishnesses
,Amateurism
,Amateurisms
,Amateurs
,Amati
,Amative
,Amativeness
,Amativenesses
,Amatory
,Amatungulu
,Amatungulus
,Amauroses
,Amaurosis
,Amaurotic
,Amaze
,Amazed
,Amazeder
,Amazedest
,Amazement
,Amazements
,Amazes
,Amazinglier
,Amazingliest
,Amazingly
,Amazonian
,Amazons
,Ard
,Ardabil
,Ardaite
,Ardealite
,Ardeb
,Ardebs
,Arden
,Ardennite
,Ardent
,Ardentlier
,Ardentliest
,Ardently
,Ardor
,Ardors
,Ardour
,Ardours
,Ards
,Arduino
,Arduous
,Arduously
,Arduousness
,Arduousnesses
,Lessed
,Lessee
,Lessees
,Lessen
,Lessened
,Lessening
,Lessenings
,Lessens
,Lesseps
,Lessers
,Lesses
,Lessest
,Lessie
,Lessing
,Lessoned
,Lessoning
,Lessor
,Lessors
,Teddies
,Teddy
,Tedhadleyite
,Tedious
,Tediously
,Tediousness
,Tediousnesses
,Tedium
,Tediums
,Teds
,Idaho
,Idahoan
,Idahoans
,Idaite
,Idealer
,Idealest
,Idealisation
,Idealisations
,Idealise
,Idealised
,Idealises
,Idealising
,Idealism
,Idealisms
,Idealist
,Idealistic
,Idealistically
,Idealists
,Omaha
,Oman
,Omani
,Omanis
,Omar
,Omariniite
,Omasum
,Omasums
,Omayyad
,Omb
,Ombu
,Ombudsman
,Ombudsmen
,Ombudspeople
,Ombudsperson
,Ombudswoman
,Ombudswomen
,Ombus
,Omdurman
,Omega
,Omegas
,Omeiite
,Omelet
,Omelets
,Omelette
,Omelettes
,Omen
,Omened
,Omening
,Omens
,Omentum
,Omentums
,Omeprazole
,Omeprazoles
,Omerta
,Omertas
,Omicron
,Omicrons
,Ominelite
,Ominous
,Skiagram
,Skiagrams
,Skiagraph
,Skiagraphed
,Skiagraphies
,Skiagraphing
,Skiagraphs
,Skiagraphy
,Skibob
,Skibobs
,Skid
,Skidded
,Skidder
,Skidders
,Skidding
,Skidpan
,Skidpans
,Skids
,Skied
,Ale
,Aleatorier
,Aleatoriest
,Aleatory
,Alec
,Alecost
,Alecosts
,Alee
,Aleer
,Aleest
,Alehoof
,Alehoofs
,Alehouse
,Alehouses
,Aleichem
,Alejandra
,Alejandro
,Aleksandrovite
,Aleksite
,Alembert
,Alembic
,Alembics
,Alendronate
,Alendronates
,Aleph
,Alephs
,Aleppo
,Alerted
,Alerting
,Alertings
,Alertlier
,Alertliest
,Alertly
,Alertness
,Alertnesses
,Alerts
,Ales
,Aleurone
,Aleurones
,Aleuronic
,Aleut
,Aleutian
,Aleutians
,Aleutite
,Alewife
,Alewives
,Alexanders
,Alexandra
,Alexandria
,Alexandrian
,Alexandrite
,Alexandrites
,Alexearlite
,Alexei
,Alexia
,Alexias
,Alexic
,Steradian
,Steradians
,Stercobilinogen
,Stercobilinogens
,Stercolith
,Stercoliths
,Stercorite
,Sterculia
,Sterculias
,Stereo
,Stereochromies
,Stereochromy
,Stereoisomer
,Stereoisomers
,Stereophonic
,Stereophonies
,Stereophony
,Stereophotographies
,Stereophotography
,Stereos
,Stereoscope
,Stereoscopes
,Stereoscopic
,Stereoscopies
,Stereoscopy
,Stereotype
,Stereotyped
,Stereotypes
,Stereotypic
,Stereotypical
,Stereotypically
,Stereotyping
,Stergiouite
,Sterile
,Sterileness
,Sterilenesses
,Sterilisation
,Sterilisations
,Sterilise
,Sterilised
,Steriliser
,Sterilisers
,Sterilises
,Sterilising
,Sterilities
,Sterility
,Sterilization
,Sterilizations
,Sterilize
,Sterilized
,Sterilizer
,Sterilizers
,Sterilizes
,Sterilizing
,Sterlinghillite
,Sterlings
,Stern
,Sternal
,Sternaler
,Entablature
,Entablatures
,Entail
,Entailed
,Entailing
,Entailment
,Entailments
,Entails
,Entangle
,Entangled
,Entanglement
,Entanglements
,Entangles
,Entangling
,Entases
,Entasis
,Entelechies
,Entelechy
,Entellus
,Entelluses
,Pedagog
,Pedagoged
,Pedagogic
,Pedagogical
,Pedagogically
,Pedagogics
,Pedagogies
,Pedagoging
,Pedagogs
,Pedagogue
,Pedagogued
,Pedagogues
,Pedagoguing
,Pedagogy
,Pedal
,Pedaled
,Pedaler
,Pedalers
,Pedaling
,Pedalled
,Tes
,Teschemacherite
,Tesla
,Teslas
,Tess
,Tessa
,Tessella
,Tessellas
,Tessellate
,Tessellated
,Tessellates
,Tessellating
,Tessellation
,Tessellations
,Tessera
,Tesseract
,Tesseracts
,Tesseras
,Tessie
,Testa
,Testable
,Testacean
,Testaceans
,Testaceous
,Testamentary
,Testaments
,Testas
,Testate
,Testates
,Testator
,Testators
,Testatrices
,Testatrix
,Testatrixes
,Testcross
,Testcrosses
,Testeder
,Tooeleite
,Tooer
,Tooest
,Toolbar
,Toolbars
,Toolbox
,Toolboxes
,Tooled
,Toolhouse
,Toolhouses
,Tooling
,Toolkit
,Toolmaker
,Toolmakers
,Toolshed
,Toolsheds
,Toon
,Toons
,Tooshie
,Tooshies
,Toot
,Tooted
,Tooter
,Tooters
,Toothache
,Toothaches
,Toothbrush
,Toothbrushed
,Toothbrushes
,Toothbrushing
,Toothed
,Tootheder
,Toothedest
,Toothier
,Toothiest
,Toothily
,Toothless
,Toothlessness
,Toothlessnesses
,Toothlike
,Toothpaste
,Toothpastes
,Toothpick
,Toothpicked
,Toothpicking
,Toothpicks
,Toothpowder
,Toothpowders
,Toothsome
,Toothsomeness
,Toothsomenesses
,Toothwort
,Toothworts
,Toothy
,Tooting
,Tootle
,Tootled
,Tootles
,Tootling
,Toots
,Tootsie
,Tootsies
,Eosinophiles
,Eosinophilia
,Eosinophilias
,Eosinophilic
,Eosinophils
,Eosins
,Eosphorite
,Reebok
,Reecho
,Reechoed
,Reechoes
,Reechoing
,Reechos
,Reedbird
,Reedbirds
,Reeded
,Reederite
,Reedier
,Reediest
,Reediness
,Reeding
,Reedit
,Reedited
,Reediting
,Reedits
,Reedlike
,Ox
,Oxacillin
,Oxacillins
,Oxalacetate
,Oxalacetates
,Oxalate
,Oxalates
,Oxalic
,Oxalis
,Oxalises
,Oxaloacetate
,Oxaloacetates
,Oxammite
,Oxaprozin
,Oxaprozins
,Oxazepam
,Oxazepams
,Oxblood
,Oxbow
,Oxbows
,Reedmace
,Reedmaces
,Reedmergnerite
,Reeds
,Reeducate
,Reeducated
,Reeducates
,Reeducating
,Reeducation
,Reedy
,Reef
,Reefed
,Reefer
,Reefers
,Reefier
,Reefiest
,Reefing
,Reefs
,Reefy
,Reek
,Yeaer
,Yeaest
,Yeager
,Yeaher
,Yeahest
,Yeahs
,Yearbook
,Yearbooks
,Yearlier
,Yearlies
,Yearliest
,Yearling
,Yearlings
,Yearlong
,Yearly
,Yearn
,Yearned
,Yearner
,Yearners
,Yearning
,Yearninglier
,Yearningliest
,Yearningly
,Yearnings
,Yearns
,Yeas
,Yeast
,Yeastier
,Yeastiest
,Yeastlike
,Yeasts
,Yeasty
,Yeatmanite
,Yeats
,Yecoraite
,Yedlinite
,Urceolate
,Urceole
,Urceoles
,Urchin
,Urchins
,Ontarian
,Ontarians
,Ontogeneses
,Ontogenesis
,Ontogenetic
,Ontogenies
,Ontogeny
,Ontological
,Ontologies
,Ontology
,Eichmann
,Eider
,Eiderdown
,Eiderdowns
,Eiders
,Eidetic
,Eidos
,Eifelite
,Eiffel
,Eigenvalue
,Eigenvalues
,Eigenvector
,Eigenvectors
,Eighteen
,Eighteens
,Eighteenth
,Eighteenths
,Eighter
,Eighters
,Eightest
,Eightfold
,Eighthed
,Eighther
,Eighthest
,Eighthing
,Eighths
,Eightier
,Eighties
,Eightieses
,Eightiest
,Eightieth
,Eightieths
,Eightpence
,Eightpences
,Eightpennier
,Eightpenniest
,Eightpenny
,Eights
,Eightsome
,Eightsomes
,Eightvo
,Eightvoes
,Eighty
,Eileen
,Eimeria
,Eimerias
,Einstein
,Einsteinium
,Einsteiniums
,Eire
,Eirikite
,Eisegeses
,Eisegesis
,Eisenhower
,Eisenstein
,Eisner
,Eisteddfod
,Eisteddfods
,Enormities
,Enormity
,Enormouslier
,Enormousliest
,Enormously
,Enormousness
,Enormousnesses
,Reich
,Reichenbachite
,Reid
,Reidite
,Reification
,Reifications
,Reified
,Reifies
,Reify
,Reifying
,Reigned
,Reigning
,Reignite
,Reignited
,Reignites
,Reigniting
,Reigns
,Reilly
,Reimagine
,Reimagined
,Reimagines
,Reimagining
,Reimbursable
,Reimburse
,Reimbursed
,Reimbursement
,Reimbursements
,Reimburses
,Reimbursing
,Reimpose
,Reimposed
,Reimposes
,Reimposing
,Reimposition
,Reimpositions
,Rein
,Reinaldo
,Reincarnate
,Reincarnated
,Ezcurrite
,Ezed
,Ezeds
,Ezekiel
,Ezochiite
,Ezra
,Eztlite
,Zubenelgenubi
,Zubeneschamali
,Zubkovaite
,Zucchini
,Zucchinis
,Zugshunstite
,Zukor
,Zuktamrurite
,Zulu
,Zululand
,Zulus
,Zumbooruck
,Zumboorucks
,Zumbooruk
,Zumbooruks
,Zuni
,Zunyite
,Zuolinite
,Zurich
,Zussmanite
,Zhanghengite
,Zhanghuifenite
,Zhangpeishanite
,Zharchikhite
,Zhdanov
,Zhejiang
,Zhemchuzhnikovite
,Zhengminghuaite
,Zhengzhou
,Zhenruite
,Zheshengite
,Zhiqinite
,Zhivago
,Zhonghongite
,Zhukov
,Zoanthropies
,Zoanthropy
,Zoarium
,Zoariums
,Zodacite
,Zodiac
,Zodiacal
,Zodiacs
,Zoe
,Zoftig
,Zoftiger
,Zoftigest
,Zoharite
,Zoic
,Zoisite
,Zola
,Zolenskyite
,Zollverein
,Zoloft
,Zolotarevite
,Zydeco
,Zydecoes
,Zygodactyl
,Zygodactyls
,Zygoma
,Zygomas
,Zygomatic
,Zygomatics
,Zygomorphic
,Zygomorphous
,Zygospore
,Zygospores
,Zygote
,Zygotene
,Zygotenes
,Zygotes
,Zygotic
,Zymase
,Zymases
,Zymogen
,Zymogens
,Zymoid
,Zymologies
,Zymology
,Zymolyses
,Zymolysis
,Zymolytic
,Zymoses
,Zymosis
,Zymotic
,Zymurgies
,Zymurgy
,Zyrtec
,Zyuganov
,Auxeses
,Auxesis
,Auxetic
,Auxetics
,Auxiliaries
,Auxiliary
,Auxin
,Auxinic
,Auxins
,Rasalgethi
,Rasalhague
,Rascal
,Rascalities
,Rascality
,Rascallier
,Rascalliest
,Rascally
,Rascals
,Rase
,Rased
,Rases
,Rash
,Rashed
,Rasher
,Rashered
,Rashering
,Rashers
,Rashes
,Rashest
,Rashing
,Rashlier
,Rashliest
,Rashly
,Rashness
,Rashnesses
,Rasing
,Raslakite
,Rasmussen
,Rasmussenite
,Rasp
,Raspberried
,Raspberries
,Raspberry
,Raspberrying
,Rasped
,Raspier
,Raspiest
,Raspiness
,Raspinesses
,Rasping
,Raspinglier
,Raspingliest
,Raspingly
,Raspings
,Raspite
,Rasps
,Rasputin
,Raspy
,Rassling
,Rasslings
,Rasta
,Rastaban
,Rastafarian
,Rastafarianism
,Rastafarians
,Raster
,Rastered
,Rastering
,Rasterize
,Rasterized
,Rasterizes
,Rasterizing
,Rasters
,Rastsvetaevite
,Rasvumite
,Roridula
,Roridulas
,Rorisite
,Rorqual
,Rorquals
,Rorschach
,Rory
,Gerald
,Geraldine
,Geranium
,Geraniums
,Gerard
,Gerardia
,Gerardias
,Gerardo
,Gerasimovskite
,Gerber
,Gerbil
,Gerbille
,Gerbilled
,Gerbilles
,Gerbilling
,Gerbils
,Gerdtremmelite
,Gere
,Gerenite
,Gerenuk
,Gerenuks
,Gerfalcon
,Gerfalcons
,Gerhardtite
,Geriatric
,Geriatrician
,Geriatricians
,Geriatrics
,Geritol
,Germ
,Germander
,Germanders
,Germane
,Germaneness
,Germanenesses
,Germanes
,Germanic
,Germanite
,Germanites
,Germanium
,Germaniums
,Germanocolusite
,Germed
,Germfree
,Germicidal
,Germicide
,Germicides
,Germier
,Germiest
,Germinal
,Germinals
,Germinate
,Germinated
,Germinates
,Germinating
,Germination
,Germinations
,Germing
,Germs
,Germy
,Geronimo
,Gerontocracies
,Gerontocracy
,Gerontological
,Gerontologies
,Gerontologist
,Gerontologists
,Gerontology
,Gerry
,Gerrymander
,Gerrymandered
,Gerrymandering
,Gerrymanders
,Gersdorffite
,Gershwin
,Gerstleyite
,Gerstmannite
,Gertrude
,Gerund
,Gerundial
,Gerunds
,Issac
,Issachar
,Isselite
,Issuance
,Issuances
,Issuer
,Issuers
,Issuing
,Issuings
,Ornament
,Ornamental
,Ornamentalism
,Ornamentalisms
,Ornamentalist
,Ornamentalists
,Ornamentally
,Ornamentals
,Ornamentation
,Ornamentations
,Ornamented
,Ornamenting
,Ornaments
,Ornate
,Ornated
,Ornatelier
,Ornateliest
,Ornately
,Ornateness
,Ornatenesses
,Ornates
,Ornating
,Ornerier
,Orneriest
,Orneriness
,Ornerinesses
,Ornery
,Ornithine
,Ornithines
,Ornithischian
,Ornithischians
,Ornithological
,Ornithologies
,Ornithologist
,Ornithologists
,Ornithology
,Ornithomimid
,Ornithomimids
,Ornithopod
,Ornithopods
,Ornithopter
,Ornithopters
,Ornithoses
,Ornithosis
,Dizen
,Dizened
,Dizening
,Dizens
,Dizygotic
,Dizygous
,Dizzied
,Dizzier
,Dizzies
,Dizziest
,Dizzilier
,Dizziliest
,Dizzily
,Dizziness
,Dizzinesses
,Dizzy
,Dizzying
,Dizzyingly
,Nora
,Norad
,Noradrenaline
,Noradrenalines
,Norbergite
,Norbert
,Norberto
,Nordgauite
,Nordic
,Nordics
,Nordite
,Nordstrandite
,Noreaster
,Noreasters
,Noreen
,Norepinephrine
,Norepinephrines
,Norethandrolone
,Norethandrolones
,Norethindrone
,Norethindrones
,Norethynodrel
,Norethynodrels
,Norfolk
,Norgestrel
,Norgestrels
,Nori
,Noria
,Norias
,Noriega
,Norilskite
,Noris
,Norm
,Norma
,Normalcies
,Normalcy
,Normalisation
,Normalisations
,Normalise
,Normalised
,Normaliser
,Normalisers
,Normalises
,Normalising
,Normalities
,Normality
,Normalization
,Normalizations
,Normalize
,Normalized
,Normalizer
,Normalizers
,Normalizes
,Normalizing
,Normallier
,Normalliest
,Normals
,Biachellaite
,Biagioniite
,Bialies
,Bialy
,Bialystok
,Bialystoker
,Bialystokers
,Bianca
,Bianchiniite
,Bianchite
,Biannual
,Biannually
,Biannuals
,Biased
,Biaseder
,Biasedest
,Biases
,Biasing
,Biathlon
,Numina
,Numinous
,Numismatic
,Numismatics
,Numismatist
,Numismatists
,Numismatologies
,Numismatologist
,Numismatologists
,Numismatology
,Fuchs
,Fuchsia
,Fuchsias
,Fuchunite
,Fuckeder
,Fuckedest
,Fucker
,Fuckers
,Fuckhead
,Fuckheads
,Fuckhole
,Fuckholes
,Fuckings
,Fucks
,Fuckup
,Fuckups
,Fucoid
,Fucoids
,Fucus
,Fucuses
,Fuddle
,Fuddled
,Fuddleder
,Fuddledest
,Fuddles
,Fuddling
,Fudge
,Fudged
,Fudges
,Fudging
,Fuds
,Fuehrer
,Fuehrers
,Fueled
,Fueleder
,Fueledest
,Fueling
,Fuelings
,Fuelled
,Fuelleder
,Fuelledest
,Fuelling
,Fuellings
,Fuels
,Fuentes
,Fuenzalidaite
,Fuettererite
,Fug
,Fugacious
,Fugaciousness
,Fugaciousnesses
,Fugacities
,Fugacity
,Fugal
,Fugallier
,Fugalliest
,Scab
,Scabbard
,Scabbarded
,Scabbarding
,Scabbards
,Scabbed
,Scabbier
,Scabbiest
,Scabbiness
,Scabbing
,Scabby
,Scabicide
,Scabicides
,Scabies
,Scabieses
,Scabiosa
,Scabiosas
,Scabious
,Scabiouses
,Scablands
,Scabrous
,Scabs
,Scacchite
,Scad
,Scads
,Scaffold
,Scaffolded
,Scaffolding
,Scaffoldings
,Scaffolds
,Scag
,Scagged
,Scagging
,Scags
,Scainiite
,Scala
,Scalabilities
,Scalability
,Scalable
,Scalage
,Scalages
,Scalar
,Scalars
,Scalawag
,Scalawags
,Scald
,Scalded
,Scalding
,Scalds
,Scaled
,Scaleless
,Scalelike
,Scalene
,Scalenes
,Scalenus
,Scalenuses
,Scaler
,Scalers
,Scales
,Scaley
,Scaleys
,Scalic
,Scalier
,Scaliest
,Scaliness
,Scalinesses
,Scaling
,Scalings
,Scallion
,Scallions
,Scallop
,Scalloped
,Scallopine
,Scallopines
,Scalloping
,Scallopini
,Scallopinis
,Scallops
,Scallywag
,Scallywags
,Scalp
,Scalped
,Scalpel
,Scalpels
,Scalper
,Scalpers
,Scalping
,Scalps
,Scaly
,Scam
,Scammed
,Scammer
,Scammers
,Scamming
,Scammonies
,Scammony
,Scammonyroot
,Scammonyroots
,Scamp
,Chabasite
,Chabasites
,Chabazite
,Chabazites
,Chablis
,Chachalaca
,Chachalacas
,Chachka
,Chachkas
,Chacma
,Chacmas
,Chad
,Chadar
,Chadars
,Chaddar
,Chaddars
,Chadian
,Chadians
,Chadlock
,Chadlocks
,Chador
,Chadors
,Chads
,Chadwick
,Chadwickite
,Chaenactis
,Chaeta
,Chaetal
,Chaetaler
,Chaetalest
,Chaetas
,Chaetodon
,Chaetodons
,Chaetognath
,Chaetognathan
,Chaetognathous
,Chaetognaths
,Chafe
,Chafed
,Chafeder
,Chafedest
,Chafes
,Chafeweed
,Chafeweeds
,Chaff
,Chaffed
,Chaffer
,Chaffered
,Chaffering
,Chaffers
,Chaffier
,Chaffiest
,Chaffinch
,Chaffinches
,Chaffing
,Chafflike
,Chaffs
,Chaffweed
,Chaffweeds
,Chaffy
,Nowackiite
,Nowadayser
,Nowadaysest
,Noway
,Noways
,Nower
,Nowest
,Nowherer
,Nowheres
,Nowherest
,Nowise
,Nowness
,Nownesses
,Nows
,Nowt
,Iconoclasm
,Iconoclasms
,Iconoclast
,Iconoclastic
,Iconoclasts
,Iconographies
,Iconography
,Iconolatries
,Iconolatry
,Iconologies
,Iconology
,Iconoscope
,Iconoscopes
,Icons
,Icosahedral
,Icosahedrite
,Icosahedron
,Icosahedrons
,Saab
,Saamite
,Saar
,Saarinen
,Saatchi
,Sabatierite
,Sabaton
,Sabatons
,Sabayon
,Sabayons
,Sabbat
,Sabbath
,Sabbaths
,Sabbatia
,Sabbatias
,Sabbatic
,Sabbatical
,Sabbaticals
,Sabbats
,Sabelliite
,Iamb
,Iambic
,Iambics
,Iambs
,Iambus
,Iambuses
,Oxidant
,Oxidants
,Oxidase
,Oxidases
,Oxidate
,Oxidated
,Oxidates
,Oxidating
,Oxidation
,Oxidations
,Oxidative
,Oxide
,Oxides
,Oxidisation
,Oxidisations
,Oxidise
,Oxidised
,Oxidiser
,Oxidisers
,Oxidises
,Oxidising
,Oxidizable
,Oxidization
,Oxidizations
,Oxidize
,Oxidized
,Oxidizer
,Oxidizers
,Oxidizes
,Oxidizing
,Oxidoreductase
,Oxidoreductases
,Oxidoreduction
,Oxidoreductions
,Oxime
,Oximes
,Oximeter
,Oximeters
,Yid
,Yiddish
,Yids
,Yielded
,Yielder
,Yielders
,Yielding
,Yieldingly
,Yieldings
,Yields
,Yikes
,Yimengite
,Yin
,Yingjiangite
,Yins
,Yip
,Yipe
,Yipped
,Yippee
,Yipping
,Yips
,Yixunite
,Nyala
,Nyalas
,Nyasa
,Nybble
,Nybbles
,Nybergite
,Nyctalopia
,Nyctalopias
,Nyctophobia
,Nyctophobias
,Nycturia
,Nycturias
,Nyerere
,Nyerereite
,Nyholmite
,Nylghai
,Nylghais
,Nylghau
,Nylghaus
,Nylon
,Nylons
,Nymph
,Nymphalid
,Nymphalids
,Nymphet
,Nymphets
,Nympho
,Nymphoed
,Nymphoes
,Nymphoing
,Nympholepsies
,Nympholepsy
,Nympholept
,Nympholepts
,Nymphomania
,Nymphomaniac
,Nymphomaniacal
,Nymphomaniacs
,Nymphomanias
,Nymphos
,Nymphs
,Nyquil
,Nyse
,Nystagmus
,Nystagmuses
,Nystatin
,Nystatins
,Elm
,Elma
,Elmer
,Elmira
,Elmo
,Elms
,Elmwood
,Elmwoods
,Sybarite
,Sybarites
,Sybaritic
,Sybil
,Sycamore
,Sycamores
,Syconium
,Syconiums
,Sycophancies
,Sycophancy
,Sycophant
,Sycophanted
,Sycophantic
,Sycophanting
,Sycophants
,Sykes
,Syllabaries
,Syllabary
,Syllabic
,Syllabically
,Syllabicate
,Syllabicated
,Syllabicates
,Syllabicating
,Syllabication
,Syllabications
,Syllabicities
,Syllabicity
,Syllabics
,Syllabification
,Syllabifications
,Syllabified
,Syllabifies
,Syllabify
,Syllabifying
,Syllabise
,Syllabised
,Syllabises
,Syllabising
,Fielded
,Fielder
,Fielders
,Fieldfare
,Fieldfares
,Fieldhand
,Fieldhands
,Fielding
,Fieldings
,Fieldmice
,Fieldmouse
,Fieldsman
,Fieldsmen
,Fieldstone
,Fieldstones
,Fieldswoman
,Fieldswomen
,Fieldwork
,Fieldworker
,Fieldworkers
,Fieldworks
,Oaken
,Oakener
,Oakenest
,Oakland
,Oakley
,Oaks
,Oakum
,Oakums
,Kina
,Kinaestheses
,Kinaesthesia
,Kinaesthesias
,Kinaesthesis
,Kinaesthetic
,Kinaesthetically
,Kinanesthesia
,Kinanesthesias
,Kinas
,Kinase
,Kinases
,Emaciate
,Emaciated
,Emaciates
,Emaciating
,Emaciation
,Emaciations
,Emacs
,Emailed
,Emailing
,Emanate
,Emanated
,Emanates
,Emanating
,Emanation
,Emanations
,Emancipate
,Emancipated
,Emancipates
,Emancipating
,Emancipation
,Emancipationist
,Emancipationists
,Emancipations
,Emancipative
,Emancipator
,Emancipators
,Emanuel
,Emarginate
,Emarginated
,Emarginates
,Emarginating
,Emasculate
,Emasculated
,Emasculates
,Emasculating
,Emasculation
,Emasculations
,Embalm
,Embalmed
,Embalmer
,Embalmers
,Embalming
,Embalmment
,Embalmments
,Embalms
,Embank
,Embanked
,Embanking
,Embankment
,Embankments
,Embanks
,Embargo
,Embargoed
,Embargoes
,Embargoing
,Embargos
,Embark
,Embarkation
,Eased
,Easeder
,Easedest
,Easel
,Easels
,Easement
,Easements
,Eases
,Deckchair
,Deckchairs
,Decked
,Decker
,Deckers
,Deckhand
,Deckhanded
,Deckhanding
,Deckhands
,Decking
,Deckle
,Deckled
,Deckleder
,Deckledest
,Deckles
,Decks
,Trabeate
,Trabeated
,Trabecula
,Trabecular
,Trabeculas
,Trabeculate
,Trabecule
,Trabzonite
,Traceability
,Traceable
,Traced
,Tracer
,Traceries
,Tracers
,Tracery
,Traces
,Tracey
,Trachea
,Tracheae
,Tracheal
,Trachealer
,Trachealest
,Tracheas
,Tracheid
,Tracheids
,Tracheitis
,Tracheitises
,Tracheobronchitis
,Tracheobronchitises
,Tracheophyte
,Tracheophytes
,Tracheostomies
,Tracheostomy
,Tracheotomies
,Tracheotomy
,Trachodon
,Trachodons
,Trachodont
,Trachodonts
,Wink
,Winked
,Winker
,Winkers
,Winking
,Winkings
,Winkle
,Winkled
,Winkles
,Winkling
,Winks
,Soak
,Soakage
,Soakages
,Soaked
,Soakeder
,Soakedest
,Soaker
,Soakers
,Soaking
,Soakings
,Soaks
,Soapberries
,Soapberry
,Soapbox
,Soapboxed
,Soapboxes
,Soapboxing
,Soaped
,Clickable
,Clickbait
,Clicked
,Clicker
,Clickers
,Clicking
,Clicks
,Takeaway
,Takeaways
,Takedaite
,Takedown
,Takedowns
,Takener
,Takenest
,Takeoff
,Takeoffs
,Takeout
,Takeouter
,Takeoutest
,Takeouts
,Takeover
,Takeovers
,Taker
,Takers
,Goa
,Goad
,Goaded
,Goadeder
,Goadedest
,Goading
,Goadings
,Goads
,Goaled
,Goalie
,Goalied
,Goalieing
,Goalies
,Goaling
,Goalkeeper
,Goalkeepers
,Goalkeeping
,Goalless
,Goalmouth
,Goalmouths
,Goalpost
,Goalposts
,Goalscorer
,Goalscorers
,Goaltender
,Goaltenders
,Goaltending
,Goated
,Goatee
,Goateed
,Goatees
,Goatfish
,Goatherd
,Goatherds
,Goating
,Goats
,Thackeray
,Thad
,Thaddeus
,Thadeuite
,Thais
,Thalamencephalon
,Thalamencephalons
,Thalami
,Thalamocortical
,Thalamus
,Thalamuses
,Thalassaemia
,Thalassaemias
,Thalassemia
,Thalassemias
,Thalassic
,Thalcusite
,Vesalius
,Vesica
,Vesical
,Vesicant
,Vesicants
,Vesicas
,Vesicate
,Vesicated
,Vesicates
,Vesicating
,Vesication
,Vesications
,Vesicatories
,Vesicatory
,Vesicle
,Vesicles
,Vesicopapule
,Vesicopapules
,Vesicular
,Vesiculate
,Slab
,Slabbed
,Slabber
,Slabbered
,Slabbering
,Slabbers
,Slabbing
,Slabs
,Slack
,Slacked
,Slacken
,Slackened
,Slackening
,Slackenings
,Slackens
,Slacker
,Slackers
,Slackest
,Slacking
,Slackings
,Slacklier
,Slackliest
,Slackline
,Slacklined
,Slacklines
,Slacklining
,Slackly
,Slackness
,Slacknesses
,Slacks
,Slackware
,Slag
,Slagged
,Slagging
,Slagheap
,Slagheaps
,Slags
,Slain
,Slainer
,Slainest
,Ines
,Inescapable
,Inescapably
,Inesite
,Inessential
,Inessentialities
,Inessentiality
,Inessentials
,Inest
,Inestimable
,Inestimably
,Deuce
,Deuced
,Deuceder
,Deucedest
,Deucedlier
,Deucedliest
,Deucedly
,Deuces
,Deuteranopia
,Deuteranopias
,Deuteranopic
,Deuterium
,Deuteriums
,Deuteron
,Deuteronomy
,Deuterons
,Deutzia
,Deutzias
,Ghana
,Ghanaian
,Ghanaians
,Gharries
,Gharry
,Ghastlier
,Ghastliest
,Ghastliness
,Ghastlinesses
,Ghastly
,Ghat
,Ghats
,Ghatti
,Ghattis
,Ghazvanid
,Ghee
,Ghees
,Ghent
,Gherkin
,Gherkins
,Ghetto
,Ghettoed
,Ghettoes
,Ghettoing
,Ghettoise
,Ghettoised
,Ghettoises
,Ghettoising
,Ghettoize
,Ghettoized
,Ghettoizes
,Ghettoizing
,Ghettos
,Ghiaraite
,Ghibelline
,Ghillie
,Ghillied
,Ghillies
,Ghillying
,Szenicsite
,Szilagyiite
,Szilard
,Szklaryite
,Szmikite
,Szomolnokite
,Szymborska
,Snack
,Snacked
,Snacker
,Snackers
,Snacking
,Snacks
,Yuan
,Yuanfuliite
,Yuanjiangite
,Yuans
,Yucatan
,Yucca
,Yuccas
,Yuchuanite
,Yuck
,Yuckier
,Yuckiest
,Yucky
,Yuga
,Yugas
,Yugawaralite
,Yugoslav
,Yugoslavia
,Yugoslavian
,Yugoslavians
,Yuk
,Yukked
,Yukking
,Yukky
,Yukon
,Yukonite
,Yuks
,Yuksporite
,Yule
,Yules
,Yuletide
,Yuletides
,Yum
,Yuma
,Yummier
,Yummies
,Yummiest
,Yummy
,Yunhaoite
,Yunnan
,Yuppie
,Yuppies
,Yuppified
,Yuppifies
,Yuppify
,Yuppifying
,Yups
,Yurgensonite
,Yuri
,Yurmarinite
,Yurt
,Yurts
,Yus
,Yuses
,Yushkinite
,Yusupovite
,Yuzuxiangite
,Utahan
,Utahite
,Utahn
,Utahns
,Utahraptor
,Utahraptors
,Ute
,Utensil
,Utensils
,Uteri
,Uterine
,Uterines
,Uterus
,Uteruses
,Utica
,Utile
,Utiler
,Utiles
,Utilest
,Utilisation
,Utilisations
,Utilise
,Utilised
,Utiliser
,Utilisers
,Utilises
,Utilising
,Utilitarian
,Utilitarianism
,Utilitarianisms
,Utilitarians
,Utilitier
,Utilities
,Utilitiest
,Utilizable
,Utilization
,Utilizations
,Utilize
,Utilized
,Utilizer
,Utilizers
,Utilizes
,Utilizing
,Utmost
,Utmosts
,Utopia
,Utopian
,Utopians
,Utopias
,Utrecht
,Utricle
,Utricles
,Utriculus
,Utriculuses
,Utrillo
,Uts
,Utter
,Utterable
,Gab
,Gabapentin
,Gabapentins
,Gabardine
,Gabardines
,Gabbed
,Gabbier
,Gabbiest
,Gabbiness
,Gabbing
,Gabble
,Gabbled
,Gabbles
,Gabbling
,Gabbro
,Gabbroes
,Gabby
,Gaberdine
,Gaberdines
,Gabfest
,Gabfests
,Gable
,Gabled
,Gables
,Gabon
,Gabonese
,Gaborone
,Gabriel
,Gabriela
,Gabrielite
,Gabrielle
,Gabrielsonite
,Gabs
,Gachingite
,Gacrux
,Gad
,Gadabout
,Gadabouts
,Gadded
,Gadder
,Intolerable
,Intolerably
,Intolerance
,Intolerances
,Intolerant
,Intolerantly
,Intolerants
,Intonate
,Intonated
,Intonates
,Intonating
,Intonation
,Intonations
,Intone
,Intoned
,Intoner
,Intoners
,Intones
,Intoning
,Intook
,Intoxicant
,Intoxicants
,Intoxicate
,Intoxicated
,Intoxicates
,Intoxicating
,Intoxication
,Intoxications
,Tab
,Tabard
,Tabards
,Tabasco
,Tabascoes
,Tabatha
,Tabbed
,Tabbied
,Tabbier
,Tabbies
,Tabbiest
,Tabbing
,Tabbouleh
,Tabboulehs
,Tabby
,Tabbying
,Tabernacle
,Tabernacled
,Tabernacles
,Tabernacling
,Tabes
,Tabeses
,Tabi
,Tabis
,Tabitha
,Tabla
,Tablas
,Tablature
,Tablatures
,Tableau
,Tableaus
,Tableaux
,Tablecloth
,Tablecloths
,Tabled
,Tablefork
,Tableforks
,Tableland
,Tablelands
,Ern
,Erna
,Erne
,Erned
,Ernes
,Ernest
,Ernestine
,Ernesto
,Ernie
,Ernienickelite
,Erniggliite
,Erning
,Erns
,Ernst
,Ernstburkeite
,Ernstite
,Seabag
,Seabags
,Seabed
,Seabeds
,Seabird
,Seabirds
,Seaboard
,Seaboards
,Seaborg
,Seaborgite
,Seaborgium
,Seaborgiums
,Seaborne
,Seaborner
,Seabornest
,Seacoast
,Seacoasts
,Seafarer
,Seafarers
,Ana
,Anabaptist
,Anabatic
,Anabel
,Anabioses
,Anabiosis
,Anabiotic
,Anabiotics
,Anabolic
,Anabolics
,Anabolism
,Anabolisms
,Anachronic
,Anachronism
,Anachronisms
,Anachronistic
,Anachronistically
,Anachronous
,Anacin
,Doable
,Doabler
,Doables
,Doablest
,Dobbed
,Dobbin
,Dobbing
,Dobbins
,Doberman
,Dobermans
,Dobra
,Dobras
,Dobro
,Dobrovolskyite
,Dobs
,Dobson
,Dobsonflies
,Dobsonfly
,Dobsons
,Kea
,Keas
,Keaton
,Keats
,Kebab
,Kebabbed
,Kebabbing
,Kebabs
,Keck
,Keckite
,Kedgeree
,Kedgerees
,Keel
,Keelboat
,Keelboats
,Keeled
,Keeleder
,Keeledest
,Keelhaul
,Keelhauled
,Irk
,Irked
,Irking
,Irks
,Irksome
,Irksomely
,Irksomeness
,Irkutsk
,Ledge
,Ledged
,Ledgeman
,Ledgemen
,Ledger
,Ledgered
,Ledgering
,Ledgers
,Ledges
,Ledgewoman
,Ledgewomen
,Ectases
,Ectasia
,Ectasias
,Ectasis
,Ectoblast
,Ectoblasts
,Ectoderm
,Ectodermal
,Ectodermic
,Ectoderms
,Ectomorph
,Ectomorphic
,Ectomorphies
,Ectomorphs
,Ectomorphy
,Ectoparasite
,Ectoparasites
,Ectopia
,Ectopias
,Ectopic
,Ectopics
,Ectoplasm
,Ectoplasms
,Ectoproct
,Ectoprocts
,Ectotherm
,Ectothermic
,Ectotherms
,Ectozoa
,Ectozoan
,Ectozoans
,Ectozoon
,Ectrodactylies
,Ectrodactyly
,Hans
,Hansblockite
,Hansel
,Hansen
,Hansesmarkite
,Hansom
,Hansoms
,Hanson
,Hanswilkeite
,Ehrenberg
,Ehrigite
,Ehrleite
,Ehrlich
,Kissable
,Kissed
,Kisser
,Kissers
,Kisses
,Kissimmee
,Kissing
,Kissinger
,Kissings
,Kissoff
,Kissoffs
,Kissogram
,Kissograms
,Eden
,Edenharterite
,Edenite
,Edental
,Edentals
,Edentate
,Edentates
,Edentulate
,Edentulous
,Bras
,Brash
,Brashed
,Brasher
,Brashes
,Brashest
,Brashing
,Brashlier
,Brashliest
,Brashly
,Brashness
,Brashnesses
,Brasier
,Brasiers
,Brasilia
,Brassard
,Brassards
,Brassavola
,Brassavolas
,Brassbound
,Brassed
,Brasserie
,Brasseries
,Brasses
,Brassie
,Brassier
,Brassiere
,Brassieres
,Brassies
,Brassiest
,Brassily
,Brassiness
,Brassing
,Brassite
,Brasslike
,Brassy
,Ianbruceite
,Ianfu
,Ianfus
,Iangreyite
,Ianthinite
,Jab
,Jabbed
,Jabber
,Jabbered
,Jabberer
,Jabberers
,Jabbering
,Jabberings
,Jabbers
,Jabberwockies
,Jabberwocky
,Jabbing
,Jabbings
,Jabiru
,Jabirus
,Jaboncillo
,Jaboncilloes
,Jabot
,Jaboticaba
,Jaboticabas
,Jabots
,Jabs
,Jacamar
,Jacamars
,Jacaranda
,Jacarandas
,Jacinth
,Jacinths
,Jackal
,Jackalled
,Jackalling
,Jackalope
,Jackalopes
,Jackals
,Jackanapes
,Jackanapeses
,Jackass
,Jackassed
,Jackasses
,Jackassing
,Jackboot
,Jackbooted
,Jackbooting
,Jackboots
,Jackdaw
,Jackdaws
,Jacked
,Jacketed
,Jacketing
,Jackets
,Jackfruit
,Jackfruits
,Jackhammer
,Jackhammered
,Jackhammering
,Jackhammers
,Jackie
,Jacking
,Byblos
,Bycatch
,Bycatches
,Bycatching
,Bycaught
,Byelorussite
,Byers
,Byes
,Bygone
,Bygones
,Bykovaite
,Bylaw
,Bylaws
,Byline
,Bylines
,Byname
,Bynamed
,Bynames
,Bynaming
,Bypass
,Bypassed
,Bypasses
,Bypassing
,Bypast
,Bypath
,Bypaths
,Byplay
,Byplays
,Byproduct
,Byproducts
,Byrd
,Byre
,Byres
,Byrnie
,Byrnies
,Byroad
,Byroads
,Byron
,Byronic
,Byrudite
,Byssus
,Byssuses
,Bystander
,Bystanders
,Bystrite
,Byte
,Bytes
,Byway
,Byways
,Byword
,Bywords
,Byzant
,Byzantievite
,Byzantine
,Byzantium
,Byzants
,Dyad
,Dyadic
,Dyadics
,Dyads
,Dyarchies
,Dyarchy
,Dybbuk
,Dybbukim
,Dybbuks
,Dye
,Dyed
,Dyeder
,Dyedest
,Dyeing
,Dyeings
,Dyer
,Dyers
,Dyes
,Dyestuff
,Dyestuffs
,Dyeweed
,Dyeweeds
,Dyewood
,Dyewoods
,Dyings
,Dyke
,Dyked
,Dykes
,Dyking
,Dymkovite
,Dynamical
,Dynamically
,Dynamise
,Dynamised
,Dynamises
,Dynamising
,Oneal
,Oned
,Onega
,Onegin
,Oneida
,Oneillite
,Oneiric
,Oneirism
,Oneirisms
,Oneiromancer
,Oneiromancers
,Oneiromancies
,Oneiromancy
,Oneness
,Onenesses
,Oner
,Onerous
,Onerouslier
,Onerousliest
,Onerously
,Onerousness
,Onerousnesses
,Oneself
,Onesie
,Onesies
,Onest
,Onetime
,Iva
,Ivan
,Ivanhoe
,Ivas
,Iver
,Ives
,Ivest
,Ivied
,Ivieder
,Iviedest
,Ivies
,Ivorian
,Ivorians
,Ivories
,Ivory
,Ivorybill
,Ivorybills
,Ivs
,Ivsite
,Ivy
,Nix
,Nixed
,Nixes
,Nixing
,Nixon
,Nixonite
,Tic
,Tical
,Ticals
,Ticced
,Ticcing
,Tichodrome
,Tichodromes
,Tick
,Ticked
,Ticker
,Tickers
,Ticketed
,Ticketing
,Ticketmaster
,Ticking
,Tickings
,Tickle
,Tickled
,Tickler
,Ticklers
,Tickles
,Tickling
,Ticklings
,Ticklish
,Ticklishly
,Ticklishness
,Ticks
,Tickseed
,Tickseeds
,Ticktack
,Ticktacked
,Ticktacking
,Ticktacks
,Ticktacktoe
,Ticktacktoes
,Ticktacktoo
,Ticktacktoos
,Ticktock
,Ticktocked
,Ticktocking
,Ticktocks
,Tickweed
,Tickweeds
,Ticonderoga
,Tics
,Tictac
,Tictacs
,Dox
,Doxazosin
,Doxazosins
,Doxed
,Doxepin
,Doxepins
,Doxes
,Doxies
,Doxing
,Doxings
,Doxologies
,Doxology
,Doxorubicin
,Doxorubicins
,Doxx
,Doxxed
,Doxxes
,Doxxing
,Doxxings
,Doxy
,Doxycycline
,Doxycyclines
,Sexagenarian
,Sexagenarians
,Sexagesimal
,Sexagesimals
,Sexcapade
,Sexcapades
,Sexed
,Sexeder
,Sexedest
,Sexes
,Sexier
,Sexiest
,Sexily
,Sexiness
,Sexinesses
,Sexing
,Sexism
,Sexisms
,Sexist
,Sexists
,Sexless
,Sexlessness
,Sexlessnesses
,Sexologist
,Sexologists
,Sexology
,Sexploitation
,Sexploitations
,Sexpot
,Sexpots
,Sext
,Sextans
,Sextant
,Sextants
,Sexted
,Sextet
,Sextets
,Sextette
,Sextettes
,Sextillion
,Sextillions
,Sexting
,Sextings
,Sexton
,Sextons
,Sexts
,Sextuple
,Sextupled
,Sextuples
,Sextuplet
,Sextuplets
,Sextupling
,Sexualise
,Sexualised
,Sexualises
,Sexualising
,Sexualities
,Sexuality
,Sexualization
,Sexualize
,Sexualized
,Sexualizes
,Sexualizing
,Sexuallier
,Sexualliest
,Sexuals
,Sax
,Saxatile
,Saxed
,Saxes
,Saxhorn
,Saxhorns
,Saxicoline
,Saxicoliner
,Saxicolinest
,Saxicolous
,Saxifrage
,Saxifrages
,Saxing
,Saxist
,Saxists
,Saxitoxin
,Saxitoxins
,Saxon
,Saxons
,Saxony
,Saxophone
,Saxophones
,Saxophonist
,Saxophonists
,Enfeeble
,Enfeebled
,Enfeeblement
,Enfeeblements
,Enfeebles
,Enfeebling
,Enfeoff
,Enfeoffed
,Enfeoffing
,Enfeoffment
,Enfeoffments
,Enfeoffs
,Enfilade
,Enfiladed
,Enfilades
,Enfilading
,Enflurane
,Enfluranes
,Enfold
,Enfolded
,Enfolding
,Enfoldings
,Enfolds
,Enforce
,Enforceable
,Enforced
,Enforcements
,Enforcer
,Enforcers
,Enforces
,Enforcing
,Enfranchise
,Enfranchised
,Enfranchisement
,Enfranchisements
,Enfranchises
,Enfranchising
,Opacification
,Opacifications
,Opacified
,Opacifies
,Opacify
,Opacifying
,Opacities
,Opacity
,Opah
,Opahs
,Opal
,Opalesce
,Opalesced
,Opalescence
,Opalescences
,Opalescent
,Opalesces
,Opalescing
,Opaline
,Opalise
,Opalised
,Opalises
,Opalising
,Opalize
,Opalized
,Opalizes
,Opalizing
,Opals
,Opaque
,Opaqued
,Opaquelier
,Opaqueliest
,Opaquely
,Opaqueness
,Opaquenesses
,Opaquer
,Opaques
,Opaquest
,Opaquing
,Canaan
,Canaanite
,Canadianism
,Canadians
,Canafistola
,Canafistolas
,Canafistula
,Canafistulas
,Canaled
,Canaletto
,Canalicular
,Canaliculate
,Canaliculus
,Canaliculuses
,Canaling
,Canalisation
,Canalisations
,Canalise
,Canalised
,Canalises
,Canalising
,Canalization
,Canalizations
,Canalize
,Canalized
,Canalizes
,Canalizing
,Canals
,Canape
,Canapes
,Canaphite
,Canard
,Canards
,Canaried
,Canarier
,Canaries
,Teaberries
,Teaberry
,Teacake
,Teacakes
,Teacart
,Teacarts
,Teachable
,Teachership
,Teacherships
,Teaches
,Teachings
,Teacup
,Teacupful
,Teacupfuls
,Teacups
,Teaed
,Teahouse
,Teahouses
,Teaing
,Teak
,Teakettle
,Teakettles
,Teaks
,Teakwood
,Teakwoods
,Teal
,Tealer
,Tealest
,Tealight
,Tealights
,Teallite
,Teals
,Teamed
,Teaming
,Teammate
,Teammates
,Teamster
,Teamsters
,Teamwork
,Teamworks
,Teapot
,Teapots
,Tearawaier
,Tearawaiest
,Tearaway
,Tearaways
,Teardrop
,Teardrops
,Teared
,Tearful
,Tearfullier
,Tearfulliest
,Seedbed
,Seedbeds
,Seedcake
,Seedcakes
,Seedcase
,Seedcases
,Seeded
,Seededer
,Seededest
,Seeder
,Seeders
,Seedier
,Seediest
,Seediness
,Seedinesses
,Seeding
,Seedless
,Seedling
,Seedlings
,Seedman
,Seedmen
,Seedpod
,Seedpods
,Seedsman
,Seedsmen
,Seedswoman
,Seedswomen
,Seedtime
,Seedtimes
,Seedwoman
,Seedwomen
,Seedy
,Keratin
,Keratinisation
,Keratinisations
,Keratinise
,Keratinised
,Keratinises
,Keratinising
,Keratinization
,Keratinizations
,Keratinize
,Keratinized
,Keratinizes
,Keratinizing
,Keratins
,Edacious
,Edacities
,Edacity
,Edam
,Edamame
,Edams
,Edaphosaurus
,Edaphosauruses
,Edda
,Eddas
,Eddavidite
,Eddied
,Eddies
,Eddington
,Eddo
,Eddoes
,Eddos
,Eddy
,Eddying
,Edelweiss
,Edelweisses
,Edema
,Edemas
,Edematous
,Edgar
,Edgarbaileyite
,Edgardo
,Edgarite
,Edged
,Edgeder
,Edgedest
,Edgeless
,Edger
,Edgers
,Edgeways
,Edgewise
,Edgier
,Edgiest
,Edgily
,Edginess
,Edginesses
,Edging
,Edgings
,Edgrewite
,Edgy
,Edibilities
,Edibility
,Edible
,Edibleness
,Ediblenesses
,Edibles
,Edict
,Edicts
,Edification
,Edifications
,Edifice
,Edifices
,Edified
,Edifier
,Edifiers
,Edifies
,Edify
,Edifying
,Edifyings
,Edingtonite
,Edison
,Editable
,Edith
,Editings
,Editions
,Editorialise
,Editorialised
,Editorialises
,Editorialising
,Editorialist
,Editorialists
,Editorialize
,Editorialized
,Editorializes
,Editorializing
,Editorially
,Editorials
,Editorship
,Editorships
,Edits
,Edmond
,Edmonton
,Edmontosaurus
,Edmontosauruses
,Edmund
,Edna
,Edoylerite
,Edp
,Edscottite
,Edsel
,Edtollite
,Eduardo
,Educability
,Educable
,Educate
,Educatee
,Educatees
,Educates
,Educating
,Educationalist
,Educationalists
,Educationally
,Educationals
,Educationist
,Educationists
,Educations
,Educative
,Educator
,Educators
,Educe
,Educed
,Educes
,Educing
,Edulcorate
,Edulcorated
,Edulcorates
,Edulcorating
,Edutainment
,Edutainments
,Edwardian
,Edwardo
,Edwardsite
,Edwin
,Edwina
,Edwindavisite
,Neckband
,Neckbanded
,Neckbanding
,Neckbands
,Neckcloth
,Neckcloths
,Necked
,Neckeder
,Neckedest
,Necker
,Neckerchief
,Neckerchiefs
,Neckers
,Necking
,Neckings
,Necklace
,Necklaced
,Necklaces
,Necklacing
,Necklacings
,Neckless
,Necklet
,Necklets
,Necklike
,Neckline
,Necklines
,Neckpiece
,Neckpieces
,Necks
,Necktie
,Neckties
,Neckwear
,Neckwears
,Ers
,Ersatz
,Ersatzes
,Erse
,Ershovite
,Erssonite
,Erst
,Erster
,Erstest
,Erstwhile
,Erstwhiler
,Erstwhilest
,Songster
,Songsters
,Songstress
,Songstresses
,Dedekind
,Dedicate
,Dedicates
,Dedicating
,Dedication
,Dedications
,Dedicator
,Dedicators
,Dedicatory
,Dedifferentiate
,Dedifferentiated
,Dedifferentiates
,Dedifferentiating
,Dedifferentiation
,Dedifferentiations
,Deduce
,Deduced
,Deduces
,Deducible
,Deducing
,Deduct
,Deducted
,Deductible
,Deductibles
,Deducting
,Deduction
,Deductions
,Deductive
,Deductively
,Deducts
,Deduplicate
,Deduplicated
,Deduplicates
,Deduplicating
,Deduplication
,Deduplications
,Bead
,Beaded
,Beadeder
,Beadedest
,Beadier
,Beadiest
,Beading
,Beadings
,Beadle
,Beadles
,Beadlike
,Beads
,Beadsman
,Beadsmen
,Beadswoman
,Beadswomen
,Beadwork
,Beadworks
,Beady
,Redact
,Redacted
,Redacting
,Redaction
,Redactions
,Redactor
,Redactors
,Redacts
,Redbellies
,Redbelly
,Redberries
,Redberry
,Redbird
,Redbirds
,Redbone
,Redbones
,Redbreast
,Redbreasts
,Redbrick
,Redbricks
,Redbrush
,Redbrushes
,Redbud
,Redbuds
,Redbug
,Redbugs
,Redcanyonite
,Redcap
,Redcaps
,Redcoat
,Redcoats
,Redcurrant
,Redcurrants
,Redden
,Reddened
,Reddening
,Reddens
,Redder
,Reddest
,Aldo
,Aldohexose
,Aldohexoses
,Aldol
,Aldols
,Aldomarinoite
,Aldose
,Aldoses
,Aldosterone
,Aldosterones
,Aldosteronism
,Aldosteronisms
,Aldotetrose
,Aldotetroses
,Aldotriose
,Aldotrioses
,Myalgia
,Myalgias
,Myalgic
,Myanmar
,Myasthenia
,Myasthenias
,Mycelium
,Myceliums
,Mycenae
,Mycenaean
,Mycobacteria
,Mycobacterias
,Mycobacterium
,Mycobacteriums
,Mycologies
,Mycologist
,Mycologists
,Mycology
,Mycomycin
,Hernia
,Hernial
,Hernias
,Herniate
,Herniated
,Herniates
,Herniating
,Herniation
,Herniations
,Amelias
,Ameliorate
,Ameliorated
,Ameliorates
,Ameliorating
,Amelioration
,Ameliorations
,Ameliorative
,Amelioratives
,Amelioratory
,Ameloblast
,Ameloblasts
,Amelogeneses
,Amelogenesis
,Amen
,Amenabilities
,Amenability
,Amenable
,Amenableness
,Amenablenesses
,Amenably
,Amend
,Amendable
,Amendatory
,Amended
,Amending
,Amendments
,Amends
,Amenhotep
,Amenia
,Amenias
,Amenities
,Amenitieses
,Amenity
,Amenorrhea
,Amenorrheal
,Amenorrheas
,Amenorrheic
,Amenorrheics
,Drunkard
,Drunkards
,Drunken
,Drunkenlier
,Drunkenliest
,Drunkenly
,Drunkenness
,Drunkennesses
,Drunker
,Drunkest
,Drunks
,Ceded
,Ceder
,Ceders
,Cedes
,Cedi
,Cedilla
,Cedillas
,Ceding
,Cedings
,Cedis
,Cedric
,Msasa
,Msasas
,Msec
,Msecs
,Msg
,Mst
,Amobarbital
,Amobarbitals
,Amoco
,Amoeba
,Amoeban
,Amoebas
,Amoebiases
,Amoebiasis
,Amoebic
,Amoebicer
,Amoebicest
,Amoebioses
,Amoebiosis
,Amoeboid
,Amoeboider
,Amoeboidest
,Amoeboids
,Amoebous
,Amok
,Amoker
,Amokest
,Amoks
,Amontillado
,Amontillados
,Amora
,Amoraite
,Amoral
,Amoralism
,Amoralisms
,Amoralist
,Amoralists
,Amoralities
,Amorality
,Amorallier
,Amoralliest
,Amorally
,Amoras
,Amorist
,Giacometti
,Giacovazzoite
,Gianellaite
,Giannini
,Giantess
,Giantesses
,Giantism
,Giantisms
,Giardia
,Giardias
,Giardiases
,Giardiasis
,Giauque
,Gib
,Gibbed
,Gibber
,Gibbered
,Gibberellin
,Gibberellins
,Gibbering
,Gibberish
,Gibberishes
,Gibbers
,Gibbet
,Gibbeted
,Gibbeting
,Gibbets
,Gibbing
,Gibbon
,Gibbons
,Gibbose
,Gibbosities
,Gibbosity
,Gibbous
,Gibbousness
,Gibbousnesses
,Gibbs
,Gibbsite
,Nicked
,Nickel
,Nickelalumite
,Nickelaustinite
,Nickelbischofite
,Nickelboussingaultite
,Nickeled
,Nickelhexahydrite
,Nickeline
,Nickeling
,Nickellotharmeyerite
,Nickelodeon
,Nickelodeons
,Nickelphosphide
,Nickelpicromerite
,Nickels
,Nickelschneebergite
,Nickelskutterudite
,Nickeltalmessite
,Nickeltsumcorite
,Nickeltyrrellite
,Nickelzippeite
,Nickenichite
,Nicker
,Nickered
,Nickering
,Nickers
,Nicking
,Nicklaus
,Nickle
,Nickles
,Nicknack
,Nicknacks
,Nickname
,Nicknamed
,Nicknames
,Nicknaming
,Nickolas
,Nickolayite
,Nicks
,Nicksobolevite
,Yak
,Yakhontovite
,Yakima
,Yakked
,Yakking
,Yakovenchukite
,Yaks
,Yakubovichite
,Yakut
,Yakutsk
,Yakuza
,Yakuzas
,Inpatient
,Inpatients
,Inpour
,Inpouring
,Inpourings
,Inpours
,Inputs
,Inputted
,Inputting
,Cyan
,Cyanamid
,Cyanamide
,Cyanamides
,Cyanamids
,Cyanide
,Cyanided
,Cyanides
,Cyaniding
,Cyanite
,Cyanites
,Cyanobacteria
,Cyanobacterial
,Cyanobacterias
,Cyanochroite
,Cyanocobalamin
,Cyanocobalamins
,Cyanogen
,Cyanogenetic
,Cyanogenic
,Duad
,Duads
,Dualer
,Dualest
,Dualism
,Dualisms
,Dualist
,Dualistic
,Dualists
,Dualite
,Dualities
,Duality
,Dualled
,Dualling
,Duals
,Duane
,Dub
,Dubbed
,Vlad
,Vladimir
,Vladimirite
,Vladimirivanovite
,Vladivostok
,Vladkrivovichevite
,Vladkuzminite
,Vladykinite
,Vlaminck
,Vlasic
,Vlasovite
,Vlodavetsite
,Vlog
,Vloged
,Vlogged
,Vlogger
,Vloggers
,Vlogging
,Vloging
,Vlogs
,Grabber
,Grabbers
,Grabbier
,Grabbiest
,Grabbing
,Grabby
,Grable
,Grabs
,Gracchus
,Graced
,Graceful
,Gracefullier
,Gracefulliest
,Gracefully
,Gracefulness
,Gracefulnesses
,Graceland
,Leu
,Leucaemia
,Leucaemias
,Leucine
,Leucines
,Leucite
,Leucocyte
,Leucocytes
,Leucocytoses
,Leucocytosis
,Leucocytozoa
,Leucocytozoan
,Leucocytozoans
,Leucocytozoon
,Leucoma
,Leucomas
,Leucopenia
,Leucopenias
,Leucophanite
,Leucophoenicite
,Leucophosphite
,Leucorrhea
,Leucorrheas
,Leucosphenite
,Leucostaurite
,Leucothoe
,Leucothoes
,Leucotomies
,Leucotomy
,Leukaemia
,Leukaemias
,Leukemia
,Leukemias
,Leukemic
,Leukemics
,Leukocyte
,Leukocytes
,Leukocytoses
,Leukocytosis
,Leukoderma
,Leukodermas
,Leukoencephalitis
,Leukoencephalitises
,Leukoma
,Leukomas
,Leukopenia
,Leukopenias
,Leukorrhea
,Leukorrheas
,Leukotomies
,Leukotomy
,Leus
,Nat
,Natal
,Natalia
,Nataliakulikite
,Natalie
,Natalities
,Natality
,Nataliyamalikite
,Natalyite
,Natanite
,Natasha
,Natation
,Natations
,Natator
,Natatorium
,Natatoriums
,Natators
,Natch
,Natchez
,Nate
,Nates
,Nateses
,Nathaniel
,Nathans
,Nationalisation
,Nationalisations
,Nationalise
,Nationalised
,Nationalises
,Nationalising
,Nationalism
,Nationalisms
,Nationalist
,Nationalistic
,Nationalistically
,Nationalists
,Nationalities
,Nationality
,Nationalization
,Nationalizations
,Nationalize
,Nationalized
,Nationalizes
,Nationalizing
,Nationally
,Nationals
,Nationhood
,Nationhoods
,Natisite
,Nativeness
,Nativenesses
,Natives
,Nativism
,Nativisms
,Oat
,Oatcake
,Oatcakes
,Oaten
,Oatener
,Oatenest
,Oates
,Oath
,Oathed
,Oathing
,Oaths
,Oatmeal
,Oatmeals
,Oats
,Ow
,Owed
,Owens
,Owensboro
,Owensite
,Owes
,Owing
,Owl
,Owlclaws
,Owled
,Owlet
,Owlets
,Owling
,Owlish
,Owlishlier
,Owlishliest
,Owlishly
,Owls
,Descale
,Descaled
,Descales
,Descaling
,Descant
,Descanted
,Descanting
,Descants
,Descartes
,Descend
,Descendant
,Descendants
,Descended
,Descendent
,Descendents
,Descender
,Descenders
,Descending
,Descendings
,Descends
,Descensus
,Descensuses
,Descent
,Descents
,Descloizite
,Describable
,Describer
,Describers
,Descried
,Descries
,Descriptions
,Descriptive
,Descriptively
,Descriptiveness
,Descriptives
,Emptied
,Emptier
,Empties
,Emptiest
,Emptily
,Emptiness
,Emptinesses
,Emptor
,Emptors
,Emptying
,Emptyings
,Curet
,Curetonite
,Curets
,Curettage
,Curettages
,Curette
,Curetted
,Curettement
,Curettements
,Curettes
,Curetting
,Myra
,Myrdal
,Myriad
,Myriads
,Myriagram
,Myriagrams
,Myriameter
,Myriameters
,Myriametre
,Myriametres
,Myriapod
,Myriapods
,Myringa
,Myringas
,Myringectomies
,Myringectomy
,Myringoplasties
,Myringoplasty
,Myringotomies
,Myringotomy
,Myrmecophagous
,Myrmecophile
,Myrmecophiles
,Myrmecophilous
,Myrmecophyte
,Myrmecophytes
,Myrmecophytic
,Myrmidon
,Myrmidons
,Myrna
,Myrobalan
,Myrobalans
,Myron
,Myrrh
,Myrrhs
,Myrtle
,Myrtles
,Laachite
,Laager
,Laagered
,Laagering
,Laagers
,Laban
,Labdanum
,Labdanums
,Labeled
,Labeleder
,Labeledest
,Labeling
,Labelled
,Labelling
,Labetalol
,Labetalols
,Labia
,Gnarl
,Gnarled
,Gnarlier
,Gnarliest
,Gnarling
,Gnarls
,Gnarly
,Gnash
,Gnashed
,Gnashes
,Gnashing
,Gnat
,Gnatcatcher
,Gnatcatchers
,Gnathion
,Gnathions
,Gnathopod
,Gnathopods
,Gnathostome
,Gnathostomes
,Gnats
,Gnaw
,Gnawed
,Gnawer
,Gnawers
,Gnawing
,Gnaws
,Gneiss
,Gneisses
,Gnetum
,Gnetums
,Gnocchi
,Gnocchis
,Gnomai
,Gnome
,Gnomes
,Gnomic
,Gnomish
,Gnomon
,Gnomons
,Menace
,Menaced
,Menaces
,Menacing
,Menacinglier
,Menacingliest
,Menacingly
,Menacings
,Menadione
,Menadiones
,Menage
,Menagerie
,Menageries
,Menages
,Menander
,Menarche
,Menarches
,Menchettiite
,Mencius
,Mencken
,Mend
,Mendacious
,Mendaciouslier
,Mendaciousliest
,Mendaciously
,Mendacities
,Mendacity
,Mended
,Mendel
,Mendeleev
,Mendeleevite
,Mendelevium
,Mendeleviums
,Mendelian
,Mendelssohn
,Mender
,Menders
,Mendez
,Mendicancies
,Anyhow
,Anyplace
,Anyuiite
,Anywaier
,Anywaiest
,Anywise
,Enceinte
,Enceintes
,Encephalartos
,Encephalitic
,Encephalitis
,Encephalitises
,Encephalocele
,Encephaloceles
,Encephalogram
,Encephalograms
,Encephalograph
,Encephalographies
,Encephalographs
,Encephalography
,Encephalomeningitis
,Encephalomeningitises
,Encephalomyelitis
,Encephalomyelitises
,Encephalon
,Encephalons
,Encephalopathies
,Encephalopathy
,Iceland
,Icelander
,Icelanders
,Icelandic
,Andalusia
,Andalusian
,Andalusite
,Andaman
,Andante
,Andantes
,Andantino
,Andean
,Andelmin
,Andelmins
,Andersen
,Andersonite
,Andes
,Andesite
,Andesites
,Andiron
,Andirons
,Andorra
,Andorran
,Andorrans
,Andradite
,Andradites
,Andre
,Andrea
,Andreadiniite
,Andrei
,Andrena
,Andrenas
,Andrenid
,Andrenids
,Andres
,Andretti
,Andrews
,Andreybulakhite
,Andreyivanovite
,Andrianampoinimerina
,Andrianovite
,Andrieslombaardite
,Androecium
,Androeciums
,Androgen
,Androgeneses
,Androgenesis
,Androgenetic
,Androgenic
,Androgenies
,Androgenous
,Androgens
,Androgeny
,Androglossia
,Androglossias
,Androgyne
,Androgynes
,Androgynies
,Androgynous
,Androgyny
,Androids
,Andromache
,Andromeda
,Andromedas
,Androphobia
,Androphobias
,Andropov
,Androsterone
,Androsterones
,Andryala
,Andryalas
,Anduoite
,Andychristyite
,Andymcdonaldite
,Andyrobertsite
,Rayban
,Rayburn
,Raydemarkite
,Rayed
,Raygrantite
,Raying
,Rayite
,Rayleigh
,Rayless
,Raymond
,Raymundo
,Rayon
,Rayons
,Malabar
,Malabo
,Malabsorption
,Malabsorptions
,Malacca
,Malaccas
,Malachi
,Malachite
,Malachites
,Malacia
,Malacias
,Malacologies
,Malacologist
,Malacologists
,Malacology
,Malacophilies
,Malacophily
,Malacopterygian
,Malacopterygians
,Maladaptive
,Ellie
,Ellinaite
,Ellingsenite
,Ellington
,Elliot
,Elliott
,Elliottite
,Ellipse
,Ellipsed
,Ellipses
,Ellipsing
,Ellipsis
,Ellipsoid
,Ellipsoidal
,Ellipsoids
,Elliptic
,Elliptical
,Elliptically
,Ellipticals
,Ellipticities
,Ellipticity
,Ellis
,Ellisite
,Ellison
,Viabilities
,Viability
,Viable
,Viables
,Viably
,Viacom
,Viaduct
,Viaducts
,Viaeneite
,Viagra
,Vial
,Vialled
,Vialling
,Vials
,Viand
,Viands
,Viatical
,Viatication
,Viatications
,Viaticus
,Viaticuses
,Wyo
,Wyoming
,Wyomingite
,Wyomingites
,Seta
,Setaceous
,Setas
,Setback
,Setbacks
,Seter
,Setest
,Seth
,Setline
,Setlines
,Setoff
,Setoffs
,Seton
,Setose
,Setoser
,Setosest
,Setscrew
,Setscrews
,Setsquare
,Setsquares
,Sett
,Settable
,Settee
,Settees
,Setter
,Settered
,Settering
,Setters
,Setterwort
,Setterworts
,Settleder
,Settledest
,Settledness
,Settlednesses
,Settlements
,Settler
,Settlers
,Settles
,Settling
,Settlings
,Settlor
,Settlors
,Setts
,Setups
,Raking
,Rakish
,Rakishlier
,Rakishliest
,Rakishly
,Rakishness
,Rakishnesses
,Mixable
,Mixeder
,Mixedest
,Mixer
,Mixers
,Mixes
,Mixings
,Mixite
,Mixologies
,Mixologist
,Mixologists
,Mixology
,Mixtape
,Mixtapes
,Mixtec
,Mixtures
,Dzerzhinsky
,Dzhalindite
,Dzharkenite
,Dzhuluite
,Dziggetai
,Dziggetais
,Dzungaria
,Yesenia
,Yeses
,Yeshiva
,Yeshivah
,Yeshivahs
,Yeshivas
,Yessed
,Yessing
,Yesterdays
,Yesteryear
,Yesteryears
,Wis
,Wisc
,Wisconsinite
,Wisconsinites
,Wisdoms
,Wiseacre
,Wiseacres
,Wiseass
,Wisecrack
,Wisecracked
,Wisecracking
,Wisecracks
,Wised
,Wiseguy
,Wiseguys
,Wiselier
,Wiseliest
,Wisely
,Wiseness
,Wisenesses
,Wisenheimer
,Wisenheimers
,Wisent
,Wisents
,Wiser
,Wiserite
,Wises
,Wisest
,Wishbone
,Wishbones
,Wisher
,Wishers
,Wishful
,Wishfullier
,Wishfulliest
,Wishfully
,Wishfulness
,Wishfulnesses
,Wishing
,Wishings
,Wising
,Wisp
,Wispier
,Wispiest
,Wisplike
,Wisps
,Wispy
,Wist
,Wistaria
,Wistarias
,Wisteria
,Wisterias
,Wistful
,Wistfullier
,Wistfulliest
,Wistfully
,Wistfulness
,Wistfulnesses
,Weaken
,Weakened
,Weakener
,Weakeners
,Weakening
,Weakenings
,Weakens
,Weaker
,Weakest
,Weakfish
,Weakfishes
,Weakish
,Weaklier
,Weakliest
,Weakling
,Weaklings
,Weakly
,Weaknesses
,Weal
,Weald
,Wealds
,Wealed
,Wealing
,Weals
,Wealthier
,Wealthiest
,Wealthilier
,Wealthiliest
,Wealthily
,Wealthiness
,Wealthinesses
,Wealths
,Wean
,Weaned
,Weaneder
,Sis
,Sisal
,Sisals
,Sise
,Sises
,Sisham
,Sishams
,Siskin
,Siskins
,Siss
,Sissed
,Sisses
,Sissied
,Sissier
,Sissies
,Sissiest
,Sissification
,Sissifications
,Sissified
,Sissiness
,Seismogram
,Seismograms
,Seismograph
,Seismographer
,Seismographers
,Seismographic
,Seismographies
,Seismographs
,Seismography
,Seismologic
,Seismological
,Seismologies
,Seismologist
,Seismologists
,Seismology
,Seismosaur
,Seismosaurs
,Urea
,Ureas
,Urease
,Ureases
,Ureide
,Ureides
,Uremia
,Uremias
,Uremic
,Ureter
,Ureteritis
,Ureteritises
,Ureterocele
,Ureteroceles
,Ureterostenoses
,Ureterostenosis
,Ureters
,Urethane
,Urethanes
,Urethra
,Urethrae
,Urethral
,Urethras
,Urethritis
,Urethritises
,Urethrocele
,Urethroceles
,Urey
,Hedegaardite
,Hedenbergite
,Hedge
,Hedged
,Hedgeder
,Hedgedest
,Hedgefund
,Hedgefunds
,Hedgehog
,Hedgehogged
,Hedgehogging
,Hedgehogs
,Hedgehop
,Hedgehopped
,Hedgehopping
,Hedgehops
,Hedger
,Hedgerow
,Hedgerows
,Hedgers
,Hedges
,Hedging
,Hedgings
,Hediondilla
,Hediondillas
,Hedleyite
,Hedonic
,Hedonism
,Hedonisms
,Hedonist
,Hedonistic
,Hedonists
,Hedyphane
,Eta
,Etagere
,Etageres
,Etamin
,Etamine
,Etamines
,Etamins
,Etanercept
,Etanercepts
,Etas
,Etcetera
,Etceteras
,Etch
,Etched
,Etcheder
,Etchedest
,Etcher
,Etchers
,Etches
,Etching
,Etchings
,Etd
,Eternalise
,Eternalised
,Eternalises
,Eternalising
,Eternalize
,Eternalized
,Eternalizes
,Eternalizing
,Eternallier
,Eternalliest
,Eternally
,Eternalness
,Eternals
,Eternise
,Eternised
,Eternises
,Eternising
,Actinium
,Addendum
,Allargentum
,Alluvium
,Alum
,Aluminium
,Alundum
,Alyssum
,Ambulacrum
,Americium
,Ammobium
,Ammonium
,Amylum
,Anestrum
,Angrecum
,Animalculum
,Annum
,Anoestrum
,Antebellum
,Antepartum
,Antheridium
,Anthurium
,Antirrhinum
,Antiserum
,Antrum
,Apothecium
,Arboretum
,Arcanum
,Archaebacterium
,Archegonium
,Archesporium
,Archipallium
,Armamentarium
,Arum
,Aspersorium
,Asylum
,Athenaeum
,Atheneum
,Atrium
,Bacterium
,Barium
,Barnum
,Basidium
,Baum
,Bdellium
,Begum
,Berkelium
,Beryllium
,Biennium
,Bimillennium
,Bohrium
,Borglum
,Botulinum
,Brachium
,Bubblegum
,Bum
,Bunkum
,Cadmium
,Caecum
,Caesium
,Caladium
,Calcium
,Californium
,Cambium
,Candelabrum
,Capitulum
,Capsicum
,Carborundum
,Cardamum
,Cavum
,Cementum
,Centrum
,Cerebellum
,Cerebrum
,Cerium
,Cesium
,Checksum
,Chetrum
,Chromium
,Chrysanthemum
,Chum
,Cilium
,Cinerarium
,Cingulum
,Claustrum
,Cleistothecium
,Clostridium
,Coagulum
,Coccidium
,Coliseum
,Colloquium
,Collyrium
,Colosseum
,Colostrum
,Columbarium
,Columbium
,Combretum
,Compendium
,Condominium
,Conidium
,Consortium
,Continuum
,Conundrum
,Corium
,Corneum
,Corrigendum
,Corundum
,Corynebacterium
,Cranium
,Credendum
,Crematorium
,Criterium
,Ctenidium
,Curium
,Cymatium
,Cymbidium
,Cynanchum
,Cynancum
,Darmstadtium
,Datum
,Decennium
,Decorum
,Deliquium
,Delirium
,Delphinium
,Dendrobium
,Denotatum
,Desideratum
,Designatum
,Diazonium
,Dictostylium
,Dictum
,Dictyostelium
,Diestrum
,Disequilibrium
,Diverticulum
,Doliolum
,Domatium
,Dorsum
,Dracontium
,Dubnium
,Dumdum
,Duodenum
,Durum
,Dysprosium
,Eardrum
,Effluvium
,Electrum
,Emporium
,Emunctorium
,Encomium
,Endocardium
,Endocranium
,Endometrium
,Endoneurium
,Endosteum
,Endothelium
,Epicardium
,Epicranium
,Epigastrium
,Epimythium
,Epiphyllum
,Epithalamium
,Epithelium
,Equilibrium
,Erbium
,Eriogonum
,Ethereum
,Eubacterium
,Eulogium
,Euphonium
,Euphorbium
,Europium
,Eusporangium
,Exordium
,Explanandum
,Explicandum
,Extremum
,Factotum
,Fermium
,Ferrocerium
,Ferronickelplatinum
,Filum
,Flagellum
,Flerovium
,Florilegium
,Folium
,Francium
,Frustum
,Fulcrum
,Fum
,Gadolinium
,Galbanum
,Gallium
,Gametangium
,Gametoecium
,Gastrolobium
,Glochidium
,Glucinium
,Glum
,Guaiacum
,Gum
,Gynoecium
,Gynostegium
,Gypsum
,Hafnium
,Hahnium
,Halobacterium
,Harmonium
,Hassium
,Haustorium
,Helianthemum
,Helium
,Herbarium
,Herculaneum
,Hexaferrum
,Hexamolybdenum
,Hilum
,Hippeastrum
,Hokum
,Holmium
,Honorarium
,Hoodlum
,Hordeolum
,Hum
,Humdrum
,Hydrargyrum
,Hymenium
,Hypanthium
,Hypobasidium
,Hypochondrium
,Ilium
,Imaum
,Imodium
,Imperium
,Incunabulum
,Indecorum
,Indium
,Indumentum
,Indusium
,Infundibulum
,Inoculum
,Interregnum
,Iridium
,Isoferroplatinum
,Jejunum
,Jorum
,Karakorum
,Kettledrum
,Khartoum
,Khoum
,Labium
,Laburnum
,Ladanum
,Lanthanum
,Laudanum
,Lawrencium
,Lebensraum
,Leptosporangium
,Librium
,Lignum
,Linoleum
,Lithium
,Locum
,Lustrum
,Lutecium
,Lutetium
,Macrosporangium
,Magnesium
,Magnum
,Manubrium
,Marsupium
,Marum
,Mausoleum
,Meconium
,Mediastinum
,Meerschaum
,Megasporangium
,Meitnerium
,Memorandum
,Menstruum
,Mentholatum
,Mentum
,Mesothelium
,Mezereum
,Microsporangium
,Milium
,Millennium
,Minium
,Modicum
,Molluscum
,Molybdenum
,Moratorium
,Myocardium
,Myometrium
,Myxobacterium
,Nahum
,Nasturtium
,Neodymium
,Neopallium
,Neptunium
,Neuroepithelium
,Ngultrum
,Niobium
,Nitrobacterium
,Nobelium
,Nostrum
,Odium
,Odontoglossum
,Ommatidium
,Oncidium
,Operculum
,Opium
,Opossum
,Opprobrium
,Optimum
,Origanum
,Orthocuproplatinum
,Osmiridium
,Osmium
,Ossiculum
,Ovum
,Pablum
,Pabulum
,Paleocerebellum
,Paleostriatum
,Palladium
,Pallidum
,Pallium
,Pandemonium
,Panjandrum
,Paramecium
,Parapodium
,Paspalum
,Pendulum
,Penetralium
,Pentium
,Pericardium
,Peridium
,Perigonium
,Perimysium
,Perineum
,Perineurium
,Periosteum
,Perithecium
,Perithelium
,Peritoneum
,Pessimum
,Petrolatum
,Petroleum
,Phylum
,Pinetum
,Planetarium
,Plasmodium
,Plectrum
,Plenum
,Plum
,Plutonium
,Podetium
,Podium
,Polemonium
,Pollinium
,Polonium
,Pomatum
,Possum
,Postpartum
,Potassium
,Practicum
,Praesidium
,Praetorium
,Praseodymium
,Precordium
,Presidium
,Pretorium
,Primordium
,Promethium
,Promycelium
,Promythium
,Proscenium
,Protactinium
,Prothalamium
,Protoactinium
,Psalterium
,Pseudopodium
,Psyllium
,Pudendum
,Puerperium
,Punctum
,Purificatorium
,Pycnidium
,Pyrethrum
,Pythium
,Pyxidium
,Quadrennium
,Quadrivium
,Quinquennium
,Quorum
,Radiothorium
,Radium
,Rectum
,Referendum
,Regnellidium
,Relatum
,Residuum
,Reticulum
,Rhenium
,Rheum
,Rhodium
,Roentgenium
,Rostrum
,Rubidium
,Rum
,Ruthenium
,Rutherfordium
,Sacrum
,Samarium
,Sanatarium
,Sanatorium
,Sanctum
,Sangapenum
,Sanitarium
,Santorum
,Sargassum
,Scandium
,Scholium
,Sclerotium
,Scolopendrium
,Scriptorium
,Scrotum
,Scrum
,Scum
,Sebum
,Sedum
,Selenium
,Sensorium
,Septum
,Sericterium
,Serum
,Siglum
,Simulacrum
,Slocum
,Slum
,Sodium
,Solarium
,Sorghum
,Spathiphyllum
,Speculum
,Sphagnum
,Spiculum
,Spirillum
,Sporangium
,Sputum
,Sternum
,Stratum
,Striatum
,Strontium
,Strum
,Stumblebum
,Stylopodium
,Subphylum
,Substratum
,Succedaneum
,Sudatorium
,Sugarplum
,Supercilium
,Superphylum
,Superstratum
,Swum
,Symposium
,Syncytium
,Synovium
,Talcum
,Tantalum
,Tantrum
,Tatum
,Technetium
,Teetotum
,Tellurium
,Tentorium
,Terbium
,Terrarium
,Tetraferroplatinum
,Thallium
,Thorium
,Thrum
,Thulium
,Titanium
,Tomentum
,Transmedium
,Trapezium
,Triangulum
,Trichodesmium
,Triclinium
,Trillium
,Tritium
,Trivium
,Tum
,Tweedledum
,Tympanum
,Ultimatum
,Unnilquadium
,Ununbium
,Ununhexium
,Ununpentium
,Ununquadium
,Ununtrium
,Uranium
,Uropygium
,Vaccinum
,Valium
,Vanadium
,Variorum
,Vellum
,Velum
,Verticillium
,Viburnum
,Vitellarium
,Vivarium
,Wampum
,Whatchamacallum
,Ytterbium
,Yttrium
,Zirconium
,Yell
,Yelled
,Yelleder
,Yelledest
,Yeller
,Yellers
,Yellings
,Yellowbird
,Yellowbirds
,Yellowcake
,Yellowcakes
,Yellowcatite
,Yellowed
,Yellower
,Yellowest
,Yellowfin
,Yellowfins
,Yellowhammer
,Yellowhammers
,Yellowing
,Yellowish
,Yellowknife
,Yellowlegs
,Yellowness
,Yellownesses
,Yellows
,Yellowstone
,Yellowtail
,Yellowtails
,Yellowthroat
,Yellowthroats
,Yellowwood
,Yellowwoods
,Yellowy
,Yells
,Yelp
,Yelped
,Yelping
,Yelpings
,Yelps
,Yeltsin
,Mans
,Mansard
,Mansarder
,Mansardest
,Mansards
,Manse
,Mansed
,Manservant
,Manservants
,Manses
,Mansfield
,Mansfieldite
,Mansing
,Mansions
,Manslaughter
,Manslaughters
,Manslayer
,Manslayers
,Manson
,Mansplain
,Mansplained
,Mansplainer
,Mansplainers
,Mansplaining
,Mansplains
,Mens
,Mensa
,Mensal
,Mensch
,Mensches
,Menservants
,Menses
,Menseses
,Mensh
,Menshes
,Menshikovite
,Menstrual
,Menstruate
,Menstruated
,Menstruates
,Menstruating
,Menstruation
,Menstruations
,Menstruums
,Mensurable
,Mensural
,Mensurate
,Mensurated
,Mensurates
,Mensurating
,Mensuration
,Mensurations
,Menswear
,Liabilities
,Liabilitieses
,Liable
,Liaise
,Liaised
,Liaises
,Liaising
,Liaison
,Liaisons
,Liana
,Lianas
,Lianbinite
,Liandratite
,Liangjunite
,Liaoning
,Liars
,Alsace
,Alsatian
,Alsatians
,Alsoer
,Alsoest
,Alsop
,Alston
,Alstonite
,Alstroemeria
,Alstroemerias
,Acrux
,Addax
,Admix
,Ajax
,Annex
,Anomalopteryx
,Antapex
,Antefix
,Anthrax
,Anticlimax
,Apex
,Appendix
,Appomattox
,Apteryx
,Archaeopteryx
,Archeopteryx
,Auspex
,Aviatrix
,Bandbox
,Bandeaux
,Bayeux
,Beatrix
,Beeswax
,Bellatrix
,Bendix
,Benelux
,Biconvex
,Bijoux
,Bollix
,Boombox
,Borax
,Bordeaux
,Botox
,Breadbox
,Breakax
,Broadax
,Bronx
,Bugfix
,Calx
,Calyx
,Camelpox
,Cashbox
,Caudex
,Centrex
,Cervix
,Chateaux
,Chatterbox
,Checkbox
,Chickenpox
,Cicatrix
,Cineplex
,Circumflex
,Climax
,Clix
,Clorox
,Clxix
,Coax
,Coccyx
,Codex
,Colfax
,Commix
,Conflux
,Convex
,Cortex
,Cowpox
,Crucifix
,Crux
,Cybersex
,Cylix
,Deedbox
,Delacroix
,Desex
,Detox
,Dix
,Dominatrix
,Dropbox
,Duplex
,Durex
,Earwax
,Efflux
,Epicalyx
,Equinox
,Executrix
,Faux
,Fax
,Fedex
,Felix
,Filofax
,Firebox
,Firefox
,Flax
,Flex
,Flummox
,Flux
,Fornix
,Galax
,Gateaux
,Gearbox
,Giraudoux
,Googolplex
,Haemothorax
,Halifax
,Hallux
,Hatbox
,Helix
,Hemothorax
,Hendrix
,Heterodox
,Hex
,Hoax
,Homeobox
,Horsebox
,Hotbox
,Hydrothorax
,Hyrax
,Ibex
,Icebox
,Ilx
,Ilxx
,Ilxxx
,Immix
,Inbox
,Infix
,Influx
,Inheritrix
,Intermix
,Intersex
,Isolex
,Jinx
,Jukebox
,Knox
,Koufax
,Laryngopharynx
,Larynx
,Lascaux
,Latex
,Latinx
,Lax
,Letterbox
,Linux
,Lix
,Lockbox
,Lox
,Lummox
,Lunchbox
,Lux
,Lxix
,Maalox
,Maddox
,Mailbox
,Malraux
,Manx
,Marx
,Matchbox
,Mediatrix
,Meninx
,Minx
,Moneybox
,Monkeypox
,Multiplex
,Muskox
,Narthex
,Nasopharynx
,Negotiatrix
,Neocortex
,Officemax
,Onyx
,Opopanax
,Oropharynx
,Orthodox
,Oryx
,Outbox
,Outfox
,Overtax
,Paintbox
,Paleocortex
,Paradox
,Parallax
,Pax
,Pentax
,Perplex
,Perspex
,Phalanx
,Pharynx
,Phlox
,Pickax
,Pillbox
,Pix
,Planoconvex
,Playbox
,Playtex
,Pneumothorax
,Poleax
,Pollex
,Pollux
,Pontifex
,Postbox
,Postfix
,Pox
,Prefix
,Premix
,Pretax
,Prolix
,Prothorax
,Prox
,Pseudosmallpox
,Px
,Pyrex
,Pyx
,Quadruplex
,Radix
,Rattlebox
,Redox
,Redux
,Reflex
,Reflux
,Regex
,Remix
,Retroflex
,Rex
,Rickettsialpox
,Rolex
,Rolodex
,Roux
,Salpinx
,Saltbox
,Sandbox
,Sardonyx
,Scramasax
,Scramaseax
,Scramsax
,Seax
,Semtex
,Separatrix
,Shadowbox
,Shoebox
,Silex
,Silvex
,Simplex
,Sioux
,Skybox
,Smallpox
,Smilax
,Snuffbox
,Soundbox
,Spadix
,Spandex
,Sphinx
,Spinx
,Squeezebox
,Storax
,Strongbox
,Styrax
,Styx
,Suffix
,Suffrutex
,Supertax
,Surtax
,Sussex
,Sweatbox
,Syntax
,Syrinx
,Tampax
,Telefax
,Telex
,Tex
,Thorax
,Timex
,Tinderbox
,Tippex
,Toadflax
,Tortrix
,Transfix
,Triplex
,Trousseaux
,Tux
,Unbox
,Unfix
,Unisex
,Unix
,Unlax
,Unorthodox
,Unsex
,Varix
,Vax
,Vernix
,Vertex
,Vex
,Videotex
,Vindemiatrix
,Vortex
,Vox
,Wax
,Wessex
,Wilcox
,Windex
,Workbox
,Mcadam
,Mcallen
,Mcallisterite
,Mcalpineite
,Mcauslanite
,Mcbirneyite
,Mcbride
,Mccain
,Mccall
,Mccarthy
,Mccarthyism
,Mccartney
,Mccarty
,Mcclain
,Mcclellan
,Mcclure
,Mcconnell
,Mcconnellite
,Mccormick
,Mccoy
,Mccray
,Mccrillisite
,Mccullough
,Mcdaniel
,Mcdonald
,Mcdonnell
,Mcdowell
,Mcenroe
,Mcfadden
,Mcfarland
,Mcgee
,Mcgillite
,Mcgovern
,Mcgovernite
,Mcgowan
,Mcguffey
,Mcguinnessite
,Mcguire
,Mchenry
,Mci
,Mcintosh
,Mcintyre
,Mcjob
,Mckay
,Mckee
,Mckelveyite
,Mckenzie
,Mckinley
,Mckinney
,Mckinstryite
,Mcknight
,Mclaughlin
,Mclean
,Mcleod
,Mcluhan
,Mcmahon
,Mcmansion
,Mcmansions
,Mcmillan
,Mcnamara
,Mcnaughton
,Mcnearite
,Mcneil
,Mcpherson
,Mcqueen
,Mcs
,Mcveigh
,Nonassertive
,Nonassignable
,Nonassociative
,Nonastringent
,Azadirachtin
,Azadirachtins
,Azalea
,Azaleas
,Azana
,Azania
,Azathioprine
,Azathioprines
,Azazel
,Azedarach
,Azedaraches
,Azederach
,Azederaches
,Azerbaijan
,Azerbaijani
,Azerbaijanis
,Azide
,Azides
,Azido
,Azidoer
,Azidoest
,Azidos
,Azimuth
,Azimuthal
,Azimuthals
,Azimuths
,Azithromycin
,Azithromycins
,Azo
,Azoer
,Azoest
,Azoic
,Azoimide
,Azoimides
,Azonal
,Azonic
,Azoproite
,Azores
,Azotaemia
,Azotaemias
,Azote
,Azotemia
,Azotemias
,Azotemic
,Azotes
,Azotic
,Azoturia
,Azoturias
,Azov
,Azt
,Aztec
,Aztecan
,Aztlan
,Aztreonam
,Aztreonams
,Azure
,Azured
,Azurer
,Azures
,Azurest
,Azuring
,Azurite
,Azurites
,Azygos
,Azygous
,Azygouser
,Azygousest
,Azymia
,Azymias
,Alliaceous
,Allianced
,Alliances
,Alliancing
,Allice
,Allices
,Allie
,Allieses
,Alligator
,Alligatored
,Alligatorfish
,Alligatoring
,Alligators
,Allis
,Allison
,Allistic
,Allistics
,Alliterate
,Alliterated
,Alliterates
,Alliterating
,Alliteration
,Alliterations
,Alliterative
,Alliteratively
,Alliterator
,Alliterators
,Agra
,Agranulocytic
,Agranulocytoses
,Agranulocytosis
,Agranuloses
,Agranulosis
,Agrapha
,Agraphas
,Agraphia
,Agraphias
,Agraphic
,Agraphon
,Agraphons
,Agrarian
,Agrarianism
,Agrarians
,Agreeabilities
,Agreeability
,Agreeable
,Agreeableness
,Agreeablenesses
,Agreeables
,Agreeablier
,Agreeabliest
,Agreeably
,Agreeder
,Agreedest
,Agreeing
,Agrellite
,Agrestic
,Agribusiness
,Agribusinesses
,Agricola
,Agricolaite
,Agriculturalist
,Agriculturalists
,Agriculturally
,Agriculturals
,Agricultures
,Agriculturist
,Agriculturists
,Agrimonia
,Agrimonias
,Agrimonies
,Agrimony
,Agrinierite
,Agrippa
,Agrippina
,Agrobiologic
,Agrobiological
,Agrobiologies
,Agrobiology
,Agrologic
,Agrological
,Agrologies
,Agrology
,Agromania
,Agromanias
,Agronomic
,Agronomical
,Agronomies
,Agronomist
,Agronomists
,Agronomy
,Aground
,Agrounder
,Agroundest
,Agrypnia
,Agrypnias
,Agrypnotic
,Agrypnotics
,Aggrade
,Aggraded
,Aggrades
,Aggrading
,Aggrandise
,Aggrandised
,Aggrandisement
,Aggrandisements
,Aggrandises
,Aggrandising
,Aggrandize
,Aggrandized
,Aggrandizement
,Aggrandizements
,Aggrandizes
,Aggrandizing
,Aggravate
,Aggravated
,Aggravates
,Aggravating
,Aggravatingly
,Aggravation
,Aggravations
,Aggravator
,Aggravators
,Aggregate
,Aggregated
,Aggregates
,Aggregating
,Aggregation
,Aggregations
,Aggregative
,Aggregator
,Aggregators
,Aggress
,Aggressed
,Aggresses
,Aggressing
,Aggression
,Aggressions
,Aggressively
,Aggressiveness
,Aggressivenesses
,Aggressor
,Aggressors
,Aggrieve
,Aggrieved
,Aggrieves
,Aggrieving
,Aggro
,Aggroed
,Aggroes
,Aggroing
,Aggros
,Aggroup
,Aggrouped
,Aggrouping
,Aggroups
,Ere
,Erebus
,Erect
,Erected
,Erecter
,Erectest
,Erectile
,Erectiler
,Erectilest
,Erecting
,Erectings
,Erection
,Erections
,Erectlier
,Erectliest
,Erectly
,Erectness
,Erectnesses
,Erector
,Erectors
,Erects
,Erelong
,Eremite
,Eremites
,Eremitic
,Eremitical
,Eremitism
,Eremitisms
,Erethism
,Erethisms
,Erewhon
,Areal
,Arealer
,Arealest
,Areaway
,Areaways
,Areca
,Arecas
,Arecibo
,Areflexia
,Areflexias
,Arenaceous
,Arenas
,Arenavirus
,Arenaviruses
,Arenicolous
,Areola
,Areolar
,Areolas
,Areolate
,Arequipa
,Arere
,Areres
,Ares
,Arete
,Aretes
,Arethusa
,Arethusas
,Apoapses
,Apoapsis
,Apocalypse
,Apocalypses
,Apocalyptic
,Apocalyptical
,Apocalyptics
,Apocarpous
,Apochromatic
,Apocope
,Apocopes
,Apocrine
,Apocrypha
,Apocryphal
,Apocryphally
,Apocryphalness
,Apocryphalnesses
,Apocynaceous
,Apodal
,Apodals
,Apodeictic
,Apodeme
,Apodemes
,Apodictic
,Apodous
,Apoenzyme
,Apoenzymes
,Apogametic
,Apogamic
,Apogamies
,Apogamous
,Apogamy
,Apogean
,Apogee
,Apogees
,Apojove
,Apojoves
,Apolemia
,Apolemias
,Apolitical
,Alocasia
,Alocasias
,Aloe
,Aloes
,Aloeses
,Aloft
,Alofter
,Aloftest
,Aloha
,Alohas
,Aloneness
,Alonenesses
,Aloner
,Alonest
,Alonger
,Alongest
,Alongshore
,Alonzo
,Aloof
,Aloofly
,Aloofness
,Aloofnesses
,Alopecia
,Alopecias
,Alopecic
,Aloud
,Alouder
,Aloudest
,Vixen
,Vixenish
,Vixenishly
,Vixens
,Vaxes
,Vera
,Veracious
,Veraciously
,Veracities
,Veracity
,Veracruz
,Veranda
,Verandah
,Verandahs
,Verandas
,Verapamil
,Verapamils
,Verb
,Verbal
,Verbaler
,Verbalest
,Verbalisation
,Verbalisations
,Verbalise
,Verbalised
,Verbaliser
,Verbalisers
,Verbalises
,Verbalising
,Verbalism
,Verbalisms
,Verbalization
,Verbalizations
,Verbalize
,Verbalized
,Verbalizer
,Verbalizers
,Verbalizes
,Verbalizing
,Verballed
,Verballier
,Verballiest
,Verballing
,Verbally
,Verbals
,Vermeer
,Vermicelli
,Vermicellis
,Vermicide
,Vermicides
,Vermicular
,Vermiculate
,Vermiculated
,Vermiculates
,Vermiculating
,Vermiculation
,Vermiculations
,Vermiculite
,Vermiculites
,Vermiform
,Vermifuge
,Vermifuges
,Vermilion
,Vermilioned
,Vermilioning
,Vermilions
,Vermillion
,Vermillioned
,Vermillioning
,Vermillions
,Vermin
,Verminous
,Vermins
,Vermis
,Vermont
,Vermonter
,Vermonters
,Vermouth
,Vermouths
,Pony
,Ponycart
,Ponycarts
,Ponying
,Ponytail
,Ponytailed
,Ponytails
,Flo
,Float
,Floatation
,Floatations
,Floated
,Floater
,Floaters
,Floatier
,Floaties
,Floatiest
,Floatings
,Floatplane
,Floatplanes
,Floats
,Floaty
,Floc
,Floccose
,Flocculate
,Jamaal
,Jamaica
,Jamaican
,Jamaicans
,Jamal
,Jamar
,Jamb
,Jambalaya
,Jambalayas
,Jambeau
,Jambeaus
,Jambed
,Jamberries
,Jamberry
,Jambing
,Jambon
,Jambons
,Jamboree
,Jamborees
,Jamborite
,Jambosa
,Jambosas
,Jambs
,Jame
,Jamel
,Jamesite
,Jamesonite
,Jamestown
,Jami
,Jamjar
,Jamjars
,Jammed
,Jammeder
,Jammedest
,Jammer
,Jammers
,Jammier
,Jammies
,Jammieses
,Jammiest
,Jamming
,Jammings
,Jammy
,Jampack
,Jampacked
,Jampacking
,Jampacks
,Jampan
,Jampans
,Jampot
,Jampots
,Jams
,Jiangsu
,Jiangxi
,Jianmuite
,Jianshuiite
,Jiao
,Jiaos
,Jib
,Jibbed
,Jibbing
,Jibboom
,Jibbooms
,Jibe
,Jibed
,Jibes
,Jibing
,Jibs
,Jicama
,Jidda
,Jiff
,Jiffies
,Jiffs
,Jiffy
,Jig
,Jigaboo
,Jigaboos
,Jigg
,Jigged
,Jigger
,Jiggered
,Jiggereder
,Jiggeredest
,Jiggering
,Jiggermast
,Jiggermasts
,Jiggers
,Jigging
,Jiggle
,Jiggled
,Jiggles
,Jiggling
,Jiggly
,Jiggs
,Jigs
,Jigsaw
,Jigsawed
,Jigsawing
,Jigsaws
,Jihad
,Jihaded
,Jihadi
,Jihading
,Jihadis
,Jihadist
,Jihadists
,Jihads
,Jilin
,Jill
,Jillian
,Jillion
,Jillions
,Jilt
,Jilted
,Jilteder
,Jiltedest
,Jilting
,Jilts
,Jimboite
,Jimdandies
,Jimdandy
,Jimenez
,Jimhickey
,Jimhickeys
,Jimkrieghite
,Jimmie
,Jimmied
,Jimmies
,Jimmieses
,Jimmying
,Jimsonweed
,Jimsonweeds
,Jimthompsonite
,Jinan
,Jingle
,Jingled
,Jingles
,Jinglier
,Jingliest
,Jingling
,Jinglinger
,Jinglingest
,Jingly
,Jingo
,Jingoes
,Jingoism
,Jingoisms
,Jingoist
,Jingoistic
,Jingoists
,Bokite
,Ava
,Avadavat
,Avadavats
,Avail
,Availabilities
,Availableness
,Availablenesses
,Availed
,Availing
,Avails
,Avalanche
,Avalanched
,Avalanches
,Avalanching
,Avalon
,Avaram
,Avarams
,Avarice
,Avarices
,Avaricious
,Avariciously
,Avariciousness
,Avariciousnesses
,Avaritia
,Avaritias
,Avascular
,Avast
,Avatar
,Avatars
,Avaunt
,Avdoninite
,Avellan
,Avellane
,Avenge
,Avenged
,Avengeder
,Avengedest
,Avenger
,Kor
,Koragoite
,Koreans
,Koritnigite
,Korlan
,Korlans
,Korma
,Kornberg
,Kornelite
,Kornerupine
,Korobitsynite
,Kors
,Korshunovskite
,Koruna
,Korunas
,Kory
,Koryakite
,Korzhinskite
,Korzybski
,Oka
,Okaier
,Okaiest
,Okanoganite
,Okapi
,Okapis
,Okas
,Okayama
,Okayamalite
,Okayed
,Okaying
,Okays
,Pap
,Papa
,Papacies
,Papacy
,Papagoite
,Papaia
,Papaias
,Papain
,Papains
,Papal
,Paparazzi
,Paparazzo
,Paparazzoes
,Papas
,Papaverine
,Papaverines
,Papaw
,Papaws
,Papaya
,Papayas
,Paperback
,Paperbacked
,Paperbacking
,Paperbacks
,Paperbark
,Paperbarks
,Paperboard
,Paperboards
,Paperboy
,Paperboys
,Paperclip
,Paperclipped
,Paperclipping
,Paperclips
,Papered
,Paperer
,Paperers
,Papergirl
,Papergirls
,Hiccough
,Hiccoughed
,Hiccoughing
,Hiccoughs
,Hiccup
,Hiccuped
,Hiccuping
,Hiccupped
,Hiccupping
,Hiccups
,Hick
,Hicked
,Hicker
,Hickest
,Hickey
,Hickeys
,Hicking
,Hickman
,Hickok
,Hickories
,Hickory
,Hicks
,Geta
,Getable
,Getas
,Getatable
,Getaway
,Getaways
,Getchellite
,Gethsemane
,Gettable
,Gettings
,Getty
,Gettysburg
,Getup
,Getups
,Temagamite
,Temazepam
,Temazepams
,Temblor
,Temblors
,Temecula
,Temerarious
,Temerities
,Temerity
,Temp
,Tempe
,Temped
,Tempeh
,Temper
,Tempera
,Temperament
,Temperamental
,Temperamentally
,Temperaments
,Temperance
,Temperances
,Temperas
,Temperate
,Temperated
,Temperately
,Temperateness
,Temperatenesses
,Temperates
,Temperating
,Tempered
,Tempereder
,Temperedest
,Tempering
,Temperings
,Tempers
,Tempest
,Tempested
,Tempesting
,Tempests
,Tempestuous
,Tempestuously
,Tempestuousness
,Tempestuousnesses
,Temping
,Templar
,Template
,Templated
,Templates
,Templating
,Templed
,Temples
,Templet
,Templets
,Templing
,Tempo
,Temporal
,Temporalis
,Temporalities
,Temporality
,Temporalization
,Temporalizations
,Temporally
,Temporals
,Temporalties
,Temporalty
,Temporaries
,Temporariness
,Temporarinesses
,Temporise
,Temporised
,Temporiser
,Temporisers
,Temporises
,Temporising
,Temporize
,Temporized
,Temporizer
,Temporizers
,Temporizes
,Temporizing
,Tempos
,Temps
,Tempt
,Temptable
,Temptation
,Temptations
,Tempted
,Tempter
,Tempters
,Tempting
,Temptinglier
,Temptingliest
,Temptingly
,Temptingness
,Temptingnesses
,Temptings
,Temptress
,Temptresses
,Tempts
,Tempura
,Tempuras
,Esophageal
,Esophagi
,Esophagitis
,Esophagitises
,Esophagoscope
,Esophagoscopes
,Esophagus
,Esophaguses
,Esoteric
,Esoterica
,Esoterically
,Esotericas
,Esoterics
,Esotropia
,Esotropias
,Daunt
,Daunted
,Daunting
,Dauntinglier
,Dauntingliest
,Dauntingly
,Dauntings
,Dauntless
,Dauntlesslier
,Dauntlessliest
,Dauntlessly
,Dauntlessness
,Dauntlessnesses
,Daunts
,Vase
,Vasectomies
,Vasectomise
,Vasectomised
,Vasectomises
,Vasectomising
,Vasectomize
,Vasectomized
,Vasectomizes
,Vasectomizing
,Vasectomy
,Vaseline
,Vases
,Pyracanth
,Pyracanths
,Pyracmonite
,Pyradoketosite
,Pyralid
,Pyralids
,Pyramid
,Pyramidal
,Pyramidals
,Pyramided
,Pyramidic
,Pyramidical
,Pyramidically
,Pyramiding
,Pyramidings
,Pyramids
,Pyrargyrite
,Pyre
,Pyrectic
,Pyrectics
,Pyrene
,Pyrenees
,Pyrenes
,Pyres
,Pyrethrums
,Pyretic
,Pyretics
,Pyrexia
,Pyrexias
,Pyridine
,Pyridines
,Pyridoxal
,Pyridoxals
,Pyridoxamine
,Pyridoxamines
,Pyridoxine
,Pyridoxines
,Pyrilamine
,Pyrilamines
,Pyrimidine
,Pyrimidines
,Pyrite
,Pyrites
,Pyriteses
,Pyroaurite
,Pyrobelonite
,Pyrocellulose
,Pyrocelluloses
,Pyrochemical
,Pyrochemistries
,Pyrochemistry
,Pyrochroite
,Pyroelectric
,Pyroelectrical
,Pyroelectricities
,Pyroelectricity
,Pyroelectrics
,Pyrogallic
,Pyrogallol
,Pyrogallols
,Pyrogen
,Pyrogenetic
,Pyrogenic
,Pyrogenous
,Pyrogens
,Pyrograph
,Pyrographed
,Pyrographer
,Pyrographers
,Pyrographic
,Pyrographies
,Pyrographing
,Pyrographs
,Pyrography
,Pyrola
,Pyrolas
,Pyrolatries
,Pyrolatry
,Pyroligneous
,Pyrolignic
,Pyrolusite
,Pyrolusites
,Pyrolyses
,Pyrolysis
,Pyrolytic
,Pyromancer
,Pyromancers
,Pyromancies
,Pyromancy
,Pyromania
,Pyromaniac
,Pyromaniacs
,Pyromanias
,Pyrometer
,Pyrometers
,Pyromorphite
,Pyromorphites
,Pyrope
,Pyropes
,Pyrophanite
,Pyrophobia
,Pyrophobias
,Pyrophosphate
,Pyrophosphates
,Pyrophyllite
,Pyrophyllites
,Pyroscope
,Pyroscopes
,Pyroses
,Pyrosis
,Pyrosmalite
,Pyrostat
,Pyrostats
,Pyrostilpnite
,Pyrotechnic
,Pyrotechnical
,Pyrotechnics
,Pyrotechnies
,Pyrotechny
,Pyroxene
,Pyroxenes
,Pyroxferroite
,Pyroxmangite
,Pyroxylin
,Pyroxyline
,Pyroxylines
,Pyroxylins
,Pyrrhic
,Pyrrhicer
,Pyrrhicest
,Pyrrhics
,Pyrrhotine
,Pyrrhotines
,Pyrrhotite
,Pyrrhotites
,Pyrrhuloxia
,Pyrrhuloxias
,Pyruvate
,Everydaier
,Everydaiest
,Everydayness
,Everydaynesses
,Everyman
,Everymen
,Everyplace
,Everythings
,Everywoman
,Everywomen
,Lara
,Laramie
,Larboard
,Larboards
,Larcener
,Larceners
,Larcenies
,Larcenist
,Larcenists
,Larcenous
,Larcenouses
,Larceny
,Larch
,Larches
,Lard
,Larded
,Larder
,Larderellite
,Larders
,Lardier
,Lardiest
,Larding
,Lardner
,Lards
,Lardy
,Laredo
,Largehearted
,Largelier
,Largeliest
,Largemouth
,Largemouths
,Largeness
,Largenesses
,Larges
,Largess
,Largesse
,Largesses
,Larghetto
,Larghettoes
,Larghissimo
,Largish
,Largo
,Largoer
,Largoes
,Largoest
,Largos
,Lari
,Lariat
,Lariated
,Lariating
,Lariats
,Larid
,Larids
,Laris
,Larisaite
,Lark
,Larked
,Larking
,Larks
,Larkspur
,Larkspurs
,Larn
,Larned
,Larnin
,Larning
,Larnite
,Larns
,Larosite
,Larousse
,Larrup
,Larruped
,Larruping
,Larrups
,Lars
,Larsen
,Larsenite
,Larson
,Larva
,Larvacean
,Larvaceans
,Larvacide
,Larvacides
,Larvae
,Larval
,Larvas
,Larvicide
,Larvicided
,Larvicides
,Larviciding
,Laryngeal
,Laryngeals
,Laryngectomies
,Laryngectomy
,Larynges
,Laryngismus
,Laryngismuses
,Laryngitis
,Laryngitises
,Laryngopharyngeal
,Laryngopharyngitis
,Laryngopharyngitises
,Laryngopharynxes
,Laryngoscope
,Laryngoscopes
,Laryngospasm
,Laryngospasms
,Laryngostenoses
,Laryngostenosis
,Laryngotracheobronchitis
,Laryngotracheobronchitises
,Larynxes
,Likelier
,Likelies
,Likeliest
,Likelihood
,Likelihoods
,Likeliness
,Likelinesses
,Goo
,Goober
,Goobered
,Goobering
,Goobers
,Goodall
,Goodbies
,Goodby
,Goodbyed
,Goodbyes
,Goodbying
,Goode
,Gooder
,Goodest
,Goodhearted
,Goodies
,Goodish
,Goodlier
,Goodliest
,Goodly
,Goodman
,Goodnesses
,Goodnight
,Goodrich
,Goodwill
,Goodwills
,Goodwin
,Goody
,Goodyear
,Gooed
,Gooeier
,Gooeiest
,Gooey
,Goof
,Goofball
,Goofballs
,Goofed
,Goofier
,Goofies
,Goofiest
,Goofiness
,Goofing
,Goofproof
,Goofproofed
,Goofproofing
,Goofproofs
,Goofs
,Goofy
,Googled
,Googles
,Googlier
,Googlies
,Googliest
,Googling
,Googly
,Googol
,Googolplexes
,Googols
,Gooier
,Gooiest
,Gooing
,Gook
,Gooks
,Goolagong
,Goon
,Gooney
,Gooneys
,Goonie
,Goonies
,Goons
,Goony
,Goop
,Goops
,Goos
,Goosander
,Goosanders
,Goose
,Gooseberries
,Gooseberry
,Goosebump
,Goosebumps
,Goosecreekite
,Goosed
,Goosefeet
,Goosefish
,Gooseflesh
,Goosefleshes
,Goosefoot
,Goosefoots
,Gooseier
,Gooseiest
,Gooselike
,Gooseneck
,Goosenecks
,Gooses
,Goosestep
,Goosestepped
,Goosestepping
,Goosesteps
,Goosey
,Gooseys
,Goosier
,Goosies
,Goosiest
,Goosing
,Goosy
,Allying
,Allyl
,Allylic
,Allyls
,Allyson
,Delayeder
,Delayedest
,Delayer
,Delayered
,Delayering
,Delayers
,Delaying
,Delays
,Rosenberg
,Rosenbergite
,Rosenbuschite
,Rosendo
,Rosenhahnite
,Rosenzweig
,Tuamotu
,Tuareg
,Tuatara
,Tuataras
,Tub
,Tuba
,Tubal
,Tubaler
,Tubalest
,Tubas
,Tubbed
,Tubbier
,Tubbies
,Tubbiest
,Tubbiness
,Tubbinesses
,Tubbing
,Tubby
,Tubed
,Tubeder
,Tubedest
,Tubeless
,Tubelesses
,Tubelike
,Tuber
,Tubercle
,Tubercles
,Tubercular
,Tuberculars
,Tuberculate
,Tuberculin
,Tuberculins
,Tuberculoid
,Tuberculoses
,Tuberculosis
,Tuberculous
,Tuberose
,Tuberoses
,Tuberosities
,Tuberosity
,Tuberous
,Tubers
,Tubes
,Tubful
,Tubfuls
,Tubing
,Tubings
,Tubman
,Tubocurarine
,Tubocurarines
,Tubs
,Tubular
,Tubule
,Tubules
,Tubulite
,Tuck
,Tuckahoe
,Tuckahoes
,Tucked
,Layabout
,Layabouts
,Layamon
,Layaway
,Laybies
,Layby
,Layered
,Layereder
,Layeredest
,Layering
,Layette
,Layettes
,Layings
,Layla
,Layman
,Laymen
,Layoff
,Layoffs
,Layouts
,Layover
,Layovers
,Laypeople
,Layperson
,Laypersons
,Lays
,Layton
,Layup
,Layups
,Laywoman
,Laywomen
,Waylaid
,Waylandite
,Waylay
,Waylayer
,Waylayers
,Waylaying
,Waylays
,Nay
,Nayed
,Naying
,Nays
,Naysayer
,Naysayers
,Naysaying
,Naysayings
,Tanka
,Tankage
,Tankages
,Tankard
,Tankards
,Tankas
,Tanked
,Tanker
,Tankered
,Tankering
,Tankers
,Tankful
,Tankfuls
,Tanking
,Tankini
,Externalisation
,Externalisations
,Externalise
,Externalised
,Externalises
,Externalising
,Externalities
,Externality
,Externalization
,Externalizations
,Externalize
,Externalized
,Externalizes
,Externalizing
,Externally
,Externals
,Dayan
,Daybed
,Daybeds
,Daybook
,Daybooks
,Dayboy
,Dayboys
,Daybreak
,Daybreaks
,Daycare
,Daycares
,Daydream
,Daydreamed
,Daydreamer
,Daydreamers
,Daydreaming
,Daydreamings
,Daydreams
,Daydreamt
,Dayed
,Dayflies
,Dayflower
,Dayflowers
,Dayfly
,Daygirl
,Daygirls
,Daying
,Daylight
,Daylighted
,Daylighting
,Daylights
,Daylilies
,Daylily
,Daylong
,Daylonger
,Daylongest
,Daypack
,Daypacks
,Dayspring
,Daysprings
,Daystar
,Daystars
,Daytime
,Daytimes
,Dayton
,Daytripper
,Daytrippers
,Otalgia
,Otalgias
,Otavite
,Otc
,Otcer
,Otcest
,Othello
,Othered
,Othering
,Otherness
,Othernesses
,Otherworld
,Otherworldliness
,Otherworldlinesses
,Otherworldly
,Otherworlds
,Othonna
,Othonnas
,Otic
,Otiose
,Otis
,Otitis
,Otitises
,Otjisumeite
,Otoganglion
,Otoganglions
,Otolaryngologies
,Otolaryngologist
,Otolaryngologists
,Otolaryngology
,Otologies
,Otologist
,Otologists
,Otology
,Otoplasties
,Otoplasty
,Otorhinolaryngological
,Otorhinolaryngologies
,Otorhinolaryngologist
,Otorhinolaryngologists
,Otorhinolaryngology
,Otorrhea
,Otorrheas
,Otoscleroses
,Otosclerosis
,Otoscope
,Otoscopes
,Ototoxic
,Ottar
,Ottars
,Ottawa
,Ottemannite
,Ottensite
,Otter
,Otterhound
,Otterhounds
,Otters
,Otto
,Ottohahnite
,Ottoite
,Ottoman
,Ottomans
,Ottomen
,Otwayite
,Adjacencies
,Adjacency
,Adjacently
,Adjacents
,Adjectival
,Adjectivally
,Adjectivals
,Adjective
,Adjectived
,Adjectively
,Adjectives
,Adjectiving
,Adjoin
,Adjoined
,Adjoining
,Adjoins
,Adjourn
,Adjourned
,Adjourning
,Adjournment
,Adjournments
,Adjourns
,Adjudge
,Adjudged
,Adjudges
,Adjudging
,Adjudicate
,Adjudicated
,Adjudicates
,Adjudicating
,Adjudication
,Adjudications
,Adjudicative
,Adjudicator
,Adjudicators
,Adjudicatory
,Adjunct
,Adjunction
,Adjunctions
,Adjunctive
,Adjunctives
,Adjuncts
,Adjuration
,Adjurations
,Adjuratory
,Adjure
,Adjured
,Adjures
,Adjuring
,Adjustability
,Adjustable
,Adjustables
,Adjuster
,Adjusters
,Adjusting
,Adjustive
,Adjustment
,Adjustments
,Adjustor
,Adjustors
,Adjusts
,Adjutant
,Adjutants
,Adjuvant
,Adjuvants
,Qabala
,Qabalah
,Qabalahs
,Qabalas
,Qabalistic
,Qaddafi
,Qadi
,Qadis
,Qandilite
,Qantas
,Qaqarssukite
,Qat
,Qatar
,Qatari
,Qataris
,Qatranaite
,Qats
,Raj
,Raja
,Rajah
,Rajahs
,Rajanya
,Rajanyas
,Rajas
,Rajite
,Rajs
,Oncer
,Oncest
,Onchocerciases
,Onchocerciasis
,Oncidiums
,Oncogene
,Oncogenes
,Oncologic
,Oncological
,Oncologies
,Oncologist
,Oncologists
,Oncology
,Oncoming
,Oncomings
,Tlaloc
,Tlalocite
,Tlapallite
,Tlc
,Tlingit
,Srebrodolskite
,Srilankite
,Srinagar
,Sriracha
,Srivijaya
,Mas
,Masa
,Masada
,Masai
,Masaitisite
,Masala
,Masaryk
,Masas
,Mascagni
,Mascagnite
,Mascara
,Mascaraed
,Mascaraing
,Mascaras
,Mascarpone
,Mascarpones
,Mascot
,Mascots
,Masculine
,Masculines
,Masculinisation
,Masculinisations
,Masculinise
,Masculinised
,Masculinises
,Masculinising
,Masculinities
,Masculinity
,Masculinization
,Masculinizations
,Masculinize
,Masculinized
,Masculinizes
,Masculinizing
,Masdevallia
,Masdevallias
,Masefield
,Maser
,Maserati
,Masers
,Gaea
,Elocute
,Elocuted
,Elocutes
,Elocuting
,Elocution
,Elocutionary
,Elocutionist
,Elocutionists
,Elocutions
,Elodea
,Elodeas
,Elohim
,Eloise
,Elongate
,Elongated
,Elongates
,Elongating
,Elongation
,Elongations
,Elope
,Eloped
,Elopement
,Elopements
,Elopes
,Eloping
,Eloquence
,Eloquences
,Eloquent
,Eloquently
,Eloy
,Noxious
,Noxiouslier
,Noxiousliest
,Noxiously
,Noxiousness
,Noxiousnesses
,Noxzema
,Nosean
,Nosebag
,Nosebags
,Noseband
,Nosebands
,Nosebleed
,Nosebleeds
,Nosecount
,Nosecounts
,Nosed
,Noseder
,Nosedest
,Nosedive
,Nosedived
,Nosedives
,Nosediving
,Nosegay
,Nosegays
,Noseier
,Noseiest
,Noseless
,Nosepiece
,Nosepieces
,Noses
,Nosewheel
,Nosewheels
,Nosey
,Noseys
,Nosferatu
,Nosh
,Noshed
,Nosher
,Noshers
,Noshes
,Noshing
,Nosier
,Nosies
,Nosiest
,Nosily
,Nosiness
,Nosinesses
,Nosing
,Nosocomial
,Nosohusial
,Nosologies
,Nosology
,Nostalgia
,Nostalgias
,Nostalgic
,Nostalgically
,Nostalgics
,Nostoc
,Nostocs
,Nostradamus
,Nostril
,Nostrils
,Nostrums
,Nosy
,Riomarinaite
,Rios
,Rioted
,Rioter
,Rioters
,Rioting
,Riotings
,Riotintoite
,Riotous
,Riotously
,Riotousness
,Riots
,Elasmobranch
,Elasmobranches
,Elasmochloite
,Elastance
,Elastances
,Elastase
,Elastases
,Elastic
,Elastically
,Elasticated
,Elasticised
,Elasticities
,Elasticity
,Elasticize
,Elasticized
,Elasticizes
,Elasticizing
,Elastics
,Elasticsearch
,Elastin
,Elastins
,Elastomer
,Elastomers
,Elastoplast
,Elastoses
,Elastosis
,Kuannersuite
,Kublai
,Kubrick
,Kuchen
,Kudos
,Kudriavite
,Kudryavtsevaite
,Kudu
,Kudus
,Kudzu
,Kudzus
,Kufahrite
,Kuhn
,Kuibyshev
,Kukharenkoite
,Kukisvumite
,Kuksite
,Kulanite
,Kuliginite
,Kuliokite
,Kulkeite
,Kullerudite
,Kulthumm
,Kumdykolite
,Kumis
,Kummel
,Kummels
,Kummerite
,Kumquat
,Kumquats
,Kumtyubeite
,Kunatite
,Kunming
,Kunzite
,Kunzites
,Kuomintang
,Kupletskite
,Kurakkan
,Kurakkans
,Kuramite
,Kuranakhite
,Kuratite
,Kurchatovite
,Kurchee
,Kurchees
,Kurchi
,Kurchis
,Kurd
,Kurdish
,Kurdistan
,Kurds
,Kurgantaite
,Kurilite
,Kurnakovite
,Kurosawa
,Kurrajong
,Kurrajongs
,Kurrat
,Kurrats
,Kurt
,Kurta
,Kurtas
,Kurtis
,Kuru
,Kurumsakite
,Kurus
,Kuruses
,Kusachiite
,Kusch
,Kushiroite
,Kutch
,Kutches
,Kutinaite
,Kutnohorite
,Kutuzov
,Kuvaevite
,Kuvasz
,Kuvaszes
,Kuwait
,Kuwaiti
,Kuwaitis
,Kuzelite
,Kuzminite
,Kuznets
,Kuznetsk
,Kuznetsovite
,Redding
,Reddingite
,Reddish
,Reddishness
,Reddishnesses
,Reddle
,Reddled
,Reddles
,Reddling
,Rede
,Redecorate
,Redecorated
,Redecorates
,Redecorating
,Redecoration
,Reded
,Rededicate
,Rededicated
,Rededicates
,Rededicating
,Rededication
,Rededications
,Redeem
,Redeemable
,Redeemables
,Redeemed
,Redeemer
,Redeemers
,Redeeming
,Redeemings
,Redeems
,Redefine
,Redefined
,Redefines
,Redefining
,Redefinition
,Redefinitions
,Redeliver
,Redelivered
,Redelivering
,Redelivers
,Redemption
,Redemptional
,Redemptions
,Redemptive
,Redemptory
,Redeploy
,Redeployed
,Redeploying
,Redeployment
,Redeployments
,Redeploys
,Redeposit
,Redeposited
,Redepositing
,Redeposition
,Redepositions
,Redeposits
,Reder
,Redes
,Razbliuto
,Razbliutoes
,Raze
,Razed
,Razeder
,Razedest
,Razes
,Razing
,Razings
,Razmataz
,Razmatazes
,Razor
,Razorback
,Razorbacks
,Razorbill
,Razorbills
,Razorblade
,Razorblades
,Razored
,Razoring
,Razors
,Razz
,Razzed
,Razzes
,Razzing
,Razzings
,Razzle
,Razzled
,Razzles
,Razzling
,Razzmatazz
,Razzmatazzes
,Sara
,Saraband
,Sarabands
,Sarabauite
,Saracen
,Saragossa
,Sarajevo
,Saran
,Saranchinaite
,Saranovskite
,Sarans
,Sarape
,Sarapes
,Sarasota
,Saratov
,Sarawak
,Sarcasm
,Sarcasms
,Sarcastic
,Sarcastically
,Sarcenet
,Sarcenets
,Sarcocystidean
,Sarcocystideans
,Sarcocystieian
,Sarcocystieians
,Sarcodine
,Sarcodines
,Sarcodinian
,Sarcodinians
,Sarcoid
,Sarcoidoses
,Sarcoidosis
,Sarcoids
,Sarcolemma
,Sarcolemmal
,Sarcolemmas
,Sarcolemmic
,Sarcolemnous
,Sarcolite
,Sarcoma
,Sarcomas
,Sarcomere
,Sarcomeres
,Sarcophagi
,Sarcophagus
,Sarcophaguses
,Sarcoplasm
,Sarcoplasms
,Sarcopside
,Sarcoptid
,Sarcoptids
,Sarcosine
,Sarcosines
,Sarcosomal
,Sarcosome
,Sarcosomes
,Sarcosporidian
,Sarcosporidians
,Sarcostyle
,Sarcostyles
,Sard
,Sardashtite
,Sardignaite
,Sardine
,Sardined
,Sardines
,Sardinia
,Sardining
,Sardius
,Sardiuses
,Sardonic
,Sardonically
,Sardonyxes
,Sards
,Saree
,Sarees
,Sargasso
,Sargassoes
,Sargassums
,Sarge
,Sargent
,Sarges
,Sargon
,Sari
,Sarin
,Sarins
,Saris
,Sarkinite
,Sarky
,Sarmientite
,Sarnie
,Sarnies
,Sarnoff
,Sarong
,Sarongs
,Saroyan
,Sarrabusite
,Sarrochite
,Sars
,Sarsaparilla
,Sarsaparillas
,Sarsenet
,Sarsenets
,Sarto
,Sartor
,Sartorial
,Sartorially
,Sartorite
,Sartorius
,Sartoriuses
,Sartors
,Sartre
,Sarvodaite
,Saryarkite
,Cosalite
,Cosby
,Coscoroba
,Coscorobas
,Cosec
,Cosecant
,Cosecants
,Cosecs
,Coseismal
,Coseismals
,Coseismic
,Coses
,Cosh
,Coshed
,Cosher
,Coshes
,Coshing
,Cosier
,Cosies
,Cosiest
,Cosign
,Cosignatories
,Cosignatory
,Cosigned
,Cosigner
,Cosigners
,Cosigning
,Cosigns
,Cosilier
,Cosiliest
,Cosily
,Cosine
,Cosines
,Cosiness
,Cosinesses
,Coskrenite
,Cosmea
,Cosmeas
,Cosmetic
,Cosmetically
,Cosmetician
,Cosmeticians
,Cosmetics
,Cosmetologies
,Cosmetologist
,Cosmetologists
,Cosmetology
,Cosmic
,Cosmically
,Cosmid
,Cosmids
,Cosmogenic
,Cosmogenies
,Cosmogeny
,Cosmogonic
,Cosmogonical
,Cosmogonies
,Cosmogonist
,Cosmogonists
,Cosmogony
,Cosmographer
,Cosmographers
,Cosmographies
,Cosmographist
,Cosmographists
,Cosmography
,Cosmolatries
,Cosmolatry
,Cosmologic
,Cosmological
,Cosmologies
,Cosmologist
,Cosmologists
,Cosmology
,Cosmonaut
,Cosmonauts
,Cosmopolitan
,Cosmopolitanism
,Cosmopolitanities
,Cosmopolitanity
,Cosmopolitans
,Cosmopolite
,Cosmopolites
,Cosmos
,Cosmosdb
,Cosmoses
,Cosmotron
,Cosmotrons
,Cosplay
,Cosplayed
,Cosplayer
,Cosplayers
,Cosplaying
,Cosplays
,Cosponsor
,Cosponsored
,Cosponsoring
,Cosponsors
,Coss
,Mos
,Mosaic
,Mosaicism
,Mosaicisms
,Mosaics
,Mosandrite
,Moschelite
,Moschellandsbergite
,Moseley
,Moselle
,Moses
,Mosesite
,Mosey
,Moseyed
,Moseying
,Moseys
,Mosh
,Moshav
,Moshavs
,Moshed
,Moshes
,Moshing
,Moskvinite
,Mosley
,Mosque
,Mosques
,Mosquito
,Mosquitoes
,Mosquitofish
,Moss
,Mossback
,Mossbacks
,Mossed
,Mosses
,Mossier
,Mossies
,Mossiest
,Mossing
,Mosstone
,Mossy
,Mostaccioli
,Mostacciolis
,Moster
,Mostest
,Mostlier
,Mostliest
,Mosul
,Mapimite
,Mapinguari
,Mapinguaris
,Mapiquiroite
,Maple
,Maplelike
,Maples
,Mapmaker
,Mapmakers
,Mapmaking
,Mapmakings
,Mapped
,Mapper
,Mappers
,Mapping
,Mappings
,Mapplethorpe
,Mapquest
,Mapquested
,Mapquesting
,Mapquests
,Maputo
,Troat
,Troated
,Troating
,Troats
,Trobriand
,Trochaic
,Trochaics
,Trochanter
,Trochanters
,Troche
,Trochee
,Trochees
,Troches
,Trochlear
,Trochlearis
,Trochlears
,Trod
,Trodden
,Troglodyte
,Troglodytes
,Trogon
,Trogons
,Trogtalite
,Troika
,Troikas
,Troilite
,Troilus
,Trojan
,Trojaned
,Trojaning
,Trojans
,Trojniak
,Trojniaks
,Troll
,Trolled
,Trolleite
,Troller
,Trollers
,Trolley
,Trolleybus
,Trolleybuses
,Trolleyed
,Trolleying
,Trolleys
,Trollies
,Trolling
,Trollings
,Trollop
,Trollope
,Trolloped
,Trolloping
,Trollops
,Trolls
,Trombiculiases
,Trombiculiasis
,Trombiculid
,Trombiculids
,Trombidiid
,Trombidiids
,Trombone
,Tromboned
,Trombones
,Tromboning
,Trombonist
,Trombonists
,Tromp
,Tromped
,Trompillo
,Trompilloes
,Tromping
,Tromps
,Tron
,Trona
,Trondheim
,Troop
,Trooped
,Trooper
,Troopered
,Troopering
,Troopers
,Trooping
,Troopship
,Troopships
,Trope
,Troped
,Tropes
,Trophic
,Trophied
,Trophies
,Trophobioses
,Trophobiosis
,Trophoblast
,Trophoblastic
,Trophoblasts
,Trophotropic
,Trophotropism
,Trophotropisms
,Trophozoite
,Trophozoites
,Sixer
,Sixers
,Sixes
,Sixest
,Sixfold
,Sixpack
,Sixpacks
,Sixpence
,Sixpences
,Sixpennier
,Sixpennies
,Sixpenniest
,Sixpenny
,Sixsome
,Sixsomes
,Sixteen
,Sixteens
,Sixteenth
,Sixteenths
,Sixthed
,Sixther
,Sixthest
,Sixthing
,Sixthlier
,Sixthliest
,Sixthly
,Sixths
,Sixtier
,Sixties
,Sixtieses
,Sixtiest
,Sixtieth
,Sixtieths
,Sixty
,Maseru
,Mash
,Mashed
,Masher
,Mashers
,Mashes
,Mashhad
,Mashie
,Mashies
,Mashing
,Mashup
,Mashups
,Masjid
,Masjids
,Masked
,Maskeder
,Maskedest
,Masker
,Maskered
,Sol
,Solace
,Solaced
,Solacement
,Solacements
,Solaces
,Solacing
,Solan
,Solanaceous
,Solans
,Solaria
,Solarisation
,Solarisations
,Solarise
,Solarised
,Solarises
,Solarising
,Solariums
,Solarization
,Solarizations
,Solarize
,Solarized
,Solarizes
,Solarizing
,Solars
,Solder
,Soldered
,Solderer
,Solderers
,Soldering
,Solderings
,Solders
,Soldest
,Soldiered
,Soldierfish
,Soldieries
,Soldiering
,Soldierings
,Soldierlier
,Soldierliest
,Soldierlike
,Soldierly
,Soldiership
,Soldierships
,Soldiery
,Solebar
,Solebars
,Solecism
,Solecisms
,Soled
,Soleder
,Soledest
,Soleless
,Solelier
,Celadonite
,Celandine
,Celandines
,Celeb
,Celebrant
,Celebrants
,Celebrater
,Celebraters
,Celebrates
,Celebrations
,Celebrator
,Celebrators
,Celebratory
,Celebs
,Celecoxib
,Celecoxibs
,Celeriac
,Celeriacs
,Celeries
,Celerities
,Celerity
,Celery
,Celesta
,Celestas
,Celeste
,Celestial
,Celestially
,Celestials
,Celestine
,Celestite
,Celestites
,Celgene
,Celia
,Celiac
,Celiacs
,Celibacies
,Celibacy
,Celibate
,Celibated
,Celibates
,Celibating
,Celina
,Celiocenteses
,Celiocentesis
,Celioma
,Celiomas
,Celioscopies
,Celioscopy
,Cellar
,Cellarage
,Cellarages
,Cellared
,Cellaret
,Cellarets
,Cellaring
,Cellars
,Cellblock
,Cellblocks
,Celled
,Celleriite
,Celling
,Cellini
,Cellist
,Cellists
,Cellmate
,Cellmates
,Cello
,Celloes
,Cellophane
,Cellophaned
,Cellophanes
,Cellophaning
,Cellos
,Cellphone
,Cellphoned
,Cellphones
,Cellphoning
,Cellular
,Cellularities
,Cellularity
,Cellulars
,Cellulite
,Cellulites
,Cellulitis
,Cellulitises
,Celluloid
,Celluloids
,Cellulose
,Celluloses
,Cellulosic
,Cellulosics
,Celom
,Celoma
,Celomas
,Celoms
,Celsian
,Celsius
,Celts
,Celtuce
,Celtuces
,Stoat
,Stoats
,Stob
,Stobbed
,Stobbing
,Stobs
,Stochastic
,Stochasticallier
,Stochasticalliest
,Stochastically
,Stochasticities
,Stochasticity
,Stockade
,Stockaded
,Stockades
,Stockading
,Stockbreeder
,Stockbreeders
,Stockbroker
,Stockbrokers
,Stockbroking
,Stockcar
,Stockcars
,Stocked
,Stockeder
,Stockedest
,Stocker
,Stockers
,Stockest
,Stockfish
,Stockhausen
,Stockholder
,Stockholders
,Stockholding
,Stockholdings
,Stockholm
,Stockhorn
,Stockhorns
,Stockier
,Stockiest
,Stockilier
,Stockiliest
,Stockily
,Stockiness
,Stockinesses
,Stockinet
,Stockinets
,Stockinette
,Stockinettes
,Stocking
,Stockinged
,Stockingeder
,Stockingedest
,Stockings
,Stockist
,Stockists
,Stockjobber
,Stockjobbers
,Stockman
,Sonant
,Sonants
,Sonar
,Sonars
,Sonata
,Sonatas
,Sonatina
,Sonatinas
,Sondheim
,Sondra
,Sone
,Sones
,Songbird
,Songbirds
,Songbook
,Songbooks
,Songfest
,Songfests
,Songful
,Songfulness
,Songfulnesses
,Songhai
,Songhua
,Songlike
,Songwriter
,Songwriters
,Songwriting
,Sonia
,Sonic
,Sonja
,Sonned
,Sonnet
,Sonneted
,Sonneteer
,Sonneteered
,Sonneteering
,Sonneteers
,Sonneting
,Sonnets
,Sonnies
,Sonning
,Sonny
,Sonofabitch
,Sonogram
,Sonogrammed
,Sonogramming
,Sonograms
,Sonograph
,Sonographies
,Sonographs
,Sonography
,Sonolite
,Sonometer
,Sonometers
,Sonora
,Sonoraite
,Sonorities
,Sonority
,Sonorous
,Sonorously
,Sonorousness
,Sonorousnesses
,Sonsie
,Sonsier
,Sonsiest
,Sonsofbitches
,Sonsy
,Sontag
,Sonya
,Kvanefjeldite
,Kvass
,Kvasses
,Kvetch
,Kvetched
,Kvetcher
,Kvetchers
,Kvetches
,Kvetching
,Vasoconstriction
,Vasoconstrictions
,Vasoconstrictive
,Vasoconstrictives
,Vasoconstrictor
,Vasoconstrictors
,Vasodilation
,Vasodilations
,Vasodilative
,Vasodilatives
,Vasodilator
,Vasodilators
,Vasomotor
,Vasopressin
,Vasopressins
,Vasopressor
,Vasopressors
,Vasosection
,Vasosections
,Vasotomies
,Vasotomy
,Vasovasostomies
,Vasovasostomy
,Vasovesiculitis
,Vasovesiculitises
,Lola
,Lolcat
,Lolcats
,Loligo
,Loligoes
,Loligos
,Lolita
,Loll
,Lollard
,Lolled
,Lollies
,Lolling
,Lollipop
,Lollipops
,Lollobrigida
,Lollop
,Lolloped
,Lolloping
,Lollopped
,Lollopping
,Lollops
,Lolls
,Lolly
,Lollygag
,Lollygaged
,Lollygagged
,Lollygagging
,Lollygaging
,Lollygags
,Indubitabilities
,Indubitability
,Indubitable
,Indubitables
,Indubitably
,Induce
,Inducement
,Inducements
,Inducer
,Inducers
,Induces
,Inducing
,Inducings
,Inducive
,Induct
,Inductance
,Inductances
,Inducted
,Inductee
,Inductees
,Inducting
,Induction
,Inductionism
,Inductionisms
,Inductions
,Inductive
,Inductively
,Inductor
,Inductors
,Inducts
,Indue
,Indued
,Indues
,Induing
,Indulge
,Indulged
,Indulgence
,Indulgenced
,Indulgences
,Indulgencing
,Indulgent
,Indulgently
,Indulges
,Indulging
,Indulgings
,Indument
,Induments
,Indumentums
,Indurate
,Indurated
,Indurates
,Indurating
,Induration
,Indurations
,Indus
,Indusial
,Indusiums
,Industrialisation
,Industrialisations
,Industrialise
,Industrialised
,Industrialises
,Industrialising
,Industrialism
,Industrialisms
,Industrialist
,Industrialists
,Industrialization
,Industrializations
,Industrialize
,Industrialized
,Industrializes
,Industrializing
,Industrially
,Industrials
,Industrious
,Industriously
,Industriousness
,Industriousnesses
,Ibadan
,Iberia
,Iberian
,Iberomesornis
,Ibexes
,Ibidem
,Ibis
,Ibises
,Ibiza
,Iblis
,Ibm
,Ibo
,Ibsen
,Ibuprofen
,Ibuprofens
,Oca
,Ocala
,Ocaml
,Ocarina
,Ocarinas
,Ocas
,Occam
,Occasionals
,Occasioned
,Occasioning
,Occident
,Occidental
,Occidentalise
,Occidentalised
,Occidentalises
,Occidentalising
,Itemed
,Itemer
,Itemest
,Iteming
,Itemisation
,Itemisations
,Itemise
,Itemised
,Itemises
,Itemising
,Itemization
,Itemizations
,Itemize
,Itemized
,Itemizes
,Itemizing
,Berate
,Berated
,Berates
,Berating
,Beratings
,Beraunite
,Berber
,Berborite
,Berceuse
,Berceuses
,Berdesinskiite
,Bereave
,Bereaved
,Bereaveds
,Bereavement
,Bereavements
,Bereaves
,Bereaving
,Bereft
,Berefter
,Ipecac
,Ipecacs
,Iphigenia
,Ipo
,Ipod
,Iproclozide
,Iproclozides
,Ipsedixitism
,Ipsedixitisms
,Ipsilateral
,Ipswich
,Negate
,Negated
,Negates
,Negating
,Negation
,Negations
,Negatived
,Negatively
,Negativeness
,Negativenesses
,Negatives
,Negativing
,Negativism
,Negativisms
,Negativist
,Negativists
,Negativities
,Negativity
,Negatron
,Negatrons
,Negev
,Negevite
,Neglect
,Neglected
,Neglecter
,Neglecters
,Neglectful
,Neglectfully
,Neglectfulness
,Neglectfulnesses
,Neglecting
,Neglects
,Neglige
,Negligee
,Negligees
,Negligence
,Negligences
,Negligent
,Negligently
,Negliges
,Negligible
,Negligibly
,Negociate
,Negociated
,Negociates
,Negociating
,Negotiability
,Negotiable
,Negotiables
,Negotiant
,Negotiants
,Negotiate
,Negotiated
,Negotiates
,Negotiating
,Negotiation
,Negotiator
,Negotiators
,Negotiatress
,Negotiatresses
,Negotiatrixes
,Negress
,Negresses
,Negritude
,Negro
,Negroer
,Negroes
,Negroest
,Negroid
,Negros
,Negus
,Neguses
,Omnibus
,Omnibused
,Omnibuses
,Omnibusing
,Omnidirectional
,Omnifarious
,Omnipotence
,Omnipotences
,Omnipotent
,Omnipotents
,Omnipresence
,Omnipresences
,Omnipresent
,Omnirange
,Omniranges
,Omniscience
,Omnisciences
,Omniscient
,Omniscients
,Omnivore
,Omnivores
,Omnivorous
,Omnivorously
,Omnivorousness
,Omnivorousnesses
,Sicked
,Sicken
,Sickened
,Sickening
,Sickeningly
,Sickeningness
,Sickeningnesses
,Sickenings
,Sickens
,Sicker
,Sickest
,Rem
,Remade
,Remaindered
,Remaindering
,Remainders
,Remainings
,Remake
,Remakes
,Remaking
,Remakings
,Remand
,Remanded
,Remanding
,Remands
,Remap
,Remapped
,Remapping
,Remaps
,Remark
,Remarkableness
,Remarkably
,Remarked
,Remarking
,Remarque
,Remarriage
,Remarriages
,Remarried
,Remarries
,Remarry
,Remarrying
,Remaster
,Remastered
,Remastering
,Boxberries
,Boxberry
,Boxcar
,Boxcarred
,Boxcarring
,Boxcars
,Boxed
,Boxeder
,Boxedest
,Boxen
,Boxer
,Boxers
,Boxershorts
,Boxfish
,Boxful
,Boxfuls
,Boxier
,Boxiest
,Boxings
,Boxlike
,Boxroom
,Boxrooms
,Boxthorn
,Boxthorns
,Boxwood
,Boxwoods
,Boxy
,Deb
,Debacle
,Debacles
,Debar
,Debark
,Debarkation
,Debarkations
,Debarked
,Debarking
,Debarks
,Debarment
,Debarments
,Debarred
,Debarring
,Debars
,Debase
,Debased
,Debasement
,Debasements
,Debaser
,Debasers
,Debases
,Debasing
,Debatable
,Debatables
,Debated
,Debater
,Debaters
,Debates
,Debating
,Debattistiite
,Debauch
,Debauched
,Debauchee
,Debauchees
,Debaucher
,Debaucheries
,Debauchers
,Debauchery
,Debauches
,Debauching
,Debbie
,Debby
,Debenture
,Debentures
,Debian
,Debile
,Debilitate
,Debilitated
,Debilitates
,Debilitating
,Debilitation
,Debilitations
,Debilitative
,Debilities
,Debility
,Debit
,Debited
,Debiting
,Debitor
,Debitors
,Debits
,Debonair
,Debonaire
,Debonairly
,Debonairness
,Debone
,Deboned
,Debones
,Deboning
,Debonnaire
,Debora
,Deborah
,Debouch
,Debouched
,Debouches
,Debouching
,Debouillet
,Debra
,Debridement
,Debridements
,Debrief
,Debriefed
,Debriefing
,Debriefings
,Debriefs
,Debris
,Debs
,Debtor
,Debtors
,Debts
,Debug
,Debugged
,Debugger
,Debuggers
,Debugging
,Debugs
,Debunk
,Debunked
,Debunker
,Debunkers
,Debunking
,Debunkings
,Debunks
,Debussy
,Debutante
,Debutantes
,Debuted
,Debuting
,Debuts
,Onlier
,Onliest
,Onlined
,Onlines
,Onlining
,Onlooker
,Onlookers
,Onlooking
,Ambage
,Ambages
,Ambageses
,Ambagious
,Ambassadorial
,Ambassadors
,Ambassadorship
,Ambassadorships
,Ambassadress
,Ambassadresses
,Amber
,Amberbell
,Amberbells
,Amberfish
,Ambergris
,Amberjack
,Amberjacks
,Ambers
,Ambiance
,Ambiances
,Ambidexterities
,Ambidexterity
,Ambidextrous
,Ambidextrously
,Ambidextrousness
,Ambidextrousnesses
,Ambience
,Ambiences
,Ambient
,Ambiguities
,Ambiguity
,Ambiguous
,Ambiguously
,Ambit
,Ambition
,Ambitioned
,Ambitioning
,Ambitionless
,Ambitions
,Ambitious
,Ambitiously
,Ambitiousness
,Ambitiousnesses
,Ambits
,Ambivalence
,Ambivalences
,Ambivalencies
,Ambivalency
,Ambivalent
,Ambivalently
,Ambiversion
,Ambiversions
,Ambiversive
,Amble
,Ambled
,Ambler
,Amblers
,Ambles
,Ambling
,Amblygonite
,Amblygonites
,Amblyopia
,Amblyopias
,Amblyopic
,Ambo
,Amboceptor
,Amboceptors
,Amboes
,Ambos
,Amboyna
,Amboynas
,Ambrinoite
,Ambrosia
,Ambrosial
,Ambrosian
,Ambrosias
,Ambulacral
,Ambulacrals
,Ambulacrums
,Ambulanced
,Ambulanceman
,Ambulancemen
,Ambulances
,Ambulancewoman
,Ambulancewomen
,Ambulancing
,Ambulant
,Ambulate
,Ambulated
,Ambulates
,Ambulating
,Ambulation
,Ambulations
,Ambulatories
,Ambulatory
,Ambuscade
,Ambuscaded
,Ambuscades
,Ambuscading
,Ambush
,Ambushed
,Ambusher
,Ambushers
,Ambushes
,Ambushing
,Ambystomid
,Ambystomids
,Siege
,Sieged
,Siegenite
,Sieges
,Siegfried
,Sieging
,Sieleckiite
,Siemens
,Sienna
,Siennas
,Sierpinski
,Sierras
,Siesta
,Siestaed
,Siestaing
,Siestas
,Sieve
,Sieved
,Sieves
,Sieving
,Rosiaite
,Rosicrucian
,Rosie
,Rosier
,Rosiest
,Rosilla
,Rosillas
,Rosily
,Rosin
,Rosined
,Rosiness
,Rosinesses
,Rosing
,Rosining
,Rosinned
,Rosinning
,Rosins
,Rosinweed
,Rosinweeds
,Rosita
,Rositas
,Dena
,Denali
,Denarier
,Denaries
,Denariest
,Denary
,Denationalisation
,Denationalisations
,Denationalise
,Denationalised
,Denationalises
,Denationalising
,Denationalization
,Denationalizations
,Denationalize
,Denationalized
,Denationalizes
,Denationalizing
,Denaturalise
,Denaturalised
,Denaturalises
,Denaturalising
,Denaturalize
,Denaturalized
,Denaturalizes
,Denaturalizing
,Denaturant
,Denaturants
,Denaturation
,Denature
,Denatured
,Denatures
,Denaturing
,Denaturised
,Denaturized
,Denazification
,Denazifications
,Denazified
,Denazifies
,Denazify
,Denazifying
,Dendoraite
,Dendriform
,Dendrite
,Dendrites
,Dendritic
,Dendritics
,Dendrobiums
,Dendroid
,Dendroidal
,Dendroider
,Dendroidest
,Dendroids
,Dendrologies
,Dendrology
,Deneb
,Denebola
,Deng
,Dengue
,Dengues
,Deniability
,Deniable
,Denial
,Denials
,Denier
,Deniers
,Denies
,Denigrate
,Denigrated
,Denigrates
,Denigrating
,Denigration
,Denigrations
,Denigrative
,Denigratory
,Denim
,Denims
,Denis
,Denise
,Denisovite
,Denitrator
,Denitrators
,Denitrification
,Denitrified
,Denitrifies
,Denitrify
,Denitrifying
,Denivelation
,Denivelations
,Denizen
,Denizened
,Denizening
,Denizens
,Denned
,Denning
,Denningite
,Denny
,Denominate
,Denominated
,Denominates
,Denominating
,Denomination
,Denominational
,Denominationalism
,Denominationalisms
,Denominationally
,Denominations
,Denominator
,Denominators
,Denotation
,Denotations
,Denotative
,Denotatums
,Denote
,Denoted
,Denotes
,Denoting
,Denotive
,Denouement
,Denouements
,Denounce
,Denounced
,Denouncement
,Denouncements
,Denounces
,Denouncing
,Dens
,Dense
,Denselier
,Denseliest
,Densely
,Denseness
,Densenesses
,Denser
,Denses
,Densest
,Densification
,Densifications
,Densimeter
,Densimeters
,Densities
,Densitometer
,Densitometers
,Densitometries
,Densitometry
,Dent
,Dentally
,Dentals
,Dentate
,Dented
,Denticle
,Denticles
,Denticulate
,Denticulates
,Dentifrice
,Dentifrices
,Dentin
,Dentine
,Dentines
,Denting
,Dentins
,Dentist
,Dentistries
,Dentistry
,Dentists
,Dentition
,Dentitions
,Denton
,Dents
,Denture
,Dentures
,Denturist
,Denturists
,Denuclearize
,Denuclearized
,Denuclearizes
,Denuclearizing
,Denudate
,Denudated
,Denudates
,Denudating
,Denudation
,Denudations
,Denude
,Denuded
,Denudes
,Denuding
,Denumerable
,Denunciation
,Denunciations
,Denunciative
,Denunciatory
,Denying
,Thanatologies
,Thanatology
,Thanatophobia
,Thanatophobias
,Thanatopses
,Thanatopsis
,Thane
,Thanes
,Thaneship
,Thaneships
,Thanh
,Thanked
,Thankful
,Thankfullier
,Thankfulliest
,Thankfully
,Thankfulness
,Thankfulnesses
,Thanking
,Thankless
,Thanklessly
,Thanklessness
,Thanksgivings
,Thant
,Psalm
,Psalmed
,Psalming
,Psalmist
,Psalmists
,Psalmodied
,Psalmodies
,Psalmody
,Psalmodying
,Psalms
,Psalter
,Psalteries
,Psalteriums
,Psaltery
,Psammoma
,Psammomas
,Psephologies
,Psephologist
,Psephologists
,Psephology
,Pseud
,Pseudo
,Pseudoboleite
,Pseudobrookite
,Pseudobulb
,Pseudobulbs
,Pseudocarp
,Pseudocarps
,Pseudocotunnite
,Pseudocyeses
,Pseudocyesis
,Pseudodickthomssenite
,Pseudoephedrine
,Pseudoephedrines
,Pseudoer
,Pseudoes
,Pseudoest
,Pseudograndreefite
,Pseudohallucination
,Ewaldite
,Ewe
,Ewer
,Ewers
,Ewes
,Ewing
,Ewingite
,Voxel
,Voxels
,Voxes
,Kenaf
,Kenafs
,Kencur
,Kencurs
,Kendall
,Kendo
,Kendra
,Kendrick
,Kenhsuite
,Kenmore
,Kennan
,Kenned
,Kennel
,Kenneled
,Kenneling
,Kennelled
,Kennelling
,Kennels
,Kenneth
,Kennewick
,Kenngottite
,Kenning
,Kennings
,Kennith
,Kennygayite
,Keno
,Kenoargentotennantite
,Kenoargentotetrahedrite
,Kenoes
,Kenogeneses
,Kenogenesis
,Kenomicrolite
,Kenoplumbomicrolite
,Kenorozhdestvenskayaite
,Kenoses
,Kenosha
,Kenosis
,Kenotobermorite
,Kenotron
,Kenotrons
,Kens
,Kentan
,Kentans
,Kentbrooksite
,Kenton
,Kentrolite
,Kentuckian
,Kentuckians
,Kenyaite
,Kenyan
,Kenyans
,Kenyatta
,Kenyon
,Shaanxi
,Shabaite
,Shabbier
,Shabbiest
,Shabbilier
,Shabbiliest
,Shabbily
,Shabbiness
,Shabbinesses
,Shabby
,Shabu
,Shabus
,Shabynite
,Shack
,Shacked
,Shacking
,Shackle
,Shackled
,Shackleder
,Shackledest
,Shackles
,Shackleton
,Shackling
,Shacks
,Shad
,Shadberries
,Shadberry
,Shadblow
,Shadblows
,Shadbush
,Shadbushes
,Shaddock
,Shaddocks
,Shaded
,Shadeder
,Shadedest
,Shadeses
,Shadflies
,Shadflower
,Shadflowers
,Shadfly
,Shadier
,Shadiest
,Shadily
,Shadiness
,Shadinesses
,Shading
,Shadings
,Shadlunite
,Shadowboxed
,Shadowboxes
,Shadowboxing
,Shadowboxings
,Shadowed
,Shadower
,Shadowers
,Alibi
,Alibied
,Alibiing
,Alibis
,Simp
,Simpatico
,Simper
,Simpered
,Simperer
,Simperers
,Simpering
,Simperingly
,Simpers
,Simpled
,Simpleminded
,Simplemindedness
,Simpleness
,Simplenesses
,Simpler
,Simples
,Simplest
,Simpleton
,Simpletons
,Simplicities
,Simplicity
,Simplier
,Simpliest
,Simplification
,Simplifications
,Simplified
,Simplifies
,Simplify
,Simplifying
,Simpling
,Simplism
,Simplisms
,Simplistic
,Simplistically
,Simplotite
,Simps
,Simpsonite
,Simpsons
,Simpsonville
,Taxa
,Taxabilities
,Taxability
,Taxable
,Taxables
,Taxation
,Taxations
,Taxed
,Taxer
,Taxers
,Taxicab
,Taxicabbed
,Taxicabbing
,Taxicabs
,Taxidermied
,Taxidermies
,Taxidermist
,Taxidermists
,Taxidermy
,Taxidermying
,Taxidriver
,Taxidrivers
,Taxied
,Taxies
,Taxiing
,Taximan
,Taximen
,Taximeter
,Taximeters
,Taxing
,Taxis
,Taxistand
,Taxistands
,Taxiway
,Taxiways
,Taxman
,Taxmen
,Taxon
,Taxonomer
,Taxonomers
,Taxonomic
,Taxonomical
,Taxonomically
,Taxonomies
,Taxonomist
,Taxonomists
,Taxonomy
,Taxons
,Taxpayer
,Taxpayers
,Taxpaying
,Taxwoman
,Taxwomen
,Upalite
,Upanishads
,Upbeat
,Upbeats
,Upbound
,Upbraid
,Upbraided
,Upbraider
,Upbraiders
,Upbraiding
,Upbraidings
,Upbraids
,Upbringing
,Upbringings
,Upcast
,Upcasting
,Upcasts
,Upchuck
,Upchucked
,Upchucking
,Upchucks
,Upcomings
,Upcountry
,Upcurved
,Upcycle
,Upcycled
,Upcycles
,Upcycling
,Updater
,Updating
,Updatings
,Updike
,Updo
,Updos
,Updraft
,Updrafts
,Upend
,Upended
,Upending
,Upendings
,Upends
,Uper
,Upest
,Upfield
,Upfront
,Upfronted
,Upfronting
,Upfronts
,Upgradable
,Upgraded
,Upgrades
,Upgrading
,Upheaval
,Upheavals
,Undamaged
,Undatable
,Undatables
,Undated
,Undaunted
,Undauntedly
,Undead
,Undecagon
,Undecagons
,Undeceive
,Undeceived
,Undeceives
,Undeceiving
,Undecidable
,Undecideable
,Undecided
,Undecideds
,Undecipherable
,Undecipherably
,Undeciphered
,Undeclared
,Undecomposable
,Undecomposed
,Undecorated
,Undedicated
,Undefeated
,Undefendable
,Undefended
,Undeferential
,Undefiled
,Undefinable
,Undefinables
,Undefined
,Undelineated
,Undeliverable
,Undelivered
,Undemanding
,Undemocratic
,Undemocratically
,Undemonstrative
,Undemonstratively
,Undeniable
,Undeniably
,Undenominational
,Undependabilities
,Undependability
,Undependable
,Undependableness
,Undependablenesses
,Undependably
,Undepicted
,Underachieve
,Underachieved
,Underachievement
,Underachievements
,Underachiever
,Underachievers
,Underachieves
,Underachieving
,Shiva
,Shivah
,Shivahs
,Shivaree
,Shivareed
,Shivareeing
,Shivarees
,Shivas
,Phacelia
,Phacelias
,Phacoemulsification
,Phacoemulsifications
,Phaedra
,Phaeochromocytoma
,Phaeochromocytomas
,Phaethon
,Phaeton
,Phaetons
,Phage
,Phages
,Phagocyte
,Phagocyted
,Phagocytes
,Phagocytic
,Phagocyting
,Phagocytoses
,Phagocytosis
,Phaius
,Phaiuses
,Phalacroses
,Phalacrosis
,Phalangeal
,Phalangeals
,Phalanger
,Phalangers
,Phalanges
,Phalangist
,Phalangists
,Phalangitis
,Phalangitises
,Phalanxes
,Phalarope
,Phalaropes
,Phalli
,Phallic
,Phallocentric
,Phallocentrism
,Phalloidin
,Phalloidins
,Phalloplasties
,Phalloplasty
,Phallus
,Phalluses
,Phalsa
,Phalsas
,Phanerogam
,Phanerogams
,Phaneromania
,Phaneromanias
,Phanerozoic
,Phantasies
,Phantasm
,Phantasma
,Phantasmagoria
,Phantasmagorias
,Phantasmagoric
,Phantasmagorical
,Phantasmal
,Phantasmas
,Phantasms
,Phantasy
,Phantom
,Phantomer
,Phantomest
,Phantoms
,Pharaoh
,Pharaohs
,Pharisaic
,Pharisaical
,Pharisee
,Pharisees
,Pharma
,Pharmaceutic
,Pharmaceutical
,Pharmaceuticals
,Pharmaceutics
,Pharmacies
,Pharmacist
,Pharmacists
,Pharmacoalumite
,Pharmacogenetics
,Pharmacokinetics
,Pharmacolite
,Pharmacologic
,Pharmacological
,Pharmacologically
,Pharmacologies
,Pharmacologist
,Pharmacologists
,Pharmacology
,Pharmacopeia
,Pharmacopeias
,Pharmacopoeia
,Pharmacopoeias
,Pharmacosiderite
,Pharmacotherapy
,Pharmacy
,Sailaufite
,Sailboard
,Sailboarder
,Sailboarders
,Sailboarding
,Sailboards
,Sailboat
,Sailboats
,Sailcloth
,Sailcloths
,Sailed
,Sailfish
,Sailfishes
,Sailing
,Sailings
,Sailmaker
,Sailmakers
,Sailor
,Sailors
,Sailplane
,Sailplaned
,Sailplanes
,Sailplaning
,Sailplanings
,Sails
,Tor
,Torah
,Torbernite
,Torch
,Torchbearer
,Torchbearers
,Torched
,Torches
,Torching
,Torchlight
,Torchlights
,Tore
,Toreador
,Toreadors
,Torero
,Toreroes
,Tores
,Tories
,Torment
,Tormented
,Tormenter
,Tormenters
,Tormenting
,Tormentingly
,Tormentor
,Tormentors
,Torments
,Tornado
,Tornadoes
,Tornillo
,Tornilloes
,Toroid
,Toroidal
,Toroids
,Torpedo
,Torpedoed
,Torpedoes
,Torpedoing
,Torpedos
,Torpid
,Torpidities
,Torpidity
,Torpidly
,Torpidness
,Torpidnesses
,Torpids
,Torpor
,Torpors
,Torque
,Torqued
,Torquemada
,Torques
,Torquing
,Torr
,Torrance
,Torrecillasite
,Torrens
,Torrent
,Obeah
,Obeahs
,Obeche
,Obeches
,Obechi
,Obechis
,Obedience
,Obediences
,Obedient
,Obediently
,Obedients
,Obeisance
,Obeisances
,Obeisant
,Obelion
,Obelions
,Obelisk
,Obelisked
,Obelisking
,Obelisks
,Oberlin
,Oberon
,Oberwolfachite
,Obese
,Obeser
,Obesest
,Obesities
,Obesity
,Obey
,Obeyed
,Obeying
,Obeys
,Epa
,Epacris
,Epanalepses
,Epanalepsis
,Epanaphora
,Epanaphoras
,Epanodos
,Epanorthoses
,Epanorthosis
,Eparch
,Eparches
,Eparchial
,Eparchies
,Eparchy
,Epaulet
,Epaulets
,Epaulette
,Epaulettes
,Epauliere
,Epaulieres
,Epcot
,Epee
,Epees
,Ependyma
,Ependymas
,Epentheses
,Epenthesis
,Epenthetic
,Epergne
,Epergnes
,Epha
,Ephah
,Ephahs
,Ephas
,Ephebeia
,Ephebeias
,Ephedra
,Ephedras
,Ephedrine
,Ephedrines
,Ephemera
,Ephemeral
,Ephemeralities
,Ephemerality
,Ephemerally
,Ephemeralness
,Ephemeralnesses
,Ephemerals
,Ephemeras
,Ephemerid
,Ephemerids
,Ephemeris
,Ephemerises
,Ephemeron
,Ephemerons
,Ephemeropteran
,Ephemeropterans
,Ephesian
,Ephesians
,Ephesite
,Ape
,Aped
,Apelike
,Apennines
,Aper
,Apercu
,Apercus
,Aperea
,Apereas
,Aperient
,Aperients
,Aperies
,Aperiodic
,Aperitif
,Aperitifs
,Apers
,Aperture
,Apertures
,Apery
,Apes
,Apetalous
,Apexes
,Apexite
,Guts
,Gutsier
,Gutsiest
,Gutsiness
,Gutsinesses
,Gutsy
,Ginger
,Gingerbread
,Gingerbreads
,Gingered
,Gingerer
,Gingerest
,Gingerier
,Gingeriest
,Gingering
,Gingerlier
,Gingerliest
,Gingerly
,Gingerol
,Gingerols
,Gingerroot
,Gingerroots
,Gingers
,Gingersnap
,Gingersnaps
,Gingery
,Gingham
,Ginghams
,Gingiva
,Gingival
,Gingivas
,Gingivitis
,Gingivitises
,Gingko
,Gingkoes
,Ginglymus
,Ginglymuses
,Gingrich
,Grandad
,Grandads
,Grandaite
,Grandam
,Grandams
,Grandaunt
,Grandaunts
,Grandbabies
,Grandbaby
,Grandchild
,Grandchildren
,Grandchilds
,Granddad
,Granddaddies
,Granddaddy
,Granddads
,Granddaughter
,Granddaughters
,Grandee
,Grandees
,Grander
,Grandest
,Grandeur
,Grandeurs
,Grandfathered
,Grandfathering
,Grandfatherly
,Grandfathers
,Grandidierite
,Grandiloquence
,Grandiloquences
,Grandiloquent
,Grandiloquentlier
,Grandiloquentliest
,Grandiloquently
,Grandiose
,Grandiosely
,Grandiosities
,Grandiosity
,Grandkid
,Grandkids
,Grandlier
,Grandliest
,Grandly
,Grandmas
,Grandmaster
,Grandmasters
,Grandmotherly
,Grandmothers
,Grandnephew
,Grandnephews
,Grandness
,Grandnesses
,Grandniece
,Grandnieces
,Grandpa
,Grandparent
,Grandparented
,Grandparenting
,Grandparents
,Grandpas
,Grandreefite
,Grands
,Grandson
,Grandsons
,Grandstand
,Grandstanded
,Grandstander
,Grandstanders
,Grandstanding
,Grandstands
,Granduncle
,Granduncles
,Grandviewite
,Draught
,Draughtboard
,Draughtboards
,Draughted
,Draughtier
,Draughtiest
,Draughting
,Draughts
,Draughtsman
,Draughtsmen
,Draughtswoman
,Draughtswomen
,Draughty
,Eaves
,Eavesdrop
,Eavesdropped
,Eavesdropper
,Eavesdroppers
,Eavesdropping
,Eavesdrops
,Eaveses
,Ska
,Skaergaardite
,Skag
,Skags
,Skank
,Skanked
,Skankier
,Skankiest
,Skanking
,Skanks
,Skanky
,Skate
,Skateboard
,Skateboarded
,Skateboarder
,Skateboarders
,Skateboarding
,Skateboardings
,Skateboards
,Skated
,Skater
,Skaters
,Skates
,Skating
,Skatings
,Uracil
,Uracils
,Uraemia
,Uraemias
,Uraemic
,Ural
,Uralborite
,Uralolite
,Urals
,Uramarsite
,Uramphite
,Uranalyses
,Uranalysis
,Urancalcarite
,Urania
,Uraninite
,Uraninites
,Uraniums
,Uranocircite
,Uranoclite
,Uranologies
,Uranologist
,Uranologists
,Uranology
,Uranophane
,Uranopilite
,Uranoplasties
,Uranoplasty
,Uranopolycrase
,Uranosilite
,Uranospathite
,Uranosphaerite
,Uranospinite
,Uranotungstite
,Uranus
,Uranyl
,Uranyls
,Urarthritis
,Urarthritises
,Urate
,Uratemia
,Uratemias
,Urates
,Uraturia
,Uraturias
,Urbane
,Urbanelier
,Urbaneliest
,Urbanely
,Urbaner
,Urbanest
,Urbanisation
,Urbanisations
,Urbanise
,Urbanised
,Urbanises
,Urbanising
,Urbanite
,Urbanites
,Urbanities
,Urbanity
,Urbanization
,Urbanizations
,Urbanize
,Urbanized
,Urbanizes
,Urbanizing
,Urbanologist
,Urbanologists
,Urbanology
,Urdu
,Rita
,Ritalin
,Ritardando
,Ritardandos
,Rite
,Ritenuto
,Ritenutos
,Rites
,Ritonavir
,Ritonavirs
,Rittmannite
,Ritualise
,Ritualised
,Ritualises
,Ritualising
,Ritualism
,Ritualisms
,Ritualist
,Ritualistic
,Ritualistically
,Ritualists
,Ritualize
,Ritualized
,Ritualizes
,Ritualizing
,Rituallier
,Ritualliest
,Ritually
,Rituals
,Ritz
,Ritzes
,Ritzier
,Ritziest
,Ritzy
,Gena
,Genaro
,Gendarme
,Gendarmerie
,Gendarmeries
,Gendarmery
,Gendarmes
,Gendered
,Genderless
,Genders
,Genealogic
,Genealogical
,Genealogically
,Genealogies
,Genealogist
,Genealogists
,Genealogy
,Genera
,Generalcies
,Generalcy
,Generaled
,Generaling
,Generalisabilities
,Generalisability
,Generalisation
,Generalisations
,Generalise
,Generalised
,Generalises
,Generalising
,Generalissimo
,Generalissimos
,Generalist
,Generalists
,Generalities
,Generality
,Generalizabilities
,Generalizability
,Generalizable
,Generalization
,Generalizations
,Generalize
,Generalized
,Generalizes
,Generalizing
,Generalled
,Generalling
,Generals
,Generalship
,Generalships
,Generates
,Generating
,Generational
,Generative
,Generator
,Generators
,Generically
,Generics
,Generosities
,Generosity
,Generously
,Generousness
,Generousnesses
,Geneses
,Genesis
,Genet
,Genetical
,Genetically
,Geneticism
,Geneticisms
,Geneticist
,Geneticists
,Genetics
,Genets
,Genevas
,Genevieve
,Gengenbachite
,Genghis
,Genial
,Genialities
,Geniality
,Genially
,Genic
,Geniculate
,Geniculated
,Geniculates
,Gat
,Gateau
,Gateaus
,Gatecrash
,Gatecrashed
,Gatecrasher
,Gatecrashers
,Gatecrashes
,Gatecrashing
,Gated
,Gatedalite
,Gatefold
,Gatefolds
,Gatehouse
,Gatehouseite
,Gatehouses
,Gatekeeper
,Gatekeepers
,Gatekeeping
,Gatelite
,Gatepost
,Gateposts
,Gateway
,Gatewayed
,Gatewaying
,Gatewayite
,Gateways
,Gathereder
,Gatheredest
,Gatherer
,Gatherers
,Gatherings
,Gathers
,Gating
,Gatling
,Gator
,Gatorade
,Gators
,Gats
,Gatsby
,Gatt
,Gatted
,Gatting
,Gatumbaite
,Gatun
,Bakakinite
,Bake
,Bakeapple
,Bakeapples
,Baked
,Bakeder
,Bakedest
,Bakehouse
,Bakehouses
,Bakelite
,Bakeries
,Bakers
,Bakersfield
,Bakery
,Bakes
,Bakeshop
,Bakeshops
,Bakhchisaraitsevite
,Baking
,Bakings
,Baklava
,Baklavas
,Baksanite
,Baksheesh
,Baksheeshed
,Baksheeshes
,Baksheeshing
,Bakshis
,Bakshish
,Bakshished
,Bakshishes
,Bakshishing
,Baku
,Bakunin
,Sensor
,Sensorial
,Sensorier
,Sensories
,Sensoriest
,Sensorimotor
,Sensorineural
,Sensoriums
,Sensors
,Sensory
,Risc
,Risen
,Riser
,Risers
,Risibilities
,Risibility
,Risible
,Risinger
,Risingest
,Risings
,Risked
,Riskier
,Riskiest
,Riskilier
,Riskiliest
,Riskily
,Riskiness
,Riskinesses
,Risking
,Riskless
,Risklessness
,Risklessnesses
,Risky
,Risorgimento
,Risotto
,Risottoes
,Risottos
,Risque
,Risquer
,Risques
,Risquest
,Rissole
,Rissoles
,Anisogamete
,Anisogametes
,Anisogametic
,Anisogamic
,Anisogamies
,Anisogamous
,Anisogamy
,Anisometric
,Anisometropia
,Anisometropias
,Anisometropic
,Anisotropic
,Anisotropically
,Anisotropies
,Anisotropy
,Leakage
,Leakages
,Leaker
,Leakers
,Leakey
,Leakier
,Leakiest
,Leakiness
,Leakinesses
,Leaking
,Leakproof
,Leaks
,Leaky
,Hake
,Haked
,Hakeem
,Hakeems
,Hakes
,Hakim
,Hakims
,Haking
,Hakite
,Hakka
,Hakluyt
,Sucked
,Sucker
,Suckered
,Suckerfish
,Suckering
,Suckers
,Sucking
,Suckings
,Suckle
,Suckled
,Suckleder
,Suckledest
,Suckles
,Suckling
,Sucklings
,Blackamoor
,Blackamoors
,Blackball
,Blackballed
,Blackballing
,Blackballs
,Blackbeard
,Blackbeetle
,Blackbeetles
,Blackberried
,Blackberries
,Blackberry
,Blackberrying
,Blackbird
,Blackbirded
,Blackbirding
,Blackbirds
,Blackboard
,Blackboarded
,Blackboarding
,Blackboards
,Blackbodies
,Blackbody
,Blackbuck
,Blackbucks
,Blackburn
,Blackcap
,Blackcaps
,Blackcock
,Blackcocks
,Blackcurrant
,Blackcurrants
,Blackdamp
,Blackdamps
,Blacked
,Blacken
,Blackened
,Blackening
,Blackenings
,Blackens
,Blacker
,Blackest
,Blackface
,Blackfaces
,Blackfeet
,Blackfish
,Blackfished
,Blackfishes
,Blackfishing
,Blackflies
,Blackfly
,Blackfoot
,Blackguard
,Blackguarded
,Blackguarding
,Blackguardlier
,Blackguardliest
,Blackguardly
,Blackguards
,Blackhead
,Blackheads
,Blackheart
,Blackhearts
,Blacking
,Blackings
,Blackish
,Blackjack
,Blackjacked
,Blackjacking
,Blackjacks
,Blacklead
,Blackleaded
,Blackleading
,Blackleads
,Blackleg
,Blacklegged
,Blacklegging
,Blacklegs
,Blacklist
,Blacklisted
,Blacklisting
,Blacklists
,Blackly
,Blackmail
,Blackmailed
,Blackmailer
,Blackmailers
,Blackmailing
,Blackmails
,Blackness
,Blacknesses
,Blackout
,Blackouts
,Blackpoll
,Blackpolls
,Blackpool
,Blacksburg
,Blackseed
,Sip
,Siphon
,Siphoned
,Siphoning
,Siphonophore
,Siphonophores
,Siphons
,Sipped
,Sipper
,Sippers
,Sipping
,Sips
,Sipunculid
,Sipunculids
,Odalisque
,Odalisques
,Oddball
,Oddballs
,Odder
,Oddest
,Oddish
,Oddisher
,Oddishest
,Oddities
,Oddity
,Oddlier
,Oddliest
,Oddly
,Oddment
,Oddments
,Oddness
,Oddnesses
,Odigitriaite
,Odikhinchaite
,Odin
,Odinite
,Odintsovite
,Odious
,Odiously
,Odiousness
,Odiousnesses
,Odis
,Odist
,Odists
,Odiums
,Odom
,Odometer
,Odometers
,Odonate
,Odonates
,Odontalgia
,Odontalgias
,Odontiases
,Odontiasis
,Odontoglossums
,Odontologies
,Odontology
,Odor
,Odored
,Odoriferous
,Odorize
,Odorized
,Odorizes
,Odorizing
,Odorless
,Odorous
,Odors
,Odour
,Odourise
,Odourised
,Odourises
,Odourising
,Odourless
,Odours
,Odynophagia
,Odynophagias
,Odysseus
,Odyssey
,Odysseys
,Sakai
,Sakes
,Sakha
,Sakhaite
,Sakhalin
,Sakharov
,Saki
,Sakis
,Saks
,Sakuraiite
,Ukase
,Ukases
,Uke
,Ukes
,Uklonskovite
,Ukrainians
,Ukulele
,Ukuleles
,Ungainlier
,Ungainlies
,Ungainliest
,Ungainliness
,Ungainlinesses
,Ungainly
,Ungallant
,Ungarbed
,Ungarmented
,Ungathered
,Ungava
,Ungavaite
,Ungeared
,Ungemachite
,Ungenerous
,Ungentle
,Ungentlemanlike
,Ungentlemanly
,Ungetatable
,Unglamorous
,Unglamourous
,Unglazed
,Unglued
,Ungodlier
,Ungodliest
,Ungodliness
,Ungodlinesses
,Ungodly
,Ungovernable
,Ungoverned
,Ungraceful
,Ungracefully
,Ungracefulness
,Ungracefulnesses
,Ungracious
,Ungraciously
,Ungraciousness
,Ungraciousnesses
,Ungraded
,Ungrammatical
,Ungrammaticalities
,Ungrammaticality
,Ungrammatically
,Ungrasped
,Ungrateful
,Ungratefully
,Ungratefulness
,Ungratefulnesses
,Ungratefuls
,Ungratified
,Ungratifying
,Ungreased
,Ungregarious
,Ungroomed
,Ungrudging
,Ungrudginglier
,Ungrudgingliest
,Ungrudgingly
,Ungual
,Unguals
,Unguaranteed
,Unguarded
,Unguent
,Unguents
,Unguiculate
,Unguiculated
,Unguiculates
,Unguided
,Unguis
,Ungulate
,Ungulated
,Ungulates
,Ungummed
,Ungusseted
,Waxberries
,Waxberry
,Waxed
,Waxeder
,Waxedest
,Waxen
,Waxes
,Waxflower
,Waxflowers
,Waxier
,Waxiest
,Waxiness
,Waxinesses
,Waxing
,Waxings
,Waxlike
,Waxmallow
,Waxmallows
,Waxwing
,Waxwings
,Waxwork
,Waxworks
,Waxy
,Waxycap
,Waxycaps
,Ixodid
,Ixodids
,Funafuti
,Funambulism
,Funambulisms
,Funambulist
,Funambulists
,Functionalism
,Functionalisms
,Functionalist
,Functionalists
,Functionalities
,Functionality
,Functionally
,Functionals
,Functionaries
,Functionary
,Functioned
,Functionings
,Functor
,Fundament
,Fundamentalism
,Fundamentalisms
,Fundamentalist
,Fundamentalistic
,Fundamentalists
,Fundamentally
,Fundamentalness
,Fundamentalnesses
,Fundamentals
,Fundaments
,Funday
,Fundays
,Funder
,Funders
,Fundings
,Fundraise
,Fundraised
,Fundraiser
,Fundraisers
,Fundraises
,Fundraising
,Fundus
,Funduses
,Fundy
,Funerals
,Funerary
,Funereal
,Funereally
,Funfair
,Funfairs
,Fungal
,Fungaler
,Fungalest
,Fungi
,Fungibilities
,Fungibility
,Fungible
,Fungibles
,Fungicidal
,Fungicidals
,Fungicide
,Fungicides
,Fungoid
,Fungoids
,Fungous
,Fungus
,Funguses
,Funguslike
,Funicle
,Funicles
,Funicular
,Funiculars
,Funiculitis
,Funiculitises
,Funiculus
,Funiculuses
,Funk
,Funked
,Funkier
,Funkiest
,Funkiness
,Funkinesses
,Funking
,Funks
,Funky
,Funned
,Funnel
,Funneled
,Funneling
,Funnelled
,Funnelling
,Funnels
,Funner
,Funnest
,Funnier
,Funnies
,Funnieses
,Funniest
,Funnilier
,Funniliest
,Funnily
,Funniness
,Funninesses
,Funning
,Funnyman
,Funnymen
,Funrun
,Funruns
,Funs
,Ting
,Tinge
,Tinged
,Tingeing
,Tinges
,Tinging
,Tingle
,Tingled
,Tingles
,Tingling
,Tinglinger
,Tinglingest
,Tinglings
,Tingly
,Tings
,Ucayali
,Uccello
,Uchucchacuaite
,Ucla
,Eyas
,Eyases
,Eyck
,Eyeball
,Eyeballed
,Eyeballing
,Eyeballs
,Eyebath
,Eyebaths
,Eyebrow
,Eyebrowed
,Eyebrowing
,Eyebrows
,Eyecup
,Eyecups
,Eyed
,Eyedness
,Eyednesses
,Eyedrop
,Eyedropper
,Eyedroppers
,Eyedrops
,Eyeful
,Eyefuls
,Eyeglass
,Eyeglasses
,Eyeglasseses
,Eyehole
,Eyeholes
,Eyeing
,Eyelash
,Eyelashes
,Eyeless
,Eyelessness
,Eyelessnesses
,Eyelet
,Eyeleted
,Eyeleting
,Eyelets
,Eyelid
,Eyelids
,Eyelike
,Eyeliner
,Eyeliners
,Eyeopening
,Eyepatch
,Eyepatches
,Eyepiece
,Eyepieces
,Eyeses
,Eyeshade
,Eyeshades
,Eyeshadow
,Eyeshadows
,Eyeshot
,Eyeshots
,Eyesight
,Eyesights
,Eyesore
,Eyesores
,Eyespot
,Eyespots
,Eyestrain
,Eyestrains
,Eyeteeth
,Eyetooth
,Eyewash
,Eyewashed
,Eyewashes
,Eyewashing
,Eyewear
,Eyewitness
,Eyewitnessed
,Eyewitnesses
,Eyewitnessing
,Eylettersite
,Eyra
,Eyras
,Eyre
,Eyrie
,Eyries
,Eyrir
,Eyrirs
,Eyry
,Eyselite
,Eysenck
,Smidge
,Smidgen
,Smidgens
,Smidgeon
,Smidgeons
,Smidges
,Smidgin
,Smidgins
,Smilaxes
,Smiled
,Smiler
,Smilers
,Smiles
,Smiley
,Smileys
,Smilier
,Smiliest
,Smilingly
,Smilings
,Smilo
,Smiloes
,Smirch
,Smirched
,Smirches
,Smirching
,Smirk
,Smirked
,Smirker
,Smirkers
,Smirking
,Smirks
,Smirnite
,Smirnoff
,Smirnovskite
,Smite
,Smites
,Smithed
,Smithereens
,Smithied
,Smithies
,Smithing
,Smithite
,Smiths
,Smithson
,Smithsonian
,Smithsonite
,Smithsonites
,Smithy
,Smithying
,Smiting
,Smitten
,Kemerovo
,Kemmlitzite
,Kemp
,Kempis
,Kempite
,Kempt
,Kempter
,Kemptest
,Enhancement
,Enhancements
,Enhancer
,Enhancers
,Enhances
,Enhancing
,Enhancive
,Tobaccoes
,Tobacconist
,Tobacconists
,Tobaccos
,Tobago
,Tobelite
,Tobermorite
,Tobies
,Tobit
,Toboggan
,Tobogganed
,Tobogganer
,Tobogganers
,Tobogganing
,Tobogganings
,Tobogganist
,Tobogganists
,Toboggans
,Tobramycin
,Tobramycins
,Toby
,Adulate
,Adulated
,Adulates
,Adulating
,Adulation
,Adulations
,Adulator
,Adulators
,Adulatory
,Adulted
,Adulter
,Adulterant
,Adulterants
,Adulterate
,Adulterated
,Adulterates
,Adulterating
,Adulteration
,Adulterations
,Adulterator
,Adulterators
,Adulterer
,Adulterers
,Adulteress
,Adulteresses
,Adulteries
,Adulterine
,Adulterines
,Adulterous
,Adulterously
,Adulterousness
,Adulterousnesses
,Adultery
,Adultest
,Adulthood
,Adulthoods
,Adulting
,Adultings
,Adumbrate
,Adumbrated
,Adumbrates
,Adumbrating
,Adumbration
,Adumbrations
,Adumbrative
,Adust
,Aduster
,Adustest
,Ref
,Oboe
,Oboes
,Oboist
,Oboists
,Obolus
,Oboluses
,Oboniobite
,Obovate
,Obovater
,Obovatest
,Legacies
,Legalese
,Legalisation
,Legalisations
,Legalise
,Legalised
,Legalises
,Legalising
,Legalism
,Legalisms
,Legalistic
,Legalistically
,Legalities
,Legality
,Legalization
,Legalizations
,Legalize
,Legalized
,Legalizes
,Legalizing
,Legallier
,Legalliest
,Legals
,Legate
,Legated
,Legatee
,Legatees
,Legates
,Legateship
,Legateships
,Legating
,Legation
,Legations
,Legato
,Legatoer
,Legatoest
,Legatos
,Legendarier
,Legendaries
,Legendariest
,Legendarily
,Legendre
,Leger
,Legerdemain
,Legerdemains
,Legered
,Legering
,Legerities
,Legerity
,Legers
,Legged
,Leggeder
,Leggedest
,Leggeds
,Leggier
,Leggiest
,Legginess
,Legging
,Leggings
,Leggy
,Leghorn
,Leghorns
,Legibilities
,Legibility
,Legible
,Legibler
,Legiblest
,Legiblier
,Legibliest
,Legibly
,Leging
,Legings
,Legion
,Neb
,Nebbech
,Nebbeches
,Nebbish
,Nebbishes
,Nebraska
,Nebraskan
,Nebraskans
,Nebs
,Nebuchadnezzar
,Nebuchadnezzars
,Nebula
,Nebulae
,Nebular
,Nebulas
,Nebule
,Nebules
,Nebuliser
,Nebulisers
,Nebulizer
,Nebulizers
,Nebulose
,Nebuloses
,Nebulous
,Nebulously
,Nebulousness
,Enmesh
,Enmeshed
,Enmeshes
,Enmeshing
,Enmeshment
,Enmities
,Enmity
,Pavlov
,Pavlova
,Pavlovas
,Pavlovian
,Pavlovskyite
,Gin
,Gina
,Ginelfite
,Ginep
,Gineps
,Giniite
,Ginkgo
,Ginkgoes
,Ginmill
,Ginmills
,Ginned
,Ginning
,Ginny
,Gino
,Ginorite
,Ginormous
,Gins
,Ginsberg
,Ginsburg
,Ginseng
,Ginsengs
,Ginsu
,Ginzo
,Ginzoes
,Sunbae
,Sunbaes
,Sunbaked
,Sunbath
,Sunbathe
,Sunbathed
,Sunbather
,Sunbathers
,Sunbathes
,Sunbathing
,Sunbaths
,Sunbeam
,Sunbeams
,Sunbed
,Sunbeds
,Sunbelt
,Sunbelts
,Sunberries
,Sunberry
,Ametabolic
,Ametabolous
,Amethopterin
,Amethopterins
,Amethyst
,Amethyster
,Amethystest
,Amethystine
,Amethystiner
,Amethystinest
,Amethysts
,Ametria
,Ametrias
,Ametropia
,Ametropias
,Ametropic
,Sqlite
,Squab
,Squabbed
,Squabbier
,Squabbiest
,Squabbing
,Squabble
,Squabbled
,Squabbler
,Squabblers
,Squabbles
,Squabbling
,Squabby
,Squaber
,Squabest
,Squabs
,Squadded
,Squadding
,Squadron
,Squadrons
,Squads
,Squalid
,Squalider
,Squalidest
,Squalidlier
,Squalidliest
,Squalidly
,Squalidness
,Squalidnesses
,Squalids
,Squall
,Squalled
,Squallier
,Squalliest
,Squalling
,Squallinger
,Squallingest
,Squallings
,Squalls
,Rena
,Renaissance
,Renaissances
,Renal
,Rename
,Renamed
,Renames
,Renaming
,Renardite
,Renascence
,Renascences
,Renascent
,Renault
,Rend
,Rended
,Render
,Rendered
,Rendering
,Renderings
,Renders
,Rendezvous
,Rendezvoused
,Rendezvouses
,Rendezvousing
,Rending
,Rendings
,Rendition
,Renditions
,Rends
,Rene
,Renee
,Renegade
,Renegaded
,Renegades
,Renegading
,Renege
,Reneged
,Reneger
,Renegers
,Reneges
,Reneging
,Renegociate
,Renegociated
,Renegociates
,Renegociating
,Renegotiable
,Renegotiate
,Renegotiated
,Renegotiates
,Renegotiating
,Renegotiation
,Renew
,Renewable
,Renewables
,Renewal
,Renewals
,Renewing
,Renewings
,Renews
,Rub
,Rubaiyat
,Rubato
,Rubatoes
,Rubatos
,Rubbed
,Rubbered
,Rubberier
,Rubberiest
,Rubbering
,Rubberise
,Rubberised
,Rubberises
,Rubberising
,Rubberize
,Rubberized
,Rubberizes
,Rubberizing
,Rubberlike
,Rubbermaid
,Rubberneck
,Rubbernecked
,Rubbernecker
,Rubberneckers
,Rubbernecking
,Rubbernecks
,Rubbers
,Rubberstamp
,Rubberstamped
,Rubberstamping
,Rubberstamps
,Rubbery
,Rubbing
,Rubbings
,Rubbish
,Rubbished
,Rubbishes
,Rubbishier
,Rubbishiest
,Rubbishing
,Rubbishy
,Rubble
,Rubbles
,Rubdown
,Rubdowns
,Rube
,Rubefacient
,Rubefacients
,Rubel
,Rubella
,Rubellas
,Rubels
,Ruben
,Rubens
,Rubeola
,Rubeolas
,Rubes
,Rubicelle
,Rubicelles
,Rubicline
,Rubicon
,Rubicund
,Rubidiums
,Rubied
,Rubier
,Rubies
,Rubiest
,Rubified
,Rubifies
,Rubify
,Rubifying
,Rubik
,Rubin
,Rubinite
,Rubinstein
,Ruble
,Rubles
,Rubor
,Rubors
,Rubric
,Rubricate
,Rubricated
,Rubricates
,Rubricating
,Rubriced
,Rubricing
,Rubricked
,Rubricking
,Rubrics
,Rubs
,Ruby
,Rubying
,Oik
,Oiks
,Oilbird
,Oilbirds
,Oilcan
,Oilcans
,Oilcloth
,Oilcloths
,Oiled
,Oileder
,Oiledest
,Oiler
,Oilers
,Oilfield
,Oilfields
,Oilfish
,Oilier
,Oilies
,Oiliest
,Oiliness
,Oilinesses
,Oiling
,Oilman
,Oilmen
,Oilpaper
,Oilpapers
,Oilrig
,Oilrigs
,Oils
,Oilseed
,Oilseeds
,Oilskin
,Oilskins
,Oilstone
,Oilstones
,Oilstove
,Oilstoves
,Oilwoman
,Oilwomen
,Oily
,Oink
,Oinked
,Oinking
,Oinks
,Ointment
,Ointments
,Oise
,Useable
,Useableness
,Useablenesses
,Useabler
,Useablest
,Useder
,Usedest
,Usefullier
,Usefulliest
,Usefully
,Usefulness
,Usefulnesses
,Uselesslier
,Uselessliest
,Uselessly
,Uselessness
,Uselessnesses
,Usenets
,Username
,Usernames
,Knack
,Knacked
,Knacker
,Knackered
,Knackereder
,Knackeredest
,Knackering
,Knackers
,Knacking
,Knacks
,Knackwurst
,Knackwursts
,Knap
,Knapp
,Knapped
,Knapping
,Knaps
,Knapsack
,Knapsacked
,Knapsacking
,Knapsacks
,Knapweed
,Knapweeds
,Knasibfite
,Knave
,Knaveries
,Knavery
,Knaves
,Knavish
,Knavishlier
,Knavishliest
,Knavishly
,Knawe
,Knawel
,Knawels
,Knawes
,Knead
,Kneaded
,Kneader
,Kneaders
,Kneading
,Kneads
,Kneecap
,Kneecapped
,Kneecapping
,Kneecaps
,Kneed
,Kneeing
,Kneel
,Kneeler
,Kneelers
,Kneeling
,Kneelings
,Kneels
,Kneepan
,Kneepans
,Knell
,Knelled
,Knelling
,Knells
,Knelt
,Knesset
,Kngwarreye
,Knicker
,Knickerbocker
,Knickerbockers
,Knickers
,Knickknack
,Knickknackeries
,Knickknackery
,Knickknacks
,Knievel
,Knifed
,Knifelike
,Knifes
,Knifing
,Knighted
,Knighthood
,Knighthoods
,Knighting
,Knightlier
,Knightliest
,Knightliness
,Knightlinesses
,Knightly
,Kniphofia
,Kniphofias
,Knish
,Knishes
,Knit
,Knits
,Knitted
,Knitter
,Knitters
,Knitting
,Knittings
,Knitwear
,Knitwears
,Knitwork
,Knitworks
,Knives
,Knob
,Knobbed
,Knobbeder
,Knobbedest
,Knobbier
,Knobbiest
,Knobbing
,Knobble
,Knobbled
,Knobbles
,Knobblier
,Knobbliest
,Knobbling
,Knobbly
,Knobby
,Knobkerrie
,Knobkerries
,Knobkerry
,Knobs
,Knockabout
,Knockabouts
,Knockdown
,Knockdowns
,Knocker
,Knockers
,Knocking
,Knockings
,Knockoff
,Knockoffs
,Knockout
,Knockouts
,Gangbanger
,Gangbangers
,Gangboard
,Gangboards
,Gangbusters
,Gangdom
,Gangdoms
,Ganged
,Ganger
,Gangers
,Ganges
,Ganging
,Gangland
,Ganglands
,Ganglia
,Ganglier
,Gangliest
,Gangling
,Ganglinger
,Ganglingest
,Ganglings
,Gangliocyte
,Gangliocytes
,Ganglion
,Ganglionic
,Ganglions
,Gangly
,Gangplank
,Gangplanks
,Gangrene
,Gangrened
,Gangrenes
,Gangrening
,Gangrenous
,Gangs
,Gangsaw
,Gangsaws
,Gangsta
,Gangstas
,Gangster
,Gangsters
,Gangtok
,Gangway
,Gangwayed
,Gangwaying
,Gangways
,Ourayite
,Ourself
,Oursinite
,Nested
,Nester
,Nesters
,Nesting
,Nestle
,Nestled
,Nestles
,Nestling
,Nestlings
,Nestolaite
,Nestor
,Nestorius
,Nests
,Meg
,Megabat
,Megabats
,Megabit
,Megabits
,Megabucks
,Megabyte
,Megabytes
,Megacardia
,Megacardias
,Megacephalies
,Megacephaly
,Megachurch
,Megachurches
,Megacities
,Megacity
,Megacolon
,Megacolons
,Megacycle
,Megacycles
,Megacyclite
,Megadeath
,Megadeaths
,Megadose
,Megadosed
,Megadoses
,Megadosing
,Megaflop
,Megaflops
,Megagametophyte
,Megagametophytes
,Megagram
,Megagrams
,Megahertz
,Megahertzes
,Megahit
,Megahits
,Megajoule
,Megajoules
,Megakalsilite
,Megakaryocyte
,Megakaryocytes
,Megakaryocytic
,Megalith
,Megalithic
,Megaliths
,Megaloblast
,Megaloblastic
,Megaloblasts
,Megalocardia
,Megalocardias
,Megalocephalies
,Megalocephaly
,Megalocyte
,Megalocytes
,Megalohepatia
,Megalohepatias
,Megalomania
,Megalomaniac
,Megalomaniacal
,Megalomaniacs
,Megalomanias
,Megalomanic
,Megalopolis
,Megalopolises
,Megalosaur
,Megalosaurs
,Megalosaurus
,Megalosauruses
,Megameter
,Megameters
,Megan
,Megapascal
,Megapascals
,Megaphone
,Megaphoned
,Megaphones
,Megaphoning
,Megapixel
,Megapixels
,Megapode
,Megapodes
,Megascopic
,Megasporangiums
,Megaspore
,Megaspores
,Megasporophyll
,Megasporophylls
,Megastar
,Megastars
,Megastore
,Megastores
,Megathere
,Megatheres
,Megatherian
,Megatherians
,Megatheriid
,Megatheriids
,Megaton
,Megatons
,Megawatt
,Megawatts
,Megawite
,Megestrol
,Megestrols
,Meghan
,Megillah
,Megillahs
,Megilp
,Megilps
,Megohm
,Megohms
,Megos
,Megrim
,Megrims
,Megs
,Gotcha
,Gotchas
,Goteborg
,Gotham
,Gothic
,Gothics
,Gothite
,Gothites
,Goths
,Gottardiite
,Gottlobite
,Ens
,Ensconce
,Ensconced
,Ensconces
,Ensconcing
,Ensemble
,Ensembled
,Ensembles
,Ensembling
,Enshittification
,Enshittified
,Enshittifies
,Enshittify
,Enshittifying
,Enshrine
,Enshrined
,Enshrinement
,Enshrines
,Enshrining
,Enshroud
,Enshrouded
,Enshrouding
,Enshrouds
,Ensiform
,Ensign
,Ensigned
,Ensigning
,Ensigns
,Ensilage
,Ensilaged
,Ensilages
,Ensilaging
,Ensile
,Ensiled
,Ensiles
,Ensiling
,Enskied
,Enskies
,Ensky
,Enskying
,Enslave
,Enslaved
,Enslavement
,Enslavements
,Enslaves
,Enslaving
,Ensnare
,Ensnared
,Ensnarement
,Ensnares
,Ensnaring
,Ensnarl
,Ensnarled
,Ensnarling
,Ensnarls
,Ensorcelled
,Enstatite
,Ensuant
,Ensue
,Ensued
,Ensues
,Ensuing
,Ensured
,Ensurer
,Ensurers
,Ensures
,Udall
,Udder
,Udders
,Udinaite
,Udometer
,Udometers
,Udon
,Tryingly
,Tryings
,Tryout
,Tryouts
,Trypsin
,Trypsinogen
,Trypsinogens
,Trypsins
,Tryptophan
,Tryptophane
,Tryptophanes
,Tryptophans
,Tryst
,Trysted
,Trysting
,Trysts
,Ono
,Onomancer
,Onomancers
,Onomancies
,Onomancy
,Onomastic
,Onomasticon
,Onomasticons
,Onomastics
,Onomatomania
,Onomatomanias
,Onomatopoeia
,Onomatopoeias
,Onomatopoeic
,Onomatopoeical
,Onomatopoetic
,Onondaga
,Onoratoite
,Oxtail
,Oxtails
,Oxtant
,Oxtants
,Oxtongue
,Oxtongues
,Ikon
,Ikons
,Ikorskyite
,Iyar
,Iyoite
,Narial
,Narier
,Nariest
,Naris
,Liebauite
,Liebenbergite
,Lieberman
,Liebermannite
,Liebfraumilch
,Liebfraumilches
,Liebigite
,Liechtenstein
,Liechtensteiner
,Liechtensteiners
,Lieder
,Lieds
,Lief
,Liefer
,Liefest
,Liege
,Liegeman
,Liegemen
,Lieger
,Lieges
,Liegest
,Liegewoman
,Liegewomen
,Lien
,Lienal
,Liens
,Lier
,Liest
,Lieu
,Lieus
,Lieutenancies
,Lieutenancy
,Lieutenants
,Atm
,Atman
,Atmometer
,Atmometers
,Atmoradiograph
,Atmoradiographs
,Atmospheres
,Atmospheric
,Atmospherical
,Atmospherically
,Atmospherics
,Atms
,Ling
,Lingam
,Lingams
,Lingbaoite
,Lingberries
,Lingberry
,Lingcod
,Lingcods
,Lingenberries
,Lingenberry
,Linger
,Lingered
,Lingerer
,Lingerers
,Lingerie
,Lingeries
,Lingering
,Lingeringlier
,Lingeringliest
,Lingeringly
,Lingerings
,Lingers
,Lingo
,Lingoes
,Lingonberries
,Lingonberry
,Lingos
,Lings
,Lingua
,Lingual
,Linguallier
,Lingualliest
,Lingually
,Linguals
,Linguas
,Linguica
,Linguicas
,Linguine
,Linguines
,Linguini
,Linguinis
,Linguist
,Linguistic
,Linguistically
,Linguistics
,Linguists
,Lingulate
,Lingunite
,Barabbas
,Barack
,Barahonaite
,Baranduki
,Barandukis
,Bararite
,Baratovite
,Barb
,Barbacan
,Barbacans
,Barbacoa
,Barbadian
,Barbadians
,Barbados
,Barbarella
,Barbarian
,Barbarianism
,Barbarianisms
,Antidisestablishmentarianism
,Dogbane
,Dogbanes
,Dogcart
,Dogcarts
,Dogcatcher
,Dogcatchers
,Doge
,Dogeared
,Doges
,Dogfight
,Dogfighted
,Dogfighter
,Dogfighters
,Dogfighting
,Dogfights
,Dogfish
,Dogfishes
,Dogfought
,Dogged
,Doggeder
,Doggedest
,Doggedlier
,Doggedliest
,Doggedly
,Doggedness
,Doggednesses
,Doggerel
,Doggerels
,Doggie
,Doggier
,Doggies
,Doggiest
,Dogging
,Doggo
,Doggoer
,Doggoest
,Doggone
,Doggoner
,Doggones
,Doggonest
,Doggoning
,Doggos
,Doggy
,Doghouse
,Doghouses
,Dogie
,Dogies
,Dogleg
,Doglegged
,Doglegging
,Doglegs
,Doglike
,Dogma
,Dogmas
,Dogmatic
,Dogmatical
,Dogmatically
,Dogmatics
,Dogmatise
,Ixc
,Ixer
,Ixes
,Ixest
,Ixiolite
,Ixl
,Ixler
,Ixlest
,Dogmatised
,Dogmatises
,Dogmatising
,Dogmatism
,Dogmatisms
,Dogmatist
,Dogmatists
,Dogmatize
,Dogmatized
,Dogmatizes
,Dogmatizing
,Dognapper
,Dogsbodied
,Dogsbodies
,Dogsbody
,Dogsbodying
,Dogshit
,Dogshits
,Dogsled
,Dogsledded
,Dogsledding
,Dogsleded
,Dogsleding
,Dogsleds
,Dogteeth
,Dogtooth
,Dogtrot
,Dogtrots
,Dogtrotted
,Dogtrotting
,Dogwatch
,Dogwatches
,Dogwood
,Dogwoods
,Dogy
,Tee
,Teed
,Teeing
,Teem
,Teemed
,Teeming
,Teemingness
,Teemingnesses
,Teems
,Teenaged
,Teened
,Teener
,Teenest
,Teenier
,Teeniest
,Teening
,Teensier
,Teensiest
,Teensy
,Teentsier
,Teentsiest
,Teentsy
,Teeny
,Teenybopper
,Teenyboppers
,Teeoff
,Teeoffs
,Teepee
,Teepeed
,Teepeeing
,Teepees
,Teepleite
,Tees
,Teeter
,Teeterboard
,Teeterboards
,Teetered
,Teetering
,Teeters
,Teetertotter
,Teetertottered
,Teetertottering
,Teetertotters
,Teethe
,Teethed
,Teethes
,Teething
,Teethings
,Teeths
,Teetotal
,Teetotaled
,Teetotaler
,Teetotalers
,Teetotaling
,Teetotalings
,Teetotalism
,Teetotalisms
,Teetotalist
,Teetotalists
,Teetotaller
,Teetotallers
,Teetotals
,Teetotums
,Plea
,Pleach
,Pleached
,Pleaches
,Pleaching
,Plead
,Pleaded
,Pleader
,Pleaders
,Pleading
,Pleadinglier
,Pleadingliest
,Pleadingly
,Pleadings
,Pleads
,Pleaed
,Pleaing
,Pleas
,Pleasance
,Pleasances
,Pleasanter
,Pleasantest
,Pleasantlier
,Pleasantliest
,Pleasantly
,Pleasantness
,Pleasantnesses
,Pleasantries
,Pleasantry
,Pleasants
,Pleaseder
,Pleasedest
,Pleaser
,Pleasers
,Pleases
,Pleasest
,Pleasing
,Pleasinglier
,Pleasingliest
,Pleasingly
,Pleasingness
,Pleasingnesses
,Pleasings
,Pleasurable
,Pleasurably
,Pleasured
,Pleasureful
,Pleasures
,Pleasuring
,Pleat
,Pleated
,Pleating
,Pleatings
,Pleats
,Pleb
,Plebby
,Plebe
,Plebeian
,Plebeianism
,Plebeianisms
,Plebeians
,Plebes
,Plebiscite
,Plebiscites
,Plebs
,Plecopteran
,Plecopterans
,Plectognath
,Plectognaths
,Plectra
,Plectranthus
,Plectranthuses
,Plectron
,Plectrons
,Plectrums
,Pled
,Pledged
,Pledgeder
,Pledgedest
,Pledgee
,Pledgees
,Pledger
,Pledgers
,Pledges
,Pledging
,Pleiades
,Pleistocene
,Plenarier
,Plenaries
,Plenariest
,Plenarily
,Plenary
,Plenipotentiaries
,Plenipotentiary
,Plenitude
,Plenitudes
,Plenteous
,Plenteouser
,Plenteousest
,Plenteouslier
,Plenteousliest
,Plenteously
,Plenteousness
,Plenteousnesses
,Plentier
,Plenties
,Plentiest
,Plentiful
,Plentifully
,Plentifulness
,Plentifulnesses
,Plentitude
,Plentitudes
,Plenums
,Pleochroic
,Pleochroism
,Pleochroisms
,Pleomorphic
,Pleomorphism
,Pleomorphisms
,Pleonasm
,Pleonasms
,Pleonaste
,Pleonastes
,Pleonastic
,Pleopod
,Pleopods
,Plesiosaur
,Plesiosaurs
,Plesiosaurus
,Plesiosauruses
,Plessimeter
,Plessimeters
,Plessor
,Plessors
,Plethodont
,Plethodonts
,Plethora
,Plethoras
,Plethoric
,Plethysmograph
,Plethysmographs
,Pleura
,Pleurae
,Pleural
,Pleuralgia
,Pleuralgias
,Pleuras
,Pleurisies
,Pleurisy
,Pleurocarp
,Pleurocarpous
,Pleurocarps
,Pleurodont
,Pleurodonts
,Pleurodynia
,Pleurodynias
,Pleuropneumonia
,Pleuropneumonias
,Pleurothallis
,Plexiglas
,Plexiglass
,Plexiglasses
,Pleximeter
,Pleximeters
,Pleximetries
,Pleximetry
,Plexor
,Plexors
,Plexus
,Plexuses
,Pleysteinite
,Ovarian
,Ovariectomies
,Ovariectomy
,Ovaries
,Ovaritis
,Ovaritises
,Ovary
,Establishes
,Establishmentarianism
,Establishmentarianisms
,Establishmentism
,Establishmentisms
,Establishments
,Estaminet
,Estaminets
,Estated
,Estates
,Estating
,Estazolam
,Estazolams
,Esteban
,Esteem
,Esteemed
,Esteeming
,Esteems
,Estela
,Estella
,Estelle
,Ester
,Esterhazy
,Esterified
,Esterifies
,Esterify
,Esterifying
,Esters
,Estes
,Esther
,Estheses
,Esthesia
,Esthesias
,Esthesiologies
,Esthesiology
,Esthesis
,Esthete
,Esthetes
,Esthetic
,Esthetical
,Esthetically
,Esthetician
,Estheticians
,Esthetics
,Estimable
,Estimating
,Estimation
,Estimations
,Estimator
,Estimators
,Estival
,Estivate
,Estivated
,Estivates
,Estivating
,Estivation
,Estivations
,Estonia
,Estonian
,Estonians
,Estoppel
,Estoppels
,Estrada
,Estradiol
,Estradiols
,Estragon
,Estragons
,Estrange
,Estranged
,Estrangement
,Estrangements
,Estranges
,Estranging
,Estriol
,Estriols
,Estrogen
,Estrogenic
,Estrogens
,Estrone
,Estrones
,Estrous
,Estrus
,Estruses
,Estuarial
,Estuaries
,Estuarine
,Estuary
,Seraglio
,Seraglios
,Serail
,Serails
,Serandite
,Serape
,Serapes
,Seraph
,Seraphic
,Seraphical
,Seraphs
,Serb
,Serbia
,Serbian
,Serbians
,Serbs
,Sere
,Serena
,Serenade
,Serenaded
,Serenades
,Serenading
,Serendibite
,Serendipities
,Serendipitous
,Serendipitously
,Serendipity
,Serene
,Serened
,Serenelier
,Sereneliest
,Serenely
,Sereneness
,Serener
,Serenes
,Sereness
,Serenesses
,Serenest
,Serengeti
,Serening
,Serenities
,Serenity
,Serer
,Seres
,Serest
,Serf
,Serfdom
,Serfdoms
,Serfhood
,Serfhoods
,Serflike
,Serfs
,Serge
,Sergeants
,Serged
,Sergeevite
,Sergei
,Serger
,Sergers
,Serges
,Sergevanite
,Sergeysmirnovite
,Serging
,Sergio
,Serialisation
,Serialisations
,Serialise
,Serialised
,Serialises
,Serialising
,Serialism
,Serialisms
,Serializable
,Serialization
,Serializations
,Serialize
,Serialized
,Serializes
,Serializing
,Serialled
,Seriallier
,Serialliest
,Serialling
,Serially
,Serials
,Seriatim
,Sericeous
,Sericteries
,Sericteriums
,Serictery
,Sericultural
,Sericulture
,Sericultures
,Sericulturist
,Sericulturists
,Seriema
,Seriemas
,Serif
,Serifs
,Serigraph
,Serigraphies
,Serigraphs
,Serigraphy
,Serin
,Serine
,Serines
,Serins
,Seriocomedies
,Seriocomedy
,Seriocomic
,Seriocomical
,Seriousness
,Seriousnesses
,Seriph
,Seriphs
,Serjeant
,Serjeants
,Sermon
,Sermoned
,Sermoning
,Sermonise
,Sermonised
,Sermoniser
,Sermonisers
,Sermonises
,Sermonising
,Sermonism
,Sermonisms
,Sermonize
,Sermonized
,Sermonizer
,Sermonizers
,Sermonizes
,Sermonizing
,Sermons
,Serologic
,Serological
,Serologies
,Serologist
,Serologists
,Serology
,Serosa
,Serosas
,Serotine
,Serotines
,Serotonin
,Serotonins
,Serous
,Serow
,Serows
,Serpens
,Serpent
,Serpented
,Serpentine
,Serpentined
,Serpentines
,Serpenting
,Serpentining
,Serpents
,Serpierite
,Serra
,Serrabrancaite
,Serranid
,Serranids
,Serrano
,Serrate
,Serrated
,Serrates
,Serrating
,Serration
,Serrations
,Serratus
,Serratuses
,Serried
,Serrulate
,Sertindole
,Sertindoles
,Sertraline
,Sertralines
,Sertularian
,Sertularians
,Serums
,Serval
,Servals
,Servanted
,Servanting
,Serveries
,Servery
,Serviceabilities
,Serviceability
,Serviceable
,Serviceableness
,Serviceablenesses
,Serviceberries
,Serviceberry
,Serviced
,Serviceman
,Servicemen
,Servicer
,Servicers
,Serviceses
,Servicewoman
,Servicewomen
,Servicing
,Servicings
,Serviette
,Serviettes
,Servile
,Servilelier
,Servileliest
,Servilely
,Serviler
,Serviles
,Servilest
,Servilities
,Servility
,Servings
,Servitor
,Servitors
,Servitude
,Servitudes
,Servo
,Servoed
,Servoer
,Servoes
,Servoest
,Servoing
,Servomechanical
,Servomechanism
,Servomechanisms
,Servomotor
,Servomotors
,Servos
,Servosystem
,Servosystems
,Tokening
,Tokenish
,Tokenism
,Tokenization
,Tokenize
,Tokenized
,Tokenizes
,Tokenizing
,Wolfbane
,Wolfbanes
,Wolfe
,Wolfed
,Wolfeite
,Wolff
,Wolffish
,Wolfgang
,Wolfhound
,Wolfhounds
,Wolfing
,Wolfish
,Wolfisher
,Wolfishest
,Wolfishlier
,Wolfishliest
,Wolfishly
,Wolflike
,Wolfman
,Wolfmen
,Wolfram
,Wolframite
,Wolframites
,Wolframs
,Wolfs
,Wolfsbane
,Wolfsbanes
,Wolfsriedite
,Lowan
,Lowans
,Lowball
,Lowballed
,Lowballing
,Lowballs
,Lowborn
,Lowboy
,Lowboys
,Lowbred
,Lowbrow
,Lowbrowed
,Lowbrows
,Lowdown
,Lowe
,Lowed
,Lowell
,Lowenbrau
,Lowercase
,Lowercased
,Lowercases
,Lowercasing
,Lowerclassman
,Lowerclassmen
,Lowered
,Lowereder
,Loweredest
,Lowerer
,Lowerest
,Lowering
,Loweringlier
,Loweringliest
,Loweringly
,Lowerings
,Lowermost
,Lowers
,Lowery
,Lowing
,Lowish
,Lowland
,Lowlander
,Lowlanders
,Lowlands
,Lowlier
,Lowliest
,Lowlife
,Lowlifes
,Lowliness
,Lowlinesses
,Lowlives
,Lowly
,Lowness
,Lownesses
,Lowrider
,Lowriders
,Lows
,Lowset
,Illation
,Illations
,Illative
,Illatives
,Illegalise
,Illegalised
,Illegalises
,Illegalising
,Illegalities
,Illegality
,Illegalize
,Illegalized
,Illegalizes
,Illegalizing
,Illegally
,Illegals
,Illegibilities
,Illegibility
,Illegible
,Illegiblier
,Illegibliest
,Illegibly
,Illegitimacies
,Illegitimacy
,Illegitimate
,Illegitimated
,Illegitimately
,Illegitimates
,Illegitimating
,Iller
,Illest
,Illiberal
,Illiberalities
,Illiberality
,Illiberally
,Illiberals
,Illicit
,Illicitly
,Illicitness
,Illicitnesses
,Illicits
,Illimitable
,Illinoisan
,Illinoisans
,Illiquidities
,Illiquidity
,Illiteracies
,Illiteracy
,Illiterate
,Illiterately
,Illiterates
,Illnesses
,Illogic
,Illogical
,Illogicalities
,Illogicality
,Illogically
,Illogicalness
,Illogicalnesses
,Illogics
,Illoqite
,Ills
,Illume
,Illumed
,Illumes
,Illuminable
,Illuminance
,Illuminances
,Illuminant
,Illuminants
,Illuminate
,Illuminated
,Illuminates
,Illuminati
,Illuminating
,Illuminatingly
,Illumination
,Illuminations
,Illumine
,Illumined
,Illumines
,Illuming
,Illumining
,Illusion
,Illusional
,Illusionary
,Illusionist
,Illusionists
,Illusions
,Illusive
,Illusoriness
,Illusorinesses
,Illusory
,Illustrate
,Illustrates
,Illustrating
,Illustration
,Illustrations
,Illustrative
,Illustratively
,Illustrator
,Illustrators
,Illustrious
,Illustriously
,Illustriousness
,Illustriousnesses
,Dibber
,Dibbers
,Dibble
,Dibbled
,Dibbles
,Dibbling
,Dibbuk
,Dibbuks
,Dibrach
,Dibraches
,Dibranch
,Dibranches
,Dibranchiate
,Dibranchiates
,Dibs
,Dibsed
,Dibses
,Dibsing
,Dibucaine
,Dibucaines
,Pseudos
,Pseudoscience
,Pseudosciences
,Pseudoscientific
,Pseudoscorpion
,Pseudoscorpions
,Pseudosinhalite
,Dded
,Dding
,Dds
,Ddt
,Liv
,Livability
,Livable
,Liveable
,Liveborn
,Livedo
,Livedoes
,Livelier
,Livelies
,Liveliest
,Livelihood
,Livelihoods
,Liveliness
,Livelinesses
,Livelong
,Livelonger
,Livelongest
,Livelongs
,Lipid
,Lipidaemia
,Lipidaemias
,Lipide
,Lipidemia
,Lipidemias
,Lipides
,Lipidoses
,Lipidosis
,Lipids
,Lipizzaner
,Hymenopter
,Hymenopteran
,Hymenopterans
,Hymenopteron
,Hymenopterons
,Hymenopterous
,Hymenopters
,Apter
,Apteral
,Apterous
,Apteryxes
,Aptest
,Reba
,Rebalance
,Rebalanced
,Rebalances
,Rebalancing
,Rebar
,Rebarbative
,Rebars
,Rebate
,Rebated
,Rebates
,Rebating
,Rebato
,Rebatoes
,Iaccoca
,Iago
,Iapetus
,Iatrogenic
,Seoul
,Erg
,Erged
,Erging
,Ergo
,Ergocalciferol
,Ergocalciferols
,Ergodic
,Ergodicities
,Ergodicity
,Ergoer
,Ergoest
,Ergometer
,Ergometers
,Ergonomic
,Ergonomically
,Ergonomics
,Ergonomicss
,Ergonovine
,Ergonovines
,Ergos
,Ergosterol
,Ergosterols
,Ergot
,Ergotamine
,Ergotamines
,Ergotic
,Ergotine
,Ergotines
,Ergotism
,Ergotisms
,Ergotropic
,Ergotropism
,Ergotropisms
,Ergots
,Ergs
,Psyche
,Psyched
,Psychedelia
,Psychedelias
,Psychedelic
,Psychedelically
,Psychedelics
,Psyches
,Psychiatric
,Psychiatrical
,Psychiatries
,Psychiatrist
,Psychiatrists
,Psychiatry
,Psychic
,Psychical
,Psychically
,Psychics
,Psyching
,Psycho
,Psychoactive
,Psychoactives
,Psychoanalyse
,Psychoanalysed
,Psychoanalyses
,Psychoanalysing
,Psychoanalysis
,Psychoanalyst
,Psychoanalysts
,Psychoanalytic
,Psychoanalytical
,Psychoanalytically
,Psychoanalyze
,Psychoanalyzed
,Psychoanalyzes
,Psychoanalyzing
,Psychobabble
,Psychobabbled
,Psychobabbles
,Psychobabbling
,Psychodid
,Psychodids
,Psychodrama
,Psychodramas
,Psychodynamics
,Psychodynamicss
,Psychoes
,Psychogeneses
,Psychogenesis
,Psychogenetic
,Psychogenic
,Psychographics
,Psychographicss
,Psychokineses
,Psychokinesis
,Psychokinetic
,Psychokinetics
,Psycholinguist
,Psycholinguistic
,Psycholinguistics
,Psycholinguisticss
,Psycholinguists
,Psychologically
,Psychologies
,Psychologist
,Psychologists
,Psychomachies
,Psychomachy
,Psychometric
,Psychometrics
,Psychometricss
,Psychometries
,Psychometrika
,Psychometrikas
,Psychometry
,Psychomotor
,Psychoneuroses
,Psychoneurosis
,Psychoneurotic
,Psychoneurotics
,Psychonomics
,Psychonomicss
,Psychopath
,Psychopathic
,Psychopathics
,Psychopathies
,Psychopathologic
,Psychopathological
,Psychopathologies
,Psychopathology
,Psychopaths
,Psychopathy
,Psychopharmacological
,Psychopharmacologies
,Psychopharmacology
,Psychophysicist
,Psychophysicists
,Psychophysics
,Psychophysicss
,Psychophysiologies
,Psychophysiology
,Psychopomp
,Psychopomps
,Psychos
,Psychoses
,Psychosexual
,Psychosexualities
,Psychosexuality
,Psychosis
,Psychosocial
,Psychosomatic
,Psychosurgeries
,Psychosurgery
,Psychotherapeutic
,Psychotherapeutics
,Psychotherapeuticss
,Psychotherapies
,Psychotherapist
,Psychotherapists
,Psychotherapy
,Psychotic
,Psychotically
,Psychotics
,Psychotropic
,Psychotropics
,Psychrometer
,Psychrometers
,Psychs
,Psylla
,Psyllas
,Psyllid
,Psyllids
,Psylliums
,Psyop
,Psyops
,Conjectural
,Conjecturally
,Conjecturals
,Conjecture
,Conjectured
,Conjectures
,Conjecturing
,Conjoin
,Conjoined
,Conjoiner
,Conjoiners
,Conjoining
,Conjoins
,Conjoint
,Conjointlier
,Conjointliest
,Conjointly
,Conjugal
,Conjugallier
,Conjugalliest
,Conjugally
,Conjugate
,Conjugated
,Conjugates
,Conjugating
,Conjugation
,Conjugations
,Conjunct
,Conjunction
,Conjunctions
,Conjunctiva
,Conjunctival
,Conjunctivas
,Conjunctive
,Conjunctives
,Conjunctivitis
,Conjunctivitises
,Conjuncts
,Conjuncture
,Conjunctures
,Conjuration
,Conjurations
,Conjure
,Conjured
,Conjurer
,Conjurers
,Conjures
,Conjuries
,Conjuring
,Conjurings
,Conjuror
,Conjurors
,Conjury
,Conacaste
,Conacastes
,Conakry
,Conan
,Concatenate
,Concatenated
,Concatenates
,Concatenating
,Concatenation
,Concatenations
,Concave
,Concaved
,Concavelier
,Concaveliest
,Concavely
,Concaveness
,Concavenesses
,Concaves
,Concaving
,Concavities
,Concavity
,Conceal
,Concealable
,Concealed
,Concealer
,Concealers
,Concealing
,Concealings
,Concealment
,Concealments
,Conceals
,Concede
,Conceded
,Concedes
,Conceding
,Concedings
,Conceit
,Conceited
,Conceitedlier
,Conceitedliest
,Conceitedly
,Conceitedness
,Conceitednesses
,Conceits
,Conceivabilities
,Conceivability
,Conceivable
,Conceivableness
,Conceivablenesses
,Conceivably
,Conceive
,Conceived
,Conceiver
,Conceivers
,Conceives
,Conceiving
,Concenter
,Concentered
,Concentering
,Concenters
,Concentrated
,Concentrates
,Concentrating
,Concentrations
,Concentre
,Concentred
,Concentres
,Concentric
,Concentrical
,Concentrically
,Concentricities
,Concentricity
,Concentring
,Concepcion
,Conception
,Conceptional
,Conceptions
,Conceptive
,Conceptual
,Conceptualisation
,Conceptualisations
,Conceptualise
,Conceptualised
,Conceptualises
,Conceptualising
,Conceptualism
,Conceptualisms
,Conceptualistic
,Conceptualities
,Conceptuality
,Conceptualization
,Conceptualizations
,Conceptualize
,Conceptualized
,Conceptualizes
,Dwarf
,Dwarfed
,Dwarfer
,Dwarfest
,Dwarfing
,Dwarfish
,Dwarfishness
,Dwarfishnesses
,Dwarfism
,Dwarfisms
,Dwarfs
,Dwarves
,Dwayne
,Dweeb
,Dweebs
,Dwell
,Dwelled
,Dweller
,Dwellers
,Dwelling
,Dwellings
,Dwells
,Dwelt
,Dwight
,Dwindle
,Dwindled
,Dwindles
,Dwindling
,Dwindlings
,Dwojniak
,Dwojniaks
,Kwacha
,Kwachas
,Kwai
,Kwais
,Kwakiutl
,Kwan
,Kwangju
,Kwanza
,Kwanzaa
,Kwanzas
,Kwashiorkor
,Kwashiorkors
,Kweek
,Kweeks
,Kwela
,Kwelas
,Dee
,Deed
,Deedboxes
,Deeded
,Deeding
,Deeds
,Deedss
,Deejay
,Deejays
,Deem
,Deeming
,Deemphasize
,Deemphasized
,Deemphasizes
,Deemphasizing
,Deems
,Deena
,Deepen
,Deepened
,Deepening
,Deepenings
,Deepens
,Deepest
,Deepfake
,Deepfakes
,Deeplier
,Deepliest
,Deepmind
,Deepness
,Deepnesses
,Deeps
,Deerberries
,Deerberry
,Deere
,Deerhound
,Deerhounds
,Deerskin
,Deerskins
,Deerstalker
,Deerstalkers
,Deerstalking
,Deerstalkings
,Psi
,Psilocin
,Psilocine
,Psilocines
,Psilocins
,Psilocybin
,Psilocybins
,Psilocyn
,Psilocyns
,Psilomelane
,Psilomelanes
,Psilophyte
,Psilophytes
,Psilophyton
,Psilophytons
,Psiloses
,Psilosis
,Psilotsin
,Psilotsins
,Psis
,Psittacosaur
,Psittacosaurs
,Psittacosaurus
,Psittacosauruses
,Psittacoses
,Psittacosis
,Gel
,Gelatin
,Gelatine
,Gelatines
,Gelatinise
,Gelatinised
,Gelatinises
,Gelatinising
,Gelatinize
,Gelatinized
,Gelatinizes
,Gelatinizing
,Gelatinlike
,Gelatinous
,Gelatinousness
,Gelatinousnesses
,Gelatins
,Gelato
,Gelbvieh
,Gelcap
,Gelcaps
,Geld
,Gelded
,Gelding
,Geldings
,Gelds
,Gelechiid
,Gelechiids
,Gelid
,Gelider
,Gelidest
,Gelidities
,Gelidity
,Gelignite
,Gelignites
,Gelled
,Geller
,Gellies
,Gelling
,Gelly
,Gels
,Gelt
,Gelts
,Gayal
,Gayals
,Gayed
,Gayer
,Gayest
,Gayfeather
,Gayfeathers
,Gaying
,Gayle
,Gaylier
,Gayliest
,Gayly
,Gayness
,Gaynesses
,Gays
,Gaywings
,Gaywingss
,Poi
,Poignance
,Poignances
,Poignancies
,Poignancy
,Poignant
,Poignanter
,Poignantest
,Poignantlier
,Poignantliest
,Poignantly
,Poikilotherm
,Poikilothermic
,Poikilothermous
,Poikilotherms
,Poilu
,Poilus
,Poincare
,Poinciana
,Poincianas
,Poinsettia
,Poinsettias
,Pointedlier
,Pointedliest
,Pointedly
,Pointedness
,Pointednesses
,Pointel
,Pointels
,Pointer
,Pointers
,Pointfulness
,Pointfulnesses
,Pointier
,Pointiest
,Pointillism
,Pointillisms
,Pointillist
,Pointillistic
,Pointillists
,Pointless
,Pointlesslier
,Pointlessliest
,Pointlessly
,Pointlessness
,Pointlessnesses
,Pointrel
,Pointrels
,Pointsman
,Pointsmen
,Pointswoman
,Pointswomen
,Pointy
,Poiret
,Poirot
,Pois
,Poise
,Poised
,Poiseder
,Poisedest
,Poises
,Poising
,Poisonberries
,Poisonberry
,Poisoned
,Poisoner
,Poisoners
,Poisoning
,Poisonings
,Poisonous
,Poisonously
,Poisons
,Poisson
,Poitier
,Poivrade
,Poivrades
,Fixable
,Fixate
,Fixated
,Fixates
,Fixating
,Fixation
,Fixations
,Fixative
,Fixatives
,Etymological
,Etymologically
,Etymologies
,Etymologise
,Etymologised
,Etymologises
,Etymologising
,Etymologist
,Etymologists
,Etymologize
,Etymologized
,Etymologizes
,Etymologizing
,Etymologizings
,Etymology
,Etymon
,Etymons
,Deracinate
,Deracinated
,Deracinates
,Deracinating
,Deracination
,Deracinations
,Derail
,Derailed
,Derailing
,Derailleur
,Derailleurs
,Derailment
,Derailments
,Derails
,Derange
,Deranged
,Derangement
,Derangements
,Deranges
,Deranging
,Derate
,Derated
,Derates
,Derating
,Derbies
,Derecognise
,Derecognised
,Derecognises
,Derecognising
,Derecognize
,Derecognized
,Derecognizes
,Derecognizing
,Deregulate
,Deregulated
,Deregulates
,Deregulating
,Deregulatings
,Deregulation
,Deregulations
,Derelict
,Dereliction
,Derelictions
,Derelicts
,Derequisition
,Derequisitioned
,Derequisitioning
,Derequisitions
,Derestrict
,Derestricted
,Derestricting
,Derestricts
,Derick
,Deride
,Derided
,Derides
,Deriding
,Derision
,Derisions
,Derisive
,Derisively
,Derisiveness
,Derisives
,Derisorily
,Derisory
,Derivable
,Derivation
,Derivational
,Derivations
,Derivative
,Derivatives
,Derive
,Derives
,Deriving
,Derivings
,Derma
,Dermabrasion
,Dermabrasions
,Dermal
,Dermaler
,Dermalest
,Dermas
,Dermata
,Dermatitis
,Dermatitises
,Dermatoglyphic
,Dermatoglyphics
,Dermatoglyphicss
,Dermatologic
,Dermatological
,Dermatologies
,Dermatologist
,Dermatologists
,Dermatology
,Dermatome
,Dermatomes
,Dermatomycoses
,Dermatomycosis
,Dermatomyositis
,Dermatomyositises
,Dermatophytoses
,Dermatophytosis
,Dermatoscleroses
,Dermatosclerosis
,Dermatoses
,Dermatosis
,Dermic
,Dermis
,Dermiss
,Dermot
,Derogate
,Derogated
,Derogates
,Derogating
,Derogation
,Derogations
,Derogative
,Derogatives
,Derogatories
,Derogatorily
,Derogatory
,Derp
,Derped
,Derper
,Derpest
,Derping
,Derps
,Derrick
,Derricked
,Derricking
,Derricks
,Derrida
,Derriere
,Derrieres
,Derringer
,Derringers
,Derris
,Derriss
,Derv
,Dervish
,Dervishes
,Dervs
,Skyjack
,Skyjacked
,Skyjacker
,Skyjackers
,Skyjacking
,Skyjackings
,Skyjacks
,Kraut
,Krauts
,Inkberries
,Inkberry
,Inkblot
,Inkblots
,Inked
,Inkier
,Inkiest
,Inkiness
,Inkinesses
,Inking
,Inkjet
,Inkle
,Inkled
,Inkles
,Inkling
,Inklings
,Inkpad
,Inkpads
,Inkpot
,Inkpots
,Inks
,Inkstand
,Inkstands
,Inkwell
,Inkwells
,Inky
,Igloo
,Igloos
,Iglu
,Iglus
,Ignacio
,Ignatius
,Igneous
,Ignescent
,Ignescents
,Ignitable
,Ignite
,Ignited
,Igniter
,Igniters
,Ignites
,Ignitible
,Igniting
,Ignition
,Ignitions
,Ignitor
,Ignorances
,Ignorantly
,Ignorantness
,Ignorantnesses
,Ignorants
,Ignores
,Igor
,Iguana
,Iguanas
,Iguanid
,Iguanids
,Iguanodon
,Iguanodons
,Iguassu
,Ignitors
,Ignobilities
,Ignobility
,Ignoble
,Ignobleness
,Ignoblenesses
,Ignobler
,Ignoblest
,Ignoblier
,Ignobliest
,Ignobly
,Ignominies
,Ignominious
,Ignominiously
,Ignominiousness
,Ignominiousnesses
,Ignominy
,Ignoramus
,Ignoramuses
,Septa
,Septal
,Septaler
,Septalest
,Septate
,Septater
,Septatest
,Septation
,Septations
,Septectomies
,Septectomy
,Septembers
,Septenaries
,Septenary
,Septet
,Septets
,Septette
,Septettes
,Septic
,Septicaemia
,Septicaemias
,Septicemia
,Septicemias
,Septicemic
,Septics
,Septillion
,Septillions
,Septrional
,Septs
,Septuagenarian
,Septuagenarians
,Septuagint
,Septums
,Septuple
,Septupled
,Septuples
,Septupling
,Lan
,Lana
,Lanai
,Lanais
,Lanate
,Lancashire
,Lancaster
,Lance
,Lanced
,Lancelet
,Lancelets
,Lancelike
,Lancelot
,Lanceolate
,Lanceolates
,Lancer
,Lancers
,Lancerss
,Lances
,Lancet
,Lanceted
,Lancetfish
,Lanceting
,Lancets
,Lancewood
,Lancewoods
,Lancinate
,Lancinated
,Lancinates
,Lancinating
,Lancing
,Landau
,Landaus
,Landeder
,Landedest
,Lander
,Landers
,Landfall
,Landfalls
,Landfill
,Landfills
,Landform
,Landforms
,Landgrave
,Landgraves
,Landholder
,Landholders
,Landholding
,Landholdings
,Landings
,Landladies
,Landlady
,Landler
,Landlers
,Landless
,Landline
,Landlines
,Landlocked
,Landlord
,Landlords
,Landlubber
,Landlubberly
,Landlubbers
,Landman
,Landmark
,Landmarked
,Landmarking
,Landmarks
,Landmass
,Landmasses
,Landmen
,Landmine
,Landmines
,Landon
,Landowner
,Landowners
,Landownership
,Landowning
,Landownings
,Landrover
,Landrovers
,Landry
,Landsat
,Landscaped
,Landscaper
,Landscapers
,Landscapes
,Landscaping
,Landscapings
,Landscapist
,Landscapists
,Landside
,Landsides
,Landslid
,Landslide
,Landslides
,Landsliding
,Landslip
,Landslips
,Landsman
,Landsmen
,Landsteiner
,Landswoman
,Landswomen
,Landward
,Landwards
,Landwoman
,Landwomen
,Lanes
,Langbeinite
,Langbeinites
,Langerhans
,Langland
,Langlaufer
,Langlaufers
,Langley
,Langleys
,Langmuir
,Langouste
,Langoustes
,Langoustine
,Langoustines
,Langsat
,Langsats
,Langset
,Langsets
,Langsyne
,Langsynes
,Languaged
,Languaging
,Languid
,Languidlier
,Languidliest
,Languidly
,Languidness
,Languids
,Languish
,Languished
,Languisher
,Languishers
,Languishes
,Languishing
,Languor
,Languorous
,Languorously
,Languors
,Langur
,Langurs
,Laniard
,Laniards
,Laniaries
,Laniary
,Lank
,Lanka
,Lankan
,Lanker
,Lankest
,Lankier
,Lankiest
,Lankiness
,Lankinesses
,Lankly
,Lankness
,Lanky
,Lanny
,Lanolin
,Lanolins
,Lans
,Lansa
,Lansas
,Lansat
,Lansats
,Lanseh
,Lansehs
,Lanset
,Lansets
,Lansing
,Lansoprazole
,Lansoprazoles
,Lantana
,Lantanas
,Lantern
,Lanterned
,Lanternfish
,Lanterning
,Lanterns
,Lanthanide
,Lanthanides
,Lanthanoid
,Lanthanoids
,Lanthanon
,Lanthanons
,Lanthanums
,Lanugo
,Lanugoes
,Lanyard
,Lanyards
,Lanzhou
,Lambada
,Lambadas
,Lambast
,Lambaste
,Lambasted
,Lambastes
,Lambasting
,Lambasts
,Lambchop
,Lambchops
,Lambda
,Lambdacism
,Lambdacisms
,Lambdas
,Lambed
,Lambencies
,Lambency
,Lambent
,Lambently
,Lambert
,Lamberts
,Lambing
,Lambkill
,Lambkills
,Lambkin
,Lambkins
,Lamblike
,Lamborghini
,Lambrequin
,Lambrequins
,Lambrusco
,Lambs
,Lambskin
,Lambskins
,Lambswool
,Kayak
,Kayaked
,Kayaker
,Kayakers
,Kayaking
,Kayaks
,Aimee
,Aiming
,Aimless
,Aimlesslier
,Aimlessliest
,Aimlessly
,Aimlessness
,Aimlessnesses
,Dupe
,Duped
,Duper
,Duperies
,Dupers
,Dupery
,Dupes
,Duping
,Duple
,Dupler
,Duplest
,Duplexed
,Duplexes
,Duplexing
,Duplicabilities
,Duplicability
,Duplicable
,Duplicatable
,Duplicate
,Duplicated
,Duplicates
,Duplicating
,Duplication
,Duplications
,Duplicative
,Duplicator
,Duplicators
,Duplicities
,Duplicitous
,Duplicity
,Dupont
,Khabarovsk
,Khachaturian
,Khaddar
,Khaddars
,Khadi
,Khadis
,Khaki
,Khakier
,Khakiest
,Khakis
,Khakiss
,Khalid
,Khalif
,Khalifah
,Khalifahs
,Khalifs
,Khamsin
,Khamsins
,Khanate
,Khanates
,Khans
,Kharkov
,Khat
,Khats
,Khayyam
,Khazar
,Khesari
,Khesaris
,Khi
,Khimar
,Khimars
,Khis
,Khmer
,Khoikhoi
,Khoisan
,Khomeini
,Khorana
,Khoums
,Khrushchev
,Khufu
,Khukuri
,Khukuris
,Khulna
,Khwarizmi
,Khyber
,Khz
,Heed
,Heeded
,Heedful
,Heedfullier
,Heedfulliest
,Heedfully
,Heedfulness
,Heedfulnesses
,Heeding
,Heedless
,Heedlesslier
,Heedlessliest
,Heedlessly
,Heedlessness
,Heedlessnesses
,Heeds
,Heehaw
,Heehawed
,Heehawing
,Heehaws
,Heel
,Heelbone
,Heelbones
,Heeled
,Heeling
,Heelless
,Heeltip
,Heeltips
,Heep
,Ankyloglossia
,Ankyloglossias
,Ankylosaur
,Ankylosaurs
,Ankylosaurus
,Ankylosauruses
,Ankylose
,Ankylosed
,Ankyloses
,Ankylosing
,Ankylosis
,Ankylotic
,Piddle
,Piddled
,Piddles
,Piddling
,Piddly
,Piddock
,Piddocks
,Pidgin
,Pidgins
,Hubbard
,Hubbier
,Hubbies
,Hubbiest
,Hubble
,Hubbub
,Hubbubed
,Hubbubing
,Hubbubs
,Hubby
,Hubcap
,Hubcaps
,Hubei
,Huber
,Hubert
,Hubris
,Hubrises
,Hubs
,Sumac
,Sumaced
,Sumach
,Sumached
,Sumaches
,Sumaching
,Sumachs
,Sumacing
,Sumacs
,Sumatra
,Sumatran
,Sumeria
,Sumerian
,Summarier
,Summaries
,Summariest
,Summarily
,Summarisation
,Summarisations
,Summarise
,Summarised
,Summarises
,Summarising
,Summarization
,Summarizations
,Summarize
,Summarized
,Summarizes
,Summarizing
,Summat
,Summate
,Summated
,Summates
,Summating
,Summation
,Summational
,Summations
,Summative
,Summed
,Summercater
,Summercaters
,Summercaterss
,Summered
,Summerhouse
,Summerhouses
,Summerier
,Summeriest
,Summering
,Summerise
,Summerised
,Summerises
,Summerising
,Summerize
,Summerized
,Summerizes
,Summerizing
,Summers
,Summersault
,Summersaulted
,Summersaulting
,Summersaults
,Summerset
,Summersets
,Summersetted
,Summersetting
,Summertime
,Summertimes
,Summery
,Summing
,Summited
,Summiting
,Summitry
,Summits
,Summitted
,Summitting
,Summon
,Summoned
,Summoner
,Summoners
,Summoning
,Summonings
,Summons
,Summonsed
,Summonses
,Summonsing
,Summonss
,Sumner
,Sumo
,Sumoes
,Sump
,Sumped
,Sumping
,Sumps
,Sumpsimus
,Sumpsimuses
,Sumpter
,Sumpters
,Sumptuary
,Sumptuosities
,Sumptuosity
,Sumptuous
,Sumptuously
,Sumptuousness
,Sumptuousnesses
,Sums
,Sumter
,Sawbill
,Sawbills
,Sawbones
,Sawboneses
,Sawbuck
,Sawbucks
,Sawdust
,Sawdusts
,Sawed
,Sawfish
,Sawflies
,Sawfly
,Sawhorse
,Sawhorses
,Sawing
,Sawm
,Sawmill
,Sawmilled
,Sawmilling
,Sawmills
,Sawms
,Sawpit
,Sawpits
,Saws
,Sawteeth
,Sawtooth
,Sawwort
,Sawworts
,Sawyer
,Sawyers
,Airbag
,Airbags
,Airbed
,Airbeds
,Airborne
,Airbrake
,Airbrakes
,Airbrush
,Airbrushed
,Airbrushes
,Airbrushing
,Airburst
,Airbursts
,Airbus
,Airbuses
,Aircraftman
,Aircraftmen
,Aircrafts
,Aircraftsman
,Aircraftsmen
,Aircraftswoman
,Aircraftswomen
,Aircraftwoman
,Aircraftwomen
,Aircrew
,Aircrewman
,Aircrewmen
,Aircrews
,Aircrewwoman
,Aircrewwomen
,Airdock
,Airdocks
,Airdrome
,Airdromes
,Airdrop
,Airdropped
,Airdropping
,Airdrops
,Aired
,Airedale
,Aireder
,Airedest
,Aires
,Airfare
,Airfares
,Airfield
,Airfields
,Airflow
,Airflows
,Airfoil
,Airfoils
,Airforce
,Airforces
,Airframe
,Airframes
,Airfreight
,Airfreighted
,Airfreighting
,Airfreights
,Airgun
,Airguns
,Airhead
,Airheaded
,Airheads
,Airier
,Airiest
,Airilier
,Airiliest
,Airily
,Airiness
,Airinesses
,Airing
,Airings
,Airless
,Airlessness
,Airlift
,Airlifted
,Airlifting
,Airlifts
,Airlike
,Airliner
,Airliners
,Airlock
,Airlocks
,Airmail
,Airmailed
,Airmailer
,Airmailers
,Airmailing
,Airmails
,Airman
,Airmanship
,Airmanships
,Airmen
,Airplane
,Airplaned
,Airplanes
,Airplaning
,Airplay
,Airports
,Airpost
,Airposts
,Airs
,Airscrew
,Airscrews
,Airship
,Airshipped
,Airshipping
,Airships
,Airshow
,Airshows
,Airsick
,Airsickness
,Airsicknesses
,Airspace
,Airspaces
,Airspeed
,Airspeeds
,Airss
,Airstream
,Airstreams
,Airstrike
,Airstrikes
,Airstrip
,Airstrips
,Airt
,Airted
,Airtight
,Airtime
,Airting
,Airts
,Airwave
,Airwaves
,Airway
,Airways
,Airwoman
,Airwomen
,Airworthier
,Airworthiest
,Airworthiness
,Airworthinesses
,Airworthy
,Airy
,Sadat
,Saddam
,Sadded
,Sadden
,Saddened
,Saddening
,Saddens
,Sadder
,Saddest
,Saddhu
,Saddhus
,Sadding
,Saddle
,Saddleback
,Saddlebacked
,Saddlebacking
,Saddlebacks
,Saddlebag
,Saddlebags
,Saddlebill
,Saddlebills
,Saddlebow
,Saddlebows
,Saddlecloth
,Saddlecloths
,Saddled
,Saddleder
,Saddledest
,Saddler
,Saddleries
,Saddlers
,Saddlery
,Saddles
,Saddling
,Sadducee
,Sade
,Sader
,Sadest
,Sadhe
,Sadhes
,Sadhu
,Sadhus
,Sadie
,Sadism
,Sadisms
,Sadist
,Sadistic
,Sadistically
,Sadists
,Sadlier
,Sadliest
,Sadness
,Sadnesses
,Sadomasochism
,Sadomasochisms
,Sadomasochist
,Sadomasochistic
,Sadomasochists
,Sadr
,Sads
,Lively
,Liven
,Livened
,Liveness
,Livenesses
,Livening
,Livens
,Liveried
,Liverier
,Liveries
,Liveriest
,Liverish
,Liverleaf
,Liverleafs
,Liverleaves
,Livermore
,Liverpudlian
,Liverpudlians
,Livers
,Liverwort
,Liverworts
,Liverwurst
,Liverwursts
,Livery
,Liverying
,Liveryman
,Liverymen
,Liverywoman
,Liverywomen
,Livest
,Livestock
,Livestocks
,Livestream
,Livestreamed
,Livestreaming
,Livestreams
,Liveware
,Livia
,Livid
,Lividities
,Lividity
,Lividlier
,Lividliest
,Lividly
,Lividness
,Lividnesses
,Livings
,Livingston
,Livingstone
,Livonia
,Livy
,Ruse
,Rused
,Ruses
,Rushdie
,Rushed
,Rusheder
,Rushedest
,Rusher
,Rushers
,Rushes
,Rushest
,Rushier
,Rushiest
,Rushing
,Rushings
,Rushlight
,Rushlights
,Rushlike
,Rushmore
,Rushy
,Rusing
,Rusk
,Ruskin
,Rusks
,Russel
,Russet
,Russeted
,Russeting
,Russets
,Russo
,Rust
,Rustbelt
,Rusted
,Ruster
,Rustest
,Rustic
,Rustically
,Rusticate
,Rusticated
,Rusticates
,Rusticating
,Rustication
,Rustications
,Rusticism
,Rusticisms
,Rusticities
,Rusticity
,Rustics
,Rustier
,Rustiest
,Rustiness
,Rustinesses
,Rusting
,Rustings
,Rustle
,Rustled
,Rustler
,Rustlers
,Rustles
,Rustless
,Rustling
,Rustlings
,Rustproof
,Rustproofed
,Rustproofing
,Rustproofs
,Rusts
,Rusty
,Nightshade
,Nightshades
,Nightshirt
,Nightshirts
,Nightspot
,Nightspots
,Nightstand
,Nightstands
,Nightstick
,Nightsticks
,Adrenal
,Adrenalectomies
,Adrenalectomy
,Adrenalin
,Adrenaline
,Adrenalines
,Adrenals
,Adrenarche
,Adrenarches
,Adrenergic
,Adrenergics
,Adrenocortical
,Adrenocorticotrophic
,Adrenocorticotrophin
,Adrenocorticotrophins
,Adrenocorticotropic
,Adrenocorticotropin
,Adrenocorticotropins
,Adrenosterone
,Adrenosterones
,Adrian
,Adriana
,Adriatic
,Adrienne
,Adrift
,Adrifter
,Adriftest
,Adroit
,Adroiter
,Adroitest
,Adroitlier
,Adroitliest
,Adroitly
,Adroitness
,Adroitnesses
,Tosca
,Toscanini
,Tosh
,Toshed
,Tosher
,Toshes
,Toshest
,Toshiba
,Toshing
,Toss
,Tossed
,Tosser
,Tossers
,Tosses
,Tossing
,Tossup
,Tossups
,Tostada
,Tostadas
,Jasmine
,Jasmines
,Jasper
,Jaspers
,Jassid
,Jassids
,Dotage
,Dotages
,Dotard
,Dotards
,Dotcom
,Dotcoms
,Dote
,Doted
,Doter
,Doters
,Dotes
,Dothan
,Doting
,Dotingly
,Dotings
,Dotrel
,Dotrels
,Dots
,Dotson
,Dotted
,Dotterel
,Dotterels
,Dottier
,Dotties
,Dottiest
,Dottilier
,Dottiliest
,Dottily
,Dotting
,Dottle
,Dottles
,Dotty
,Lame
,Lamebrain
,Lamebrained
,Lamebrains
,Lamed
,Lamedh
,Lamedhs
,Lamelier
,Lameliest
,Lamella
,Lamellas
,Lamellibranch
,Lamellibranches
,Lamely
,Lameness
,Lamenesses
,Lament
,Lamentable
,Lamentably
,Lamentation
,Lamentations
,Lamented
,Lamenter
,Lamenters
,Lamenting
,Lamentings
,Laments
,Lamer
,Lamers
,Lames
,Lamest
,Porbeagle
,Porbeagles
,Porc
,Porcelain
,Porcelainize
,Porcelainized
,Porcelainizes
,Porcelainizing
,Porcelains
,Porch
,Porches
,Porcine
,Porcs
,Porcupine
,Porcupinefish
,Porcupines
,Porcupineses
,Pore
,Pored
,Pores
,Porfirio
,Porgies
,Porgy
,Poriferan
,Poriferans
,Poriferous
,Poring
,Porkchop
,Porkchops
,Porker
,Porkers
,Porkfish
,Porkholt
,Porkholts
,Porkier
,Porkies
,Porkiest
,Porkpie
,Porkpies
,Porks
,Porky
,Porno
,Pornoes
,Pornographer
,Pornographers
,Pornographic
,Pornographically
,Pornographies
,Pornography
,Porns
,Poroporo
,Poroporoes
,Porose
,Porosities
,Porosity
,Porous
,Porousness
,Porousnesses
,Porphyria
,Porphyrias
,Porphyries
,Porphyrin
,Porphyrins
,Porphyritic
,Porphyry
,Porpoise
,Porpoised
,Porpoises
,Porpoising
,Porridge
,Porridges
,Porrima
,Porringer
,Porringers
,Porsche
,Porta
,Portabella
,Portabellas
,Portabilities
,Portability
,Portable
,Portables
,Portage
,Portaged
,Portages
,Portaging
,Portals
,Portas
,Portcullis
,Portcullised
,Portcullises
,Portcullising
,Portculliss
,Ported
,Portend
,Portended
,Portending
,Portends
,Portent
,Portentous
,Portentouslier
,Portentousliest
,Portentously
,Portentousness
,Portents
,Porter
,Porterage
,Porterages
,Portered
,Porterhouse
,Porterhouses
,Portering
,Porters
,Porterville
,Portest
,Portfolios
,Porthole
,Portholes
,Portia
,Portico
,Porticoed
,Porticoes
,Portiere
,Portieres
,Porting
,Portioned
,Portioning
,Portions
,Portlier
,Portliest
,Portliness
,Portly
,Portmanteau
,Portmanteaus
,Porto
,Portobello
,Portobellos
,Portraitist
,Portraitists
,Portraits
,Portraiture
,Portraitures
,Portray
,Portrayal
,Portrayals
,Portrayed
,Portrayer
,Portrayers
,Portraying
,Portrayings
,Portrays
,Portsmouth
,Portulaca
,Portulacas
,Portwatcher
,Portwatchers
,Ora
,Orach
,Orache
,Oraches
,Oracle
,Oracled
,Oracles
,Oracling
,Oracular
,Orad
,Orader
,Oradest
,Orality
,Orallier
,Oralliest
,Orally
,Orals
,Oran
,Orang
,Orangeade
,Orangeades
,Oranged
,Orangeness
,Orangenesses
,Orangeries
,Orangery
,Oranges
,Orangewood
,Orangewoods
,Oranging
,Orangish
,Orangs
,Orangutan
,Orangutang
,Orangutangs
,Orangutans
,Oranjestad
,Orate
,Orated
,Orates
,Orating
,Oration
,Orationed
,Orationing
,Orations
,Orator
,Oratorical
,Oratorically
,Oratories
,Oratorio
,Oratorios
,Orators
,Oratory
,Dorm
,Dormancies
,Dormancy
,Dormant
,Dormanter
,Dormantest
,Dormants
,Dormed
,Dormer
,Dormers
,Dormice
,Dormie
,Dormier
,Dormiest
,Dorming
,Dormitories
,Dormitory
,Dormouse
,Dorms
,Dormy
,Ado
,Adobe
,Adobes
,Adobo
,Adoboes
,Adoes
,Adolesce
,Adolesced
,Adolescence
,Adolescences
,Adolescent
,Adolescents
,Adolesces
,Adolescing
,Adolf
,Adolfo
,Adolph
,Adonis
,Adonises
,Adoniss
,Adoptable
,Adoptables
,Adoptee
,Adoptees
,Adopter
,Adopters
,Adopting
,Adoptions
,Adoptive
,Adopts
,Adorabilities
,Adorability
,Adorableness
,Adorablenesses
,Adorably
,Adoration
,Adorations
,Adore
,Adored
,Adorer
,Adorers
,Adores
,Adoring
,Adoringly
,Adorings
,Adorn
,Adorned
,Adorning
,Adornment
,Adornments
,Adorns
,Adoxographies
,Adoxography
,Dodder
,Doddered
,Dodderer
,Dodderers
,Dodderier
,Dodderiest
,Doddering
,Dodderings
,Dodders
,Doddery
,Doddle
,Doddled
,Doddles
,Doddling
,Dodecagon
,Dodecagons
,Dodecahedron
,Dodecahedrons
,Dodge
,Dodgeball
,Dodged
,Dodgem
,Dodgems
,Dodger
,Dodgers
,Dodges
,Dodgier
,Dodgiest
,Dodging
,Dodgings
,Dodgson
,Dodgy
,Dodo
,Dodoes
,Dodoma
,Dodos
,Dodson
,Hatband
,Hatbands
,Hatboxes
,Hatch
,Hatchback
,Hatchbacks
,Hatcheck
,Hatchecks
,Hatched
,Hatcheder
,Hatchedest
,Hatchel
,Hatcheled
,Hatcheling
,Hatchelled
,Hatchelling
,Hatchels
,Hatcheries
,Hatchery
,Hatches
,Hatchet
,Hatcheted
,Hatcheting
,Hatchets
,Hatching
,Hatchings
,Hatchling
,Hatchlings
,Hatchway
,Hatchways
,Hateder
,Hatedest
,Hateful
,Hatefullier
,Hatefulliest
,Hatefully
,Hatefulness
,Hatefulnesses
,Hatemonger
,Hatemongers
,Hater
,Haters
,Hatfield
,Hatful
,Hatfuls
,Hathaway
,Hating
,Hatless
,Hatmaker
,Hatmakers
,Hatpin
,Hatpins
,Hatrack
,Hatracks
,Hatreds
,Hatsheput
,Hatstand
,Hatstands
,Hatted
,Hatter
,Hatteras
,Hattered
,Hattering
,Hatters
,Hattie
,Hattiesburg
,Hatting
,Kay
,Kaye
,Kayla
,Kayo
,Kayoed
,Kayoes
,Kayoing
,Kayos
,Tuscaloosa
,Tuscan
,Tuscany
,Tuscarora
,Tuscon
,Tush
,Tushed
,Tusheries
,Tushery
,Tushes
,Tushing
,Tusk
,Tusked
,Tuskeder
,Tuskedest
,Tuskegee
,Tusker
,Tuskers
,Tusking
,Tusks
,Tussah
,Tussahs
,Tussaud
,Tusseh
,Tussehs
,Tusser
,Tussers
,Tussle
,Tussled
,Tussles
,Tussling
,Tussock
,Tussocks
,Tussocky
,Tussore
,Tussores
,Tussur
,Tussurs
,Ope
,Opec
,Oped
,Opel
,Openai
,Openbill
,Openbills
,Opencast
,Opencut
,Opener
,Openers
,Openest
,Openhanded
,Openhandedness
,Openhandednesses
,Openhearted
,Openings
,Openlier
,Openliest
,Openmouthed
,Openness
,Opennesses
,Openoffice
,Openwork
,Openworks
,Opepe
,Opepes
,Operable
,Operagoer
,Operagoers
,Operand
,Operands
,Operant
,Operants
,Operas
,Operatic
,Operatically
,Operationalism
,Operationalisms
,Operationalist
,Operationalists
,Operationally
,Operationss
,Operative
,Operatively
,Operatives
,Operculate
,Operculated
,Operculates
,Operculums
,Operetta
,Operettas
,Operon
,Operons
,Operose
,Operoseness
,Operosenesses
,Opes
,Isoagglutination
,Isoagglutinations
,Isoagglutinin
,Isoagglutinins
,Isoagglutinogen
,Isoagglutinogens
,Isoantibodies
,Isoantibody
,Isobar
,Isobaric
,Isobars
,Isobase
,Isobases
,Isobilateral
,Isobront
,Isobronts
,Isobutylene
,Isobutylenes
,Isocarboxazid
,Isocarboxazids
,Isochalaz
,Isochalazes
,Isocheim
,Isocheims
,Isochronal
,Isochrone
,Isochrones
,Isochronism
,Isochronisms
,Isochronous
,Isoclinal
,Isoclinals
,Isoclinic
,Isoclinics
,Isocryme
,Isocrymes
,Isocyanate
,Isocyanates
,Isocyclic
,Isoflurane
,Isofluranes
,Isogamete
,Isogametes
,Isogamies
,Isogamy
,Isogeotherm
,Isogeotherms
,Isogloss
,Isoglosses
,Isogon
,Isogone
,Isogones
,Isogonic
,Isogonics
,Isogons
,Isogram
,Isograms
,Isohel
,Isohels
,Isolable
,Isolate
,Isolates
,Isolating
,Isolationism
,Isolationisms
,Isolationist
,Isolationistic
,Isolationists
,Isolations
,Isolde
,Isoleucine
,Isoleucines
,Isolexes
,Isomer
,Isomerase
,Isomerases
,Isomeric
,Isomerisation
,Isomerisations
,Isomerise
,Isomerised
,Isomerises
,Isomerising
,Isomerism
,Isomerisms
,Isomerization
,Isomerizations
,Isomerize
,Isomerized
,Isomerizes
,Isomerizing
,Isomers
,Isometric
,Isometrical
,Isometrically
,Isometrics
,Isometricss
,Isometries
,Isometropia
,Isometropias
,Isometry
,Isomorphic
,Isomorphies
,Isomorphism
,Isomorphisms
,Isomorphous
,Isomorphy
,Isoniazid
,Isoniazids
,Isophene
,Isophenes
,Isophone
,Isophones
,Isopieze
,Isopiezes
,Isopleth
,Isopleths
,Isopod
,Isopods
,Isopropanol
,Isopropanols
,Isoproterenol
,Isoproterenols
,Isopteran
,Isopterans
,Isosceles
,Isoseismal
,Isoseismals
,Isosmotic
,Isosorbide
,Isosorbides
,Isostasies
,Isostasy
,Isosyllabism
,Isosyllabisms
,Isotach
,Isotaches
,Isothere
,Isotheres
,Isotherm
,Isothermal
,Isothermals
,Isothermic
,Isotherms
,Isothiocyanate
,Isothiocyanates
,Isotonic
,Isotope
,Isotoped
,Isotopes
,Isotopic
,Isotoping
,Isotropic
,Isotropically
,Isotropies
,Isotropous
,Isotropy
,Atole
,Atoles
,Atoll
,Atolls
,Atom
,Atomic
,Atomically
,Atomics
,Atomisation
,Atomisations
,Atomise
,Atomised
,Atomiser
,Atomisers
,Atomises
,Atomising
,Atomism
,Atomisms
,Atomistic
,Atomistical
,Atomization
,Atomizations
,Atomize
,Atomized
,Atomizer
,Atomizers
,Atomizes
,Atomizing
,Atoms
,Atonal
,Atonalism
,Atonalisms
,Atonalistic
,Atonalities
,Atonality
,Atonallier
,Atonalliest
,Atonally
,Atone
,Atoned
,Atonement
,Atonements
,Atones
,Atonia
,Atonias
,Atonic
,Atonicities
,Atonicity
,Atonies
,Atoning
,Atony
,Atop
,Atoper
,Atopest
,Atopies
,Atopognoses
,Atopognosia
,Atopognosias
,Atopognosis
,Atopy
,Atorvastatin
,Atorvastatins
,Atoxic
,Ceramic
,Ceramicist
,Ceramicists
,Ceramics
,Ceramicss
,Ceramist
,Ceramists
,Ceras
,Cerass
,Cerastes
,Cerasteses
,Cerate
,Cerates
,Ceratin
,Ceratins
,Ceratodus
,Ceratoduses
,Ceratopsian
,Ceratopsians
,Ceratosaur
,Ceratosaurs
,Ceratosaurus
,Ceratosauruses
,Ceratozamia
,Ceratozamias
,Crab
,Crabapple
,Crabapples
,Crabbe
,Crabbed
,Crabbeder
,Crabbedest
,Crabbedness
,Crabbednesses
,Crabber
,Crabbers
,Crabbier
,Crabbiest
,Crabbily
,Crabbiness
,Crabbinesses
,Crabbing
,Crabby
,Crabgrass
,Crabgrasses
,Crablike
,Crabmeat
,Crabmeats
,Crabs
,Crabss
,Crabwise
,Crackbrained
,Crackdown
,Crackdowns
,Cracked
,Crackeder
,Crackedest
,Cracker
,Crackerberries
,Crackerberry
,Crackerjack
,Crackerjacks
,Crackers
,Crackest
,Crackhead
,Crackheads
,Cracking
,Crackings
,Crackle
,Crackled
,Crackler
,Crackles
,Cracklest
,Crackleware
,Cracklewares
,Crackling
,Cracklings
,Cracklingss
,Crackly
,Crackpot
,Crackpots
,Cracks
,Cracksman
,Cracksmen
,Crackswoman
,Crackswomen
,Crackup
,Crackups
,Cradle
,Cradled
,Cradles
,Cradlesong
,Cradlesongs
,Cradling
,Crafted
,Crafter
,Crafters
,Craftier
,Craftiest
,Craftilier
,Craftiliest
,Craftily
,Craftiness
,Craftinesses
,Crafting
,Crafts
,Craftsman
,Craftsmanship
,Craftsmanships
,Craftsmen
,Craftspeople
,Craftsperson
,Craftswoman
,Craftswomen
,Crafty
,Crag
,Cragfast
,Cragged
,Craggeder
,Craggedest
,Craggier
,Craggiest
,Cragginess
,Anastalses
,Anastalsis
,Anastasia
,Anastigmat
,Anastigmatic
,Anastigmats
,Anastomose
,Anastomosed
,Anastomoses
,Anastomosing
,Anastomosis
,Anastomotic
,Anastrophe
,Anastrophes
,Anastyloses
,Anastylosis
,Droshkies
,Droshky
,Droskies
,Drosky
,Drosophila
,Drosophilas
,Dross
,Drossed
,Drosses
,Drossing
,Coy
,Coydog
,Coydogs
,Coyed
,Coyer
,Coyest
,Coying
,Coyle
,Coylier
,Coyliest
,Coyly
,Coyness
,Coynesses
,Coyol
,Coyols
,Coyote
,Coyoted
,Coyoteing
,Coyotes
,Coypu
,Coypus
,Coys
,Qibla
,Qiblas
,Qindarka
,Qindarkas
,Qingdao
,Qinghai
,Qintar
,Qintars
,Qiqihar
,Qis
,Vila
,Vile
,Vilelier
,Vileliest
,Vilely
,Vileness
,Vilenesses
,Viler
,Vilest
,Vilification
,Vilifications
,Vilified
,Vilifier
,Vilifiers
,Vilifies
,Vilify
,Vilifying
,Vilipend
,Vilipended
,Vilipending
,Vilipends
,Villager
,Villagers
,Villain
,Villainage
,Villainages
,Villainess
,Villainesses
,Villainies
,Villainous
,Villainousness
,Villainousnesses
,Villains
,Villainy
,Villarreal
,Villas
,Villein
,Villeinage
,Villeinages
,Villeins
,Villi
,Villoma
,Villomas
,Villon
,Villus
,Villuses
,Vilma
,Vilnius
,Vilyui
,Gyral
,Gyraler
,Gyralest
,Gyrate
,Gyrated
,Gyrates
,Gyrating
,Gyration
,Gyrations
,Gyrator
,Gyrators
,Gyre
,Gyred
,Gyres
,Gyrfalcon
,Gyrfalcons
,Gyring
,Gyro
,Gyrocompass
,Gyrocompassed
,Gyrocompasses
,Gyrocompassing
,Gyroes
,Gyromitra
,Gyromitras
,Gyroplane
,Gyroplanes
,Gyros
,Gyroscope
,Gyroscopes
,Gyroscopic
,Gyrostabiliser
,Gyrostabilisers
,Gyrostabilizer
,Gyrostabilizers
,Gyrus
,Gyruses
,Tycho
,Tycoon
,Tycoons
,Tying
,Tyings
,Tyiyn
,Tyiyns
,Tyke
,Tykes
,Tylenol
,Tympan
,Tympani
,Tympanic
,Tympanics
,Tympanis
,Tympanist
,Tympanists
,Tympanites
,Tympanitic
,Tympanitis
,Tympans
,Tympanums
,Tyndale
,Tyndall
,Typecast
,Typecasting
,Typecasts
,Typed
,Typeface
,Typefaces
,Typescript
,Typescripts
,Typeset
,Typesets
,Typesetted
,Typesetter
,Typesetters
,Typesetting
,Typewrite
,Typewriter
,Typewriters
,Typewrites
,Typewriting
,Typewritten
,Typewrote
,Typhoid
,Typhoids
,Typhoon
,Typhooned
,Typhooning
,Typhoons
,Typhus
,Typhuses
,Typic
,Typicality
,Typicals
,Typified
,Typifies
,Typify
,Typifying
,Typing
,Typings
,Typist
,Typists
,Typo
,Typoed
,Typoes
,Typographer
,Typographic
,Typography
,Typoing
,Typologies
,Typology
,Typos
,Tyramine
,Tyramines
,Tyrannic
,Tyrannical
,Tyrannicide
,Tyrannid
,Tyrannids
,Tyrannies
,Tyrannise
,Tyrannised
,Tyrannises
,Tyrannising
,Tyrannize
,Tyrannized
,Tyrannizes
,Tyrannizing
,Tyrannosaur
,Tyrannous
,Tyranny
,Tyrant
,Tyranted
,Tyranting
,Tyrants
,Tyre
,Tyred
,Tyree
,Tyres
,Tyring
,Tyro
,Tyrocidin
,Tyrocidine
,Tyrocidines
,Tyrocidins
,Tyroes
,Tyrolean
,Tyroleans
,Tyrone
,Tyros
,Tyrosine
,Tyrosinemia
,Tyrosines
,Tyrothricin
,Tyson
,Addend
,Addenda
,Addended
,Addending
,Addends
,Addendums
,Adder
,Adderley
,Adders
,Swab
,Swabbed
,Swabbing
,Swabbings
,Swabs
,Swad
,Swaddle
,Swaddled
,Swaddles
,Swaddling
,Swads
,Swag
,Swage
,Swaged
,Swages
,Swagged
,Swagger
,Swaggered
,Swaggerer
,Swaggerers
,Swaggering
,Swaggerings
,Swaggers
,Swaggie
,Swaggies
,Swagging
,Swaging
,Swagman
,Swagmen
,Swags
,Swagwoman
,Swagwomen
,Swahili
,Swain
,Swains
,Swale
,Swaled
,Swales
,Swaling
,Swallow
,Swallowed
,Swallowing
,Swallows
,Swallowtail
,Swallowtails
,Swallowwort
,Swallowworts
,Swam
,Swami
,Swamis
,Swammerdam
,Swamp
,Swamped
,Swamphen
,Swamphens
,Swampier
,Swampiest
,Swamping
,Swampland
,Swamplands
,Swamps
,Swampy
,Swan
,Swanee
,Swanflower
,Swanflowers
,Swank
,Swanked
,Swanker
,Swankest
,Swankier
,Swankiest
,Swankily
,Swankiness
,Swanking
,Swanks
,Swanky
,Swanneck
,Swannecks
,Swanned
,Swanning
,Swans
,Swansea
,Swanson
,Swap
,Swapped
,Swapping
,Swaps
,Sward
,Swarded
,Swarding
,Swards
,Swarm
,Swarmed
,Swarming
,Swarms
,Swart
,Swarted
,Swarter
,Swartest
,Swarthier
,Swarthies
,Swarthiest
,Swarthiness
,Swarthinesses
,Swarthy
,Swarting
,Swarts
,Swash
,Swashbuckler
,Swashbucklers
,Swashbuckling
,Swashbucklings
,Swashed
,Swashes
,Swashing
,Swastika
,Swastikas
,Swat
,Swatch
,Swatched
,Swatches
,Swatching
,Swath
,Swathe
,Swathed
,Swathes
,Swathing
,Swathings
,Swaths
,Swats
,Swatted
,Swatter
,Swattered
,Swattering
,Swatters
,Swatting
,Sway
,Swayback
,Swaybacked
,Swayed
,Swayer
,Swayers
,Swaying
,Sways
,Swazi
,Swaziland
,Swazis
,Swearer
,Swearers
,Swearing
,Swearings
,Swears
,Swearword
,Swearwords
,Sweatband
,Sweatbands
,Sweatboxes
,Sweated
,Sweater
,Sweatered
,Sweatering
,Sweaters
,Sweatier
,Sweatiest
,Sweating
,Sweatings
,Sweatpants
,Sweatpantss
,Sweats
,Sweatshirt
,Sweatshirts
,Sweatshop
,Sweatshops
,Sweatss
,Sweatsuit
,Sweatsuits
,Sweaty
,Swede
,Sweded
,Swedenborg
,Swedes
,Sweding
,Sweeney
,Sweep
,Sweeper
,Sweepers
,Sweeping
,Sweepinglier
,Sweepingliest
,Sweepingly
,Sweepings
,Sweeps
,Sweepstakes
,Sweepstakeses
,Oxyacetylene
,Oxyacetylenes
,Oxyacid
,Oxyacids
,Oxybenzene
,Oxybenzenes
,Oxycephalies
,Oxycephaly
,Oxycontin
,Oxygenase
,Oxygenases
,Oxygenate
,Oxygenated
,Oxygenates
,Oxygenating
,Oxygenation
,Oxygenations
,Oxygenise
,Oxygenised
,Oxygenises
,Oxygenising
,Oxygenize
,Oxygenized
,Oxygenizes
,Oxygenizing
,Oxygens
,Oxyhaemoglobin
,Oxyhaemoglobins
,Oxyhemoglobin
,Oxyhemoglobins
,Oxymora
,Oxymoron
,Oxymoronic
,Oxymorons
,Oxyopia
,Oxyopias
,Oxyphenbutazone
,Oxyphenbutazones
,Oxyphencyclimine
,Oxyphencyclimines
,Oxytetracycline
,Oxytetracyclines
,Oxytocic
,Oxytocics
,Oxytocin
,Oxytocins
,Oxytone
,Oxytones
,Tumble
,Tumblebug
,Tumblebugs
,Tumbled
,Tumbledown
,Tumbler
,Tumblers
,Tumbles
,Tumbleweed
,Tumbleweeds
,Tumbling
,Tumblings
,Tumbrel
,Tumbrels
,Tumbril
,Tumbrils
,Tumefaction
,Tumefactions
,Tumefied
,Tumefies
,Tumefy
,Tumefying
,Tumesce
,Tumesced
,Tumescence
,Tumescences
,Tumescent
,Tumesces
,Tumescing
,Tumid
,Tumidities
,Tumidity
,Tumidness
,Tumidnesses
,Tummies
,Tummy
,Tumor
,Tumorous
,Tumors
,Tumour
,Tumours
,Tums
,Tumult
,Tumulted
,Tumulting
,Tumults
,Tumultuous
,Tumultuously
,Tumultuousness
,Tumultuousnesses
,Tumulus
,Tumuluses
,Yam
,Yamagata
,Yamaha
,Yammer
,Yammered
,Yammerer
,Yammerers
,Yammering
,Yammers
,Yamoussoukro
,Yams
,Cycad
,Cycads
,Cyclades
,Cyclamate
,Cyclamates
,Cyclamen
,Cyclamens
,Cycled
,Cycles
,Cyclic
,Cyclical
,Cyclically
,Cyclicities
,Cyclicity
,Cyclings
,Cyclist
,Cyclists
,Cycloalkene
,Cycloalkenes
,Cyclobenzaprine
,Cyclobenzaprines
,Cyclohexanol
,Cyclohexanols
,Cycloid
,Cycloidal
,Cycloids
,Cyclometer
,Cyclometers
,Cyclonal
,Cyclone
,Cyclones
,Cyclonic
,Cyclonical
,Cycloolefin
,Cycloolefins
,Cyclooxygenase
,Cyclooxygenases
,Cyclopaedia
,Cyclopaedias
,Cyclopean
,Cyclopedia
,Cyclopedias
,Cyclopes
,Cyclopia
,Cyclopias
,Cyclopropane
,Cyclopropanes
,Cyclops
,Cyclopss
,Cyclorama
,Cycloramas
,Cycloserine
,Cycloserines
,Cycloses
,Cyclosis
,Cyclostome
,Cyclostomes
,Cyclostyle
,Cyclostyled
,Cyclostyles
,Cyclostyling
,Cyclothymia
,Cyclothymias
,Cyclothymic
,Cyclothymics
,Cyclotron
,Cyclotrons
,Laxation
,Laxations
,Laxative
,Laxatives
,Laxer
,Laxes
,Laxest
,Laxities
,Laxity
,Laxlier
,Laxliest
,Laxly
,Laxness
,Laxnesses
,Nerd
,Nerdier
,Nerdiest
,Nerds
,Nerdy
,Nereid
,Nerf
,Nerita
,Neritas
,Neritic
,Neritid
,Neritids
,Neritina
,Neritinas
,Nero
,Neruda
,Nerved
,Nerveless
,Nervelessly
,Nervelessness
,Nervelessnesses
,Nerveroot
,Nerveroots
,Nerveses
,Nervier
,Nerviest
,Nervilier
,Nerviliest
,Nervily
,Nerviness
,Nerving
,Nervism
,Nervisms
,Nervouslier
,Nervousliest
,Nervously
,Nervousness
,Nervousnesses
,Nervure
,Nervures
,Nervus
,Nervuses
,Nervy
,Reuben
,Reunification
,Reunifications
,Reunified
,Reunifies
,Reunify
,Reunifying
,Reunion
,Reunions
,Reunite
,Reunited
,Reunites
,Reuniting
,Reupholster
,Reupholstered
,Reupholstering
,Reupholsters
,Reuptake
,Reuptaken
,Reuptakes
,Reuptaking
,Reuptook
,Reusable
,Reusables
,Reuse
,Reused
,Reuses
,Reusing
,Reuters
,Reuther
,Erlang
,Erlenmeyer
,Entice
,Enticed
,Enticement
,Enticements
,Entices
,Enticing
,Enticingly
,Enticings
,Entirelier
,Entireliest
,Entireness
,Entirenesses
,Entires
,Entireties
,Entirety
,Entities
,Entitle
,Entitlement
,Entitlements
,Entitles
,Entitling
,Ratherer
,Ratherest
,Rathole
,Ratholed
,Ratholes
,Ratholing
,Rathskeller
,Rathskellers
,Smalled
,Smallholder
,Smallholders
,Smallholding
,Smallholdings
,Smalling
,Smallish
,Smallmouth
,Smallmouths
,Smallness
,Smallnesses
,Smalls
,Mic
,Mica
,Micaceous
,Micah
,Micas
,Micawber
,Miced
,Micelle
,Micelles
,Mich
,Michaelmas
,Micheal
,Michel
,Michelangelo
,Michele
,Michelin
,Michelob
,Michelson
,Michigander
,Michiganders
,Michiganite
,Micing
,Mick
,Mickey
,Mickeys
,Mickie
,Mickle
,Mickles
,Micks
,Micky
,Micmac
,Miconazole
,Miconazoles
,Microaggression
,Microaggressions
,Microbalance
,Microbalances
,Microbar
,Microbars
,Microbat
,Microbats
,Microbe
,Microbenthos
,Microbenthoss
,Microbes
,Microbial
,Microbials
,Microbic
,Microbiological
,Microbiologies
,Microbiologist
,Microbiologists
,Microbiology
,Microbiome
,Microbiomes
,Microblog
,Microblogged
,Microblogging
,Microblogs
,Microbrachia
,Microbrachias
,Microbrew
,Microbreweries
,Microbrewery
,Microbrews
,Microcephalic
,Microcephalics
,Microcephalies
,Microcephalous
,Microcephalus
,Microcephaluses
,Microcephaly
,Microchip
,Microchipped
,Microchipping
,Microchips
,Microcircuit
,Microcircuits
,Microclimate
,Microclimates
,Microcode
,Microcoded
,Microcodes
,Microcoding
,Microcomputer
,Microcomputers
,Microcontroller
,Microcontrollers
,Microcopied
,Microcopies
,Microcopy
,Microcopying
,Microcosm
,Microcosmic
,Microcosms
,Orb
,Orbed
,Orbicular
,Orbiculate
,Orbiculates
,Orbing
,Orbison
,Orbital
,Orbitale
,Orbitales
,Orbitals
,Orbited
,Orbiter
,Orbiters
,Orbiting
,Orbits
,Orbs
,Tat
,Tatami
,Tatamis
,Tatar
,Tate
,Tater
,Taters
,Tatou
,Tatouay
,Tatouays
,Tatous
,Tats
,Tatted
,Tatter
,Tatterdemalion
,Tatterdemalions
,Tattered
,Tattereder
,Tatteredest
,Tattering
,Tatters
,Tattie
,Tattier
,Tatties
,Tattiest
,Tattilier
,Tattiliest
,Tattily
,Tatting
,Tattings
,Tattle
,Tattled
,Tattler
,Tattlers
,Tattles
,Tattletale
,Tattletaled
,Tattletales
,Tattletaling
,Tattling
,Tattlings
,Tattooed
,Tattooer
,Tattooers
,Tattooing
,Tattooist
,Tattooists
,Tattoos
,Tatty
,Tatu
,Tatued
,Tatuing
,Tatus
,Netball
,Netballs
,Netbook
,Netbooks
,Neter
,Netest
,Nether
,Nethered
,Nethering
,Netherlander
,Netherlanders
,Nethermost
,Nethers
,Netherworld
,Netherworlds
,Netiquette
,Netiquettes
,Netizen
,Netizens
,Netkeeper
,Netkeepers
,Netlike
,Netmail
,Netmailed
,Netmailing
,Netmails
,Netminder
,Netminders
,Nets
,Netscape
,Nett
,Netted
,Netter
,Netters
,Nettest
,Nettie
,Netting
,Nettings
,Nettle
,Nettled
,Nettleder
,Nettledest
,Nettles
,Nettlesome
,Nettling
,Netts
,Networked
,Networker
,Networkers
,Networking
,Networklike
,Netzahualcoyotl
,Ars
,Arse
,Arsed
,Arsehole
,Arseholes
,Arsenals
,Arsenate
,Arsenates
,Arsenic
,Arsenical
,Arsenicals
,Arsenics
,Arsenide
,Arsenides
,Arsenious
,Arsenopyrite
,Arsenopyrites
,Arses
,Arsine
,Arsines
,Arsing
,Arson
,Arsonist
,Arsonists
,Arsons
,Cowage
,Cowages
,Coward
,Cowarded
,Cowardice
,Cowardices
,Cowarding
,Cowardlier
,Cowardliest
,Cowardliness
,Cowardlinesses
,Cowardly
,Cowards
,Cowbarn
,Cowbarns
,Cowbell
,Cowbells
,Cowberries
,Cowberry
,Cowbird
,Cowbirds
,Cowboy
,Cowboyed
,Cowboying
,Cowcatcher
,Cowcatchers
,Cowed
,Cowell
,Cower
,Cowered
,Cowering
,Cowers
,Cowfish
,Cowgirl
,Cowgirled
,Cowgirling
,Cowgirls
,Cowhand
,Cowhands
,Cowherb
,Cowherbs
,Cowherd
,Cowherds
,Cowhide
,Cowhided
,Cowhides
,Cowhiding
,Cowhouse
,Cowhouses
,Cowing
,Cowl
,Cowled
,Cowleder
,Cowledest
,Cowley
,Cowlick
,Cowlicks
,Cowling
,Cowlings
,Cowls
,Cowman
,Cowmen
,Coworker
,Coworkers
,Coworking
,Cowpat
,Cowpats
,Cowpea
,Cowpeas
,Cowper
,Cowpie
,Cowpies
,Cowpoke
,Cowpokes
,Cowpuncher
,Cowpunchers
,Cowrie
,Cowries
,Cowritten
,Cowry
,Cows
,Cowshed
,Cowsheds
,Cowskin
,Cowskins
,Cowslip
,Cowslips
,Cowss
,Cowtown
,Cowtowns
,Dieback
,Diebacks
,Diefenbaker
,Diehard
,Diehards
,Dielectric
,Dielectrics
,Dielectrolyses
,Dielectrolysis
,Diem
,Diemaker
,Diemakers
,Diencephalon
,Diencephalons
,Diereses
,Dieresis
,Dieseled
,Dieseling
,Diesels
,Dieses
,Diesinker
,Diesinkers
,Diesis
,Diestock
,Diestocks
,Diestrous
,Diestrual
,Diestrums
,Diestrus
,Diestruses
,Dietaries
,Dietary
,Dieted
,Dieter
,Dieters
,Dietetic
,Dietetical
,Dietetics
,Dieteticss
,Diethylmalonylurea
,Diethylmalonylureas
,Diethylstilbesterol
,Diethylstilbesterols
,Diethylstilbestrol
,Diethylstilbestrols
,Diethylstilboestrol
,Diethylstilboestrols
,Dietician
,Dieticians
,Dieting
,Dietings
,Dietitian
,Dietitians
,Dietrich
,Diets
,Sty
,Stye
,Styes
,Stygian
,Stying
,Styled
,Styleless
,Stylemark
,Stylemarks
,Styler
,Stylers
,Stylet
,Stylets
,Styling
,Stylings
,Stylisation
,Stylisations
,Stylise
,Stylised
,Stylises
,Stylish
,Stylishlier
,Stylishliest
,Stylishly
,Stylishness
,Stylishnesses
,Stylising
,Stylist
,Stylistic
,Stylistically
,Stylistics
,Stylists
,Stylite
,Stylites
,Stylization
,Stylizations
,Stylize
,Stylized
,Stylizes
,Stylizing
,Stylopodiums
,Stylostixes
,Stylostixis
,Stylus
,Styluses
,Stymie
,Stymied
,Stymieing
,Stymies
,Stymy
,Stymying
,Stypses
,Stypsis
,Styptic
,Stypticer
,Stypticest
,Styptics
,Styracosaur
,Styracosaurs
,Styracosaurus
,Styracosauruses
,Styraxes
,Styrene
,Styrenes
,Styrofoam
,Styron
,Nasal
,Nasale
,Nasaled
,Nasales
,Nasaling
,Nasalisation
,Nasalisations
,Nasalise
,Nasalised
,Nasalises
,Nasalising
,Nasalities
,Nasality
,Nasalization
,Nasalizations
,Nasalize
,Nasalized
,Nasalizes
,Nasalizing
,Nasallier
,Nasalliest
,Nasally
,Nasals
,Nascar
,Nascence
,Nascences
,Nascencies
,Nascency
,Nascent
,Nasdaq
,Nash
,Nashua
,Nashville
,Nasion
,Nasions
,Nasopharyngeal
,Nasopharynxes
,Nassau
,Nasser
,Nastier
,Nasties
,Nastiest
,Nastika
,Nastikas
,Nastilier
,Nastiliest
,Nastily
,Nastiness
,Nastinesses
,Nasturtiums
,Oregano
,Oreganoes
,Oregonian
,Oregonians
,Oreide
,Oreides
,Orem
,Oreo
,Ores
,Orestes
,Ogbomosho
,Ogden
,Ogdoad
,Ogdoads
,Ogee
,Ogees
,Ogilvy
,Ogive
,Ogives
,Ogle
,Ogled
,Ogler
,Oglers
,Ogles
,Oglethorpe
,Ogling
,Ogre
,Ogreish
,Ogres
,Ogress
,Ogresses
,Amiabilities
,Amiability
,Amiable
,Amiableness
,Amiablenesses
,Amiablier
,Amiabliest
,Amiably
,Amicabilities
,Amicability
,Amicable
,Amicableness
,Amicablenesses
,Amicably
,Amid
,Amide
,Amides
,Amidopyrine
,Amidopyrines
,Amidship
,Amidships
,Amidst
,Amie
,Amiga
,Amigo
,Amigoes
,Amigos
,Amine
,Amines
,Aminic
,Amino
,Aminoaciduria
,Aminoacidurias
,Aminoalkane
,Aminoalkanes
,Aminobenzine
,Aminobenzines
,Aminoer
,Aminoes
,Aminoest
,Aminomethane
,Aminomethanes
,Aminopherase
,Aminopherases
,Aminophylline
,Aminophyllines
,Aminoplast
,Aminoplasts
,Aminopyrine
,Aminopyrines
,Aminos
,Aminotransferase
,Aminotransferases
,Amiodarone
,Amiodarones
,Amir
,Amirs
,Amish
,Amiss
,Amisses
,Amities
,Amitoses
,Amitosis
,Amitotic
,Amitriptyline
,Amitriptylines
,Amity
,Guar
,Guarani
,Guaranine
,Guaranines
,Guaranis
,Guaranteeing
,Guarantees
,Guarantied
,Guaranties
,Guarantor
,Guarantors
,Guaranty
,Guarantying
,Guardant
,Guardants
,Guarded
,Guardeder
,Guardedest
,Guardedlier
,Guardedliest
,Guardedly
,Guarder
,Guarders
,Guardhouse
,Guardhouses
,Guardians
,Guardianship
,Guardianships
,Guarding
,Guardrail
,Guardrails
,Guardroom
,Guardrooms
,Guardsman
,Guardsmen
,Guardswoman
,Guardswomen
,Guarnieri
,Guars
,Zen
,Zenerdiode
,Zenerdiodes
,Zenger
,Zenith
,Zenithal
,Zeniths
,Zenned
,Zenning
,Zeno
,Zens
,Rind
,Rinded
,Rinderpest
,Rinderpests
,Rinding
,Rinds
,Ringdove
,Ringdoves
,Ringed
,Ringeder
,Ringedest
,Ringer
,Ringers
,Ringgit
,Ringgits
,Ringhals
,Ringhalses
,Ringhalss
,Ringing
,Ringings
,Ringleader
,Ringleaders
,Ringlet
,Ringleted
,Ringlets
,Ringlike
,Ringling
,Ringmaster
,Ringmastered
,Ringmastering
,Ringmasters
,Ringo
,Ringside
,Ringsides
,Ringss
,Ringtail
,Ringtails
,Ringtone
,Ringtones
,Ringway
,Ringways
,Ringworm
,Ringworms
,Rink
,Rinkhals
,Rinkhalses
,Rinkhalss
,Rinks
,Rinse
,Rinsed
,Rinses
,Rinsing
,Rinsings
,Lp
,Lpn
,Lpns
,Lps
,Lxi
,Lxier
,Lxiest
,Lxii
,Lxiier
,Lxiiest
,Lxiii
,Lxiiier
,Lxiiiest
,Lxiv
,Lxiver
,Lxivest
,Lxvi
,Lxvier
,Lxviest
,Lxvii
,Lxviier
,Lxviiest
,Lxviii
,Lxviiier
,Lxviiiest
,Lxxi
,Lxxier
,Lxxiest
,Lxxii
,Lxxiier
,Lxxiiest
,Lxxiii
,Lxxiiier
,Lxxiiiest
,Lxxiv
,Lxxiver
,Lxxivest
,Lxxvi
,Lxxvier
,Lxxviest
,Lxxvii
,Lxxviier
,Lxxviiest
,Lxxviii
,Lxxviiier
,Lxxviiiest
,Lxxviiis
,Lxxxi
,Lxxxier
,Lxxxiest
,Lxxxii
,Lxxxiier
,Lxxxiiest
,Lxxxiii
,Lxxxiiier
,Lxxxiiiest
,Lxxxiv
,Lxxxiver
,Lxxxivest
,Lxxxvi
,Lxxxvier
,Lxxxviest
,Lxxxvii
,Lxxxviier
,Lxxxviiest
,Lxxxviii
,Lxxxviiier
,Lxxxviiiest
,Stab
,Stabbed
,Stabber
,Stabbers
,Stabbing
,Stabbinger
,Stabbingest
,Stabbings
,Stabile
,Stabiles
,Stabilisation
,Stabilisations
,Stabilise
,Stabilised
,Stabiliser
,Stabilisers
,Stabilises
,Stabilising
,Stabilities
,Stabilitron
,Stabilitrons
,Stabilization
,Stabilizations
,Stabilize
,Stabilized
,Stabilizer
,Stabilizers
,Stabilizes
,Stabilizing
,Stableboy
,Stableboys
,Stablecoin
,Stablecoins
,Stabled
,Stablegirl
,Stablegirls
,Stableman
,Stablemate
,Stablemates
,Stablemen
,Stableness
,Stablenesses
,Stabler
,Stables
,Stablest
,Stablewoman
,Stablewomen
,Stablier
,Stabliest
,Stabling
,Stablings
,Stably
,Stabs
,Staccato
,Staccatos
,Stacey
,Stachyose
,Stachyoses
,Staci
,Stacie
,Stackable
,Stacked
,Stackeder
,Stackedest
,Stacker
,Stackers
,Stacking
,Stacks
,Stackss
,Stacte
,Stactes
,Stactometer
,Stactometers
,Stacy
,Staddle
,Staddled
,Staddles
,Staddling
,Stadiums
,Stael
,Staffed
,Staffer
,Staffers
,Staffing
,Stafford
,Staffs
,Stag
,Stagecoach
,Stagecoached
,Stagecoaches
,Stagecoaching
,Stagecraft
,Stagecrafts
,Staged
,Ulalgia
,Ulalgias
,Ulama
,Ulamas
,Ulatrophia
,Ulatrophias
,Ulcer
,Ulcerate
,Ulcerated
,Ulcerates
,Ulcerating
,Ulceration
,Ulcerations
,Ulcerative
,Ulcerous
,Ulcers
,Ulema
,Ulemas
,Ulemorrhagia
,Ulemorrhagias
,Ulitis
,Ulitises
,Ullage
,Ullaged
,Ullages
,Ullaging
,Ulna
,Ulnae
,Ulnar
,Ulnas
,Ulster
,Ulsters
,Ult
,Ulter
,Ulterior
,Ulteriorities
,Ulteriority
,Ulteriorly
,Ultest
,Ultima
,Ultimacies
,Ultimacy
,Ultimas
,Ultimated
,Ultimateness
,Ultimatenesses
,Ultimates
,Ultimating
,Ultimatums
,Ultimo
,Ultracentrifugation
,Ultracentrifugations
,Ultracentrifuge
,Ultracentrifuged
,Ultracentrifuges
,Ultracentrifuging
,Ultraconservative
,Ultraconservatives
,Ultrahigh
,Ultralight
,Ultralights
,Ultramarine
,Ultramarines
,Ultramicroscope
,Ultramicroscopes
,Ultramicroscopic
,Ultramodern
,Ultramodernities
,Ultramodernity
,Ultramontane
,Ultramontanes
,Ultramontanism
,Ultramontanisms
,Ultranationalism
,Ultranationalisms
,Ultranationalistic
,Ultras
,Ultrasensitive
,Ultrashort
,Ultrasonic
,Ultrasonically
,Ultrasonographies
,Ultrasonography
,Ultrasound
,Ultrasounds
,Ultrasuede
,Ultraviolet
,Ultraviolets
,Ults
,Ululate
,Ululated
,Ululates
,Ululating
,Ululation
,Ululations
,Ulyanovsk
,Ulysses
,Lasagna
,Lasagnas
,Lasagne
,Lasagnes
,Lascar
,Lascars
,Lascivious
,Lasciviously
,Lasciviousness
,Lasciviousnesses
,Lase
,Lased
,Lasered
,Lasering
,Lasers
,Lases
,Lash
,Lashed
,Lasher
,Lashers
,Lashes
,Lashing
,Lashings
,Lashingss
,Lasing
,Lasiocampid
,Lasiocampids
,Lass
,Lassa
,Lassen
,Lasses
,Lassie
,Lassies
,Lassitude
,Lassitudes
,Lasso
,Lassoed
,Lassoes
,Lassoing
,Lassos
,Laster
,Lastest
,Lastinglier
,Lastingliest
,Lastingly
,Lastingness
,Lastingnesses
,Lastings
,Lastlier
,Lastliest
,Lastly
,Lasts
,Arneb
,Arnhem
,Arnica
,Arnicas
,Arno
,Arnulfo
,Dona
,Donahue
,Donaldson
,Donas
,Donatello
,Donates
,Donating
,Donee
,Donees
,Doneness
,Doner
,Donest
,Donetsk
,Donnie
,Donning
,Donnish
,Donny
,Donnybrook
,Donnybrooks
,Donor
,Donors
,Donovan
,Dons
,Donut
,Donuts
,Lon
,Londoner
,Lone
,Lonelier
,Loneliest
,Loneliness
,Lonelinesses
,Loner
,Loners
,Lonesome
,Lonesomely
,Lonesomeness
,Lonesomenesses
,Lonesomes
,Lonest
,Longan
,Longanberries
,Longanberry
,Longanimities
,Longanimity
,Longanimous
,Longans
,Longbeard
,Longbeards
,Longboat
,Longboats
,Longbow
,Longbowman
,Longbowmen
,Longbows
,Longed
,Longerer
,Longerest
,Longers
,Longester
,Longestest
,Longevities
,Longevity
,Longfellow
,Longhair
,Longhairs
,Longhand
,Longhander
,Longhandest
,Longhands
,Longhorn
,Longhorns
,Longhouse
,Longhouses
,Longicorn
,Longicorns
,Longing
,Longinglier
,Longingliest
,Longingly
,Longings
,Longish
,Longisher
,Longishest
,Longitude
,Longitudes
,Longitudinal
,Longitudinally
,Longitudinals
,Longlegs
,Longlegss
,Longmont
,Longness
,Longnesses
,Longroot
,Longroots
,Longs
,Longship
,Longships
,Longshoreman
,Longshoremen
,Longshorewoman
,Longshorewomen
,Longshot
,Longshots
,Longsighted
,Longsightedness
,Longsightednesses
,Longstanding
,Longstreet
,Longtime
,Longueuil
,Longueur
,Longueurs
,Longview
,Longways
,Longwayss
,Longwise
,Longwool
,Longwools
,Longyi
,Longyis
,Lonnie
,Lontar
,Lontars
,Monecious
,Monegasque
,Monera
,Moneran
,Monerans
,Moneron
,Monerons
,Monessen
,Monestrous
,Monet
,Monetarily
,Monetarism
,Monetarisms
,Monetarist
,Monetarists
,Monetisation
,Monetisations
,Monetise
,Monetised
,Monetises
,Monetising
,Monetization
,Monetizations
,Monetize
,Monetized
,Monetizes
,Monetizing
,Moneybag
,Moneybags
,Moneyboxes
,Moneyed
,Moneyeder
,Moneyedest
,Moneyer
,Moneyers
,Moneygrubber
,Moneygrubbers
,Bagascoses
,Bagascosis
,Bagasse
,Bagasses
,Bagassoses
,Bagassosis
,Bagatelle
,Bagatelled
,Bagatelles
,Bagatelling
,Bagel
,Bagelled
,Bagelling
,Bagels
,Bagful
,Bagfuls
,Baggage
,Baggageman
,Baggagemen
,Baggages
,Baggagewoman
,Baggagewomen
,Bagged
,Bagger
,Baggers
,Baggie
,Baggier
,Baggies
,Baggiest
,Baggily
,Bagginess
,Bagging
,Baggings
,Baggy
,Baghdad
,Bagman
,Bagmen
,Bagnio
,Bagnios
,Bagpipe
,Bagpiped
,Bagpiper
,Bagpipers
,Bagpipes
,Bagpiping
,Baguet
,Baguets
,Baguette
,Baguettes
,Baguio
,Bagwig
,Bagwigs
,Bagwoman
,Bagwomen
,Thylacine
,Thylacines
,Thyme
,Thymes
,Thymidine
,Thymidines
,Thymine
,Thymines
,Thymol
,Thymols
,Thymosin
,Thymosins
,Thymus
,Thymuses
,Thyrocalcitonin
,Thyrocalcitonins
,Thyroglobulin
,Thyroglobulins
,Thyroid
,Thyroidal
,Thyroidectomies
,Thyroidectomy
,Thyroider
,Thyroidest
,Thyroiditis
,Thyroiditises
,Thyroids
,Thyromegalies
,Thyromegaly
,Thyronine
,Thyronines
,Thyroprotein
,Thyroproteins
,Thyrotoxic
,Thyrotoxicoses
,Thyrotoxicosis
,Thyrotrophin
,Thyrotrophins
,Thyrotropin
,Thyrotropins
,Thyroxin
,Thyroxine
,Thyroxines
,Thyroxins
,Thyrse
,Thyrses
,Thyrsopteris
,Thyrsopteriss
,Thyrsus
,Thyrsuses
,Thysanopter
,Thysanopteron
,Thysanopterons
,Thysanopters
,Thysanuron
,Thysanurons
,Thyself
,Catecheses
,Catechesis
,Catechetic
,Catechetical
,Catechin
,Catechins
,Catechise
,Catechised
,Catechises
,Catechising
,Catechism
,Catechismal
,Catechisms
,Catechist
,Catechistic
,Catechists
,Catechize
,Catechized
,Catechizes
,Catechizing
,Catecholamine
,Catecholamines
,Catechu
,Catechumen
,Catechumens
,Catechus
,Categorem
,Categorematic
,Categoreme
,Categoremes
,Categorems
,Categorial
,Categoric
,Categorical
,Categorically
,Categoricals
,Categorisation
,Categorisations
,Categorise
,Categorised
,Categorises
,Categorising
,Categorization
,Categorizations
,Categorize
,Categorized
,Categorizes
,Categorizing
,Catena
,Catenaries
,Catenary
,Catenas
,Catenate
,Catenated
,Catenates
,Catenating
,Catenulate
,Catenulated
,Catenulates
,Catenulating
,Cater
,Catercorner
,Catered
,Caterer
,Caterers
,Catering
,Caterings
,Caterpillar
,Caterpillars
,Caters
,Caterwaul
,Caterwauled
,Caterwauling
,Caterwauls
,Hipbath
,Hipbaths
,Hipbone
,Hipbones
,Hiper
,Hipest
,Hipflask
,Hipflasks
,Hiphuggers
,Hiplength
,Hipless
,Hipline
,Hiplines
,Hipness
,Hipparchus
,Hippeastrums
,Hipped
,Hippeder
,Hippedest
,Hipper
,Hippest
,Hippie
,Hippier
,Hippies
,Hippieses
,Hippiest
,Hipping
,Hippo
,Hippoboscid
,Hippoboscids
,Hippocampus
,Hippocampuses
,Hippocrates
,Hippocratic
,Hippodrome
,Hippodromed
,Hippodromes
,Hippodroming
,Hippoes
,Hippopotamus
,Hippopotamuses
,Hippos
,Hippy
,Hips
,Hipster
,Hipstered
,Hipstering
,Hipsters
,Hipsterss
,Sly
,Slyboots
,Slybootss
,Slylier
,Slyliest
,Slyly
,Slyness
,Slynesses
,Calaba
,Calabas
,Calabash
,Calabashes
,Calabazilla
,Calabazillas
,Calaboose
,Calabooses
,Calabura
,Calaburas
,Caladenia
,Caladenias
,Caladiums
,Calais
,Calamari
,Calamaries
,Calamaris
,Calamary
,Calamine
,Calamined
,Calamines
,Calamining
,Calamint
,Calamints
,Calamities
,Calamitous
,Calamitously
,Calamity
,Calamondin
,Calamondins
,Calamus
,Calamuses
,Calando
,Calandoer
,Calandoest
,Calanthe
,Calanthes
,Calash
,Calashes
,Calcaneal
,Calcaneus
,Calcaneuses
,Calcareous
,Calced
,Calcedonies
,Calcedony
,Calceiform
,Calceolaria
,Calceolarias
,Calceolate
,Calceus
,Calceuses
,Calcic
,Calcicolous
,Calciferol
,Calciferols
,Calciferous
,Calcific
,Calcification
,Calcifications
,Calcified
,Calcifies
,Calcifugous
,Calcify
,Calcifying
,Calcimine
,Calcimined
,Calcimines
,Calcimining
,Calcination
,Calcinations
,Calcine
,Calcined
,Calcines
,Calcining
,Calcite
,Calcites
,Calcitic
,Calcitonin
,Calcitonins
,Calciums
,Calculabilities
,Calculability
,Calculable
,Calculate
,Calculatedly
,Calculates
,Calculating
,Calculatingly
,Calculation
,Calculations
,Calculative
,Calculator
,Calculators
,Calculi
,Calculous
,Calculus
,Sob
,Soba
,Sobbed
,Sobbing
,Sobbinglier
,Sobbingliest
,Sobbingly
,Sobbings
,Sober
,Sobered
,Soberer
,Soberest
,Sobering
,Soberlier
,Soberliest
,Soberly
,Soberness
,Sobernesses
,Sobers
,Sobersided
,Sobersides
,Sobersideses
,Sobralia
,Sobralias
,Sobrieties
,Sobriety
,Sobriquet
,Sobriquets
,Sobs
,Dos
,Dosage
,Dosages
,Dosed
,Doseder
,Dosedest
,Dosemeter
,Dosemeters
,Doses
,Dosh
,Dosimeter
,Dosimeters
,Dosimetries
,Dosimetry
,Dosing
,Doss
,Dossal
,Dossals
,Dossed
,Dossel
,Dossels
,Dosser
,Dossers
,Dosses
,Dosshouse
,Dosshouses
,Dossier
,Dossiers
,Dossing
,Dostoevsky
,Laparocele
,Laparoceles
,Laparoscope
,Laparoscopes
,Laparoscopic
,Laparoscopies
,Laparoscopy
,Laparotomies
,Laparotomy
,Lapboard
,Lapboards
,Lapdog
,Lapdogs
,Lapel
,Lapels
,Lapful
,Lapfuls
,Lapidarian
,Lapidarians
,Lapidaries
,Lapidarist
,Lapidarists
,Lapidary
,Lapidate
,Lapidated
,Lapidates
,Lapidating
,Lapidation
,Lapidations
,Lapidator
,Lapidators
,Lapidified
,Lapidifies
,Lapidify
,Lapidifying
,Lapidist
,Lapidists
,Lapin
,Lapins
,Laplace
,Laplacian
,Lapland
,Laplander
,Lapp
,Lapped
,Lappet
,Lappeted
,Lappeting
,Lappets
,Lapping
,Lappings
,Laps
,Lapse
,Lapsed
,Lapseder
,Lapsedest
,Lapses
,Lapsing
,Lapsings
,Laptops
,Lapwing
,Lapwings
,Sial
,Sialadenitis
,Sialadenitises
,Sialolith
,Sialoliths
,Sials
,Siam
,Siamang
,Siamangs
,Siamese
,Miaou
,Miaoued
,Miaouing
,Miaous
,Miaow
,Miaowed
,Miaowing
,Miaows
,Miaplacidus
,Miasm
,Miasma
,Miasmal
,Miasmas
,Miasmic
,Miasms
,Miaul
,Miauled
,Miauling
,Miauls
,Vying
,Thea
,Theanthropism
,Theanthropisms
,Theatergoer
,Theatergoers
,Theaters
,Theatregoer
,Theatregoers
,Theatres
,Theatrical
,Theatricalities
,Theatricality
,Theatrically
,Theatricals
,Theatrics
,Theatrologies
,Theatrology
,Thebe
,Thebes
,Theca
,Thecas
,Thecodont
,Thecodonts
,Theelin
,Theelins
,Thefts
,Theiler
,Theine
,Theines
,Theirs
,Theism
,Theisms
,Theist
,Theistic
,Theistical
,Theists
,Thelarche
,Thelarches
,Thelma
,Thematic
,Thematically
,Thematics
,Themed
,Theming
,Themistocles
,Themself
,Thenal
,Thenar
,Thenars
,Thence
,Thenceforth
,Thenceforward
,Thencer
,Thencest
,Thener
,Thenest
,Thens
,Theocentrism
,Theocentrisms
,Theocracies
,Theocracy
,Theocratic
,Theocritus
,Theodicies
,Theodicy
,Theodolite
,Theodolites
,Theodora
,Theodore
,Theodoric
,Theodosius
,Theogonies
,Theogony
,Theologian
,Theologians
,Theological
,Theologically
,Theologies
,Theologise
,Theologised
,Theologiser
,Theologisers
,Theologises
,Theologising
,Theologist
,Theologists
,Theologize
,Theologized
,Theologizer
,Theologizers
,Theologizes
,Theologizing
,Theology
,Theophanies
,Theophany
,Theophylline
,Theophyllines
,Theorem
,Theoremed
,Theoreming
,Theorems
,Theoretic
,Theoretically
,Theoretician
,Theoreticians
,Theorisation
,Theorisations
,Theorise
,Theorised
,Theoriser
,Theorisers
,Theorises
,Theorising
,Theorist
,Theorists
,Theorization
,Theorizations
,Theorize
,Theorized
,Theorizer
,Theorizers
,Theorizes
,Theorizing
,Theosophic
,Theosophical
,Theosophies
,Agoer
,Agoest
,Agog
,Agon
,Agonadal
,Agonal
,Agone
,Agoner
,Agonest
,Agonies
,Agonise
,Agonised
,Agonises
,Agonising
,Agonisings
,Agonist
,Agonistic
,Agonistical
,Agonists
,Agonize
,Agonized
,Agonizes
,Agonizing
,Agonizingly
,Agonizings
,Agons
,Agony
,Agora
,Agoraphobia
,Agoraphobias
,Agoraphobic
,Agoraphobics
,Agoras
,Agouti
,Agoutis
,Loxodrome
,Loxodromes
,Extracellular
,Extractable
,Extractant
,Extractants
,Extracted
,Extractible
,Extracting
,Extraction
,Extractions
,Extractive
,Extractives
,Extractivities
,Extractivity
,Extractor
,Extractors
,Extracts
,Extracurricular
,Extracurriculars
,Extraditable
,Extradite
,Extradited
,Extradites
,Extraditing
,Extradition
,Extraditions
,Extrados
,Extradoss
,Extradural
,Extradurals
,Extragalactic
,Extrajudicial
,Extralegal
,Extralinguistic
,Extramarital
,Extramural
,Extraneities
,Extraneity
,Extraneous
,Extraneously
,Extraneousness
,Extraneousnesses
,Extraordinaire
,Extraordinaries
,Extraordinarily
,Extraordinariness
,Extraordinarinesses
,Extrapolate
,Extrapolated
,Extrapolates
,Extrapolating
,Extrapolation
,Extrapolations
,Extras
,Extrasensory
,Extrasystole
,Extrasystoles
,Extrasystolic
,Extraterrestrial
,Extraterrestrials
,Extraterritorial
,Extraterritoriality
,Extravagance
,Extravagances
,Extravagancies
,Extravagancy
,Extravagant
,Extravagantly
,Extravaganza
,Extravaganzas
,Extravasate
,Extravasated
,Extravasates
,Extravasating
,Extravasation
,Extravasations
,Extravehicular
,Extraversion
,Extraversions
,Extraversive
,Extravert
,Extraverted
,Extraverting
,Extravertive
,Extraverts
,Earthball
,Earthballs
,Earthborn
,Earthbound
,Earthed
,Earthen
,Earthener
,Earthenest
,Earthenware
,Earthenwares
,Earthier
,Earthiest
,Earthiness
,Earthing
,Earthings
,Earthlier
,Earthlies
,Earthliest
,Earthlike
,Earthling
,Earthlings
,Earthly
,Earthman
,Earthmen
,Earthnut
,Earthnuts
,Earthquaked
,Earthquakes
,Earthquaking
,Earths
,Earthshaking
,Earthstar
,Earthstars
,Earthtongue
,Earthtongues
,Earthward
,Earthwards
,Earthwoman
,Earthwomen
,Earthwork
,Earthworks
,Earthworm
,Earthworms
,Earthy
,Len
,Lena
,Lenard
,Lend
,Lendable
,Lender
,Lenders
,Lending
,Lendings
,Lends
,Lengthen
,Lengthened
,Lengthening
,Lengthenings
,Lengthens
,Lengthier
,Lengthiest
,Lengthilier
,Lengthiliest
,Lengthily
,Lengthiness
,Lengthinesses
,Lengths
,Lengthways
,Lengthwise
,Lengthy
,Lenience
,Leniences
,Leniencies
,Leniency
,Lenient
,Leniently
,Lenients
,Lenified
,Lenifies
,Lenify
,Lenifying
,Lenin
,Leningrad
,Leninism
,Leninist
,Lenities
,Lenitive
,Lenitives
,Lenity
,Lennon
,Lenny
,Leno
,Lenoir
,Lenora
,Lenore
,Lense
,Lensed
,Lenses
,Lensing
,Lensman
,Lensmen
,Lenswoman
,Lenswomen
,Lent
,Lenten
,Lentic
,Lenticel
,Lenticels
,Lenticular
,Lenticulars
,Lentiform
,Lentiginose
,Lentiginous
,Lentigo
,Lentigoes
,Lentil
,Lentils
,Lentisk
,Lentisks
,Lentissimo
,Lento
,Lentoer
,Lentoest
,Lentos
,Intact
,Intactness
,Intactnesses
,Intaglio
,Intaglios
,Intake
,Intaken
,Intakes
,Intaking
,Intangibilities
,Intangibility
,Intangible
,Intangibleness
,Intangiblenesses
,Intangibles
,Intangibly
,Integer
,Integers
,Integral
,Integralities
,Integrality
,Integrally
,Integrals
,Integrate
,Integrates
,Integrating
,Integratings
,Integrations
,Integrative
,Integrator
,Integrators
,Integrities
,Integument
,Integumental
,Integumentary
,Integuments
,Intellect
,Intellection
,Intellections
,Intellects
,Intellectualisation
,Intellectualisations
,Intellectualism
,Intellectualization
,Intellectualizations
,Intellectualize
,Intellectualized
,Intellectualizes
,Intellectualizing
,Intellectually
,Intellectuals
,Intelligences
,Intelligently
,Intelligentsia
,Intelligentsias
,Intelligibilities
,Intelligibility
,Intelligible
,Intelligibly
,Intelsat
,Intemperance
,Intemperances
,Intemperate
,Intemperated
,Intemperately
,Intemperateness
,Intemperatenesses
,Intemperates
,Intemperating
,Intendeds
,Intending
,Intends
,Intenselier
,Intenseliest
,Intensely
,Intenser
,Intensest
,Intensification
,Intensifications
,Intensified
,Intensifier
,Intensifiers
,Intensifies
,Intensify
,Intensifying
,Intension
,Intensional
,Intensions
,Intensities
,Euphemise
,Euphemised
,Euphemises
,Euphemising
,Euphemism
,Euphemisms
,Euphemistic
,Euphemistically
,Euphemize
,Euphemized
,Euphemizes
,Euphemizing
,Euphonic
,Euphonical
,Euphonies
,Euphonious
,Euphoniously
,Euphoniums
,Euphonous
,Euphony
,Euphorbiums
,Euphoria
,Euphoriant
,Euphoriants
,Euphorias
,Euphoric
,Euphorically
,Euphorics
,Euphories
,Euphory
,Euphrates
,Euphuism
,Euphuisms
,Weekday
,Weekdays
,Weekended
,Weekender
,Weekenders
,Weekending
,Weeklier
,Weeklies
,Weekliest
,Weeklong
,Weeklonger
,Weeklongest
,Weeknight
,Weeknights
,Lego
,Egocentric
,Egocentrically
,Egocentricity
,Egocentrics
,Egocentrism
,Egocentrisms
,Egoes
,Egoism
,Egoisms
,Egoist
,Egoistic
,Egoistical
,Egoistically
,Egoists
,Egomania
,Egomaniac
,Egomaniacs
,Egomanias
,Egos
,Egotism
,Egotisms
,Egotist
,Egotistic
,Egotistical
,Egotistically
,Egotists
,Egotrip
,Egotripped
,Egotripping
,Egotrips
,Depart
,Departed
,Departeds
,Departer
,Departers
,Departing
,Departings
,Departmental
,Departmentalization
,Departmentalize
,Departmentalized
,Departmentalizes
,Departmentalizing
,Departmentally
,Departs
,Departures
,Dependabilities
,Dependability
,Dependable
,Dependableness
,Dependablenesses
,Dependables
,Dependably
,Dependance
,Dependances
,Dependant
,Dependants
,Depended
,Dependence
,Dependences
,Dependencies
,Dependency
,Dependently
,Dependents
,Depersonalisation
,Depersonalisations
,Depersonalise
,Depersonalised
,Depersonalises
,Depersonalising
,Depersonalization
,Depersonalizations
,Depersonalize
,Depersonalized
,Depersonalizes
,Depersonalizing
,Depict
,Depicted
,Depicting
,Depictings
,Depiction
,Depictions
,Depictive
,Ideogram
,Ideograms
,Ideograph
,Ideographic
,Ideographically
,Ideographies
,Ideographs
,Ideography
,Ideologic
,Ideological
,Ideologically
,Ideologies
,Ideologist
,Ideologists
,Ideologization
,Ideologizations
,Ideologue
,Ideologues
,Mysoandries
,Mysoandry
,Mysophilia
,Mysophilias
,Mysophobia
,Mysophobias
,Mysophobic
,Mysore
,Myspace
,Mysql
,Myst
,Mysteries
,Mysteriously
,Mysteriousness
,Mystic
,Mystical
,Mystically
,Mysticism
,Mysticisms
,Mystics
,Mystification
,Mystifications
,Mystified
,Mystifier
,Mystifiers
,Mystifies
,Mystify
,Mystifying
,Mystique
,Mystiques
,Golan
,Golconda
,Golda
,Goldbeater
,Goldbeaters
,Goldberg
,Goldbrick
,Goldbricked
,Goldbricker
,Goldbrickers
,Goldbricking
,Goldbrickings
,Goldbricks
,Goldcrest
,Goldcrests
,Goldcup
,Goldcups
,Goldenbush
,Goldenbushes
,Goldened
,Goldener
,Goldenest
,Goldeneye
,Goldeneyes
,Goldening
,Goldenrod
,Goldenrods
,Goldens
,Goldenseal
,Goldenseals
,Golder
,Goldest
,Goldfield
,Goldfields
,Goldfieldss
,Goldfinch
,Goldfinches
,Goldfish
,Goldfishes
,Goldie
,Goldilocks
,Goldilockss
,Golding
,Goldman
,Goldmine
,Goldmines
,Goldplate
,Goldplated
,Goldplates
,Goldplating
,Golds
,Goldsboro
,Goldsmith
,Goldsmitheries
,Goldsmithery
,Goldsmiths
,Goldstone
,Goldstones
,Goldthread
,Goldthreads
,Goldwater
,Goldworker
,Goldworkers
,Goldwyn
,Golem
,Golems
,Golfcart
,Golfcarts
,Golfclub
,Golfclubs
,Golfed
,Golfer
,Golfers
,Golfing
,Golfings
,Golfs
,Golgi
,Golgotha
,Goliard
,Goliards
,Goliath
,Goliaths
,Gollies
,Golliwog
,Golliwogg
,Golliwoggs
,Golliwogs
,Golly
,Golosh
,Goloshes
,Golves
,Niacin
,Niacins
,Niagara
,Niamey
,Ylem
,Ylems
,Adapt
,Adept
,Adscript
,Apt
,Backswept
,Bankrupt
,Chatgpt
,Coapt
,Conscript
,Contempt
,Crept
,Crypt
,Decrypt
,Disrupt
,Ecmascript
,Encrypt
,Equipt
,Eucalypt
,Excerpt
,Exempt
,Gpt
,Housekept
,Inapt
,Incorrupt
,Inept
,Intercept
,Interrupt
,Intussuscept
,Irrupt
,Javascript
,Leapt
,Manuscript
,Nondescript
,Nonexempt
,Opt
,Overslept
,Percept
,Playscript
,Postscript
,Precept
,Preempt
,Prescript
,Prompt
,Rapt
,Readapt
,Readopt
,Reattempt
,Receipt
,Rescript
,Sculpt
,Subscript
,Superscript
,Swept
,Transcript
,Transept
,Unkempt
,Unkept
,Unswept
,Upkept
,Wept
,Windswept
,Rescale
,Rescaled
,Rescales
,Rescaling
,Reschedule
,Rescheduled
,Reschedules
,Rescheduling
,Rescind
,Rescindable
,Rescinded
,Rescinding
,Rescinds
,Rescission
,Rescissions
,Rescripted
,Rescripting
,Rescripts
,Rescued
,Rescuer
,Rescuers
,Rescues
,Rescuing
,Sequel
,Sequela
,Sequelas
,Sequella
,Sequellas
,Sequels
,Sequenator
,Sequenators
,Sequenced
,Sequencer
,Sequencers
,Sequences
,Sequencing
,Sequent
,Sequential
,Sequentially
,Sequents
,Sequester
,Sequestered
,Sequestering
,Sequesters
,Sequestrate
,Sequestrated
,Sequestrates
,Sequestrating
,Sequestration
,Sequestrations
,Sequin
,Sequined
,Sequinned
,Sequins
,Sequitur
,Sequoia
,Sequoias
,Sequoya
,Chylaceous
,Chyle
,Chyles
,Chylifactive
,Chylifactory
,Chyliferous
,Chylific
,Chyloderma
,Chylodermas
,Chylomicron
,Chylomicrons
,Chylous
,Chyme
,Chymes
,Chymosin
,Chymosins
,Chyron
,Chyrons
,Hymen
,Hymenal
,Hymeneal
,Hymeneals
,Hymenealss
,Hymeniums
,Hymens
,Nev
,Neva
,Nevadan
,Nevadans
,Nevadian
,Neve
,Nevermore
,Neves
,Nevi
,Nevirapine
,Nevirapines
,Nevis
,Nevsky
,Nevus
,Nevuses
,Cleanable
,Cleanabler
,Cleanablest
,Cleaner
,Cleaners
,Cleanerss
,Cleanest
,Cleanings
,Cleanlier
,Cleanliest
,Cleanliness
,Cleanlinesses
,Cleanly
,Cleanness
,Cleannesses
,Cleans
,Cleanse
,Cleansed
,Cleanser
,Cleansers
,Cleanses
,Cleansing
,Cleansings
,Cleantech
,Cleanup
,Cleanups
,Clearance
,Clearances
,Clearasil
,Clearcutness
,Clearcutnesses
,Cleareder
,Clearedest
,Clearer
,Clearest
,Clearheaded
,Clearheadedness
,Clearinghouse
,Clearinghouses
,Clearings
,Clearlier
,Clearliest
,Clearness
,Clearnesses
,Clears
,Clearstories
,Clearstory
,Clearway
,Clearways
,Clearweed
,Clearweeds
,Cleat
,Cleated
,Cleating
,Cleats
,Cleatss
,Cleavable
,Cleavabler
,Cleavablest
,Cleavage
,Cleavages
,Cleave
,Cleaved
,Cleaver
,Cleavers
,Cleaverss
,Cleaves
,Cleaving
,Letterboxes
,Lettercard
,Lettercards
,Lettered
,Lettereder
,Letteredest
,Letterer
,Letterers
,Letterhead
,Letterheads
,Lettering
,Letterings
,Letterman
,Lettermen
,Letterpress
,Letterpresses
,Letterss
,Lettings
,Lettuce
,Lettuces
,Stu
,Stub
,Stubbed
,Stubbier
,Stubbies
,Stubbiest
,Stubbiness
,Stubbinesses
,Stubbing
,Stubble
,Stubbled
,Stubbles
,Stubblier
,Stubbliest
,Stubbly
,Stubborn
,Stubborner
,Stubbornest
,Stubbornly
,Stubbornness
,Stubbornnesses
,Stubby
,Stubs
,Stucco
,Stuccoed
,Stuccoes
,Stuccoing
,Stuccos
,Stucks
,Stud
,Studbook
,Studbooks
,Studded
,Studding
,Studebaker
,Studentship
,Studentships
,Studhorse
,Studhorses
,Studiedly
,Studious
,Studiously
,Studiousness
,Studiousnesses
,Studlier
,Studliest
,Studly
,Studs
,Studyings
,Stuffed
,Stuffeder
,Stuffedest
,Stuffer
,Stuffers
,Stuffier
,Stuffies
,Stuffiest
,Stuffilier
,Stuffiliest
,Stuffily
,Stuffiness
,Stuffinesses
,Stuffing
,Stuffings
,Stuffs
,Stuffy
,Stultification
,Stultifications
,Stultified
,Stultifies
,Stultify
,Stultifying
,Stumble
,Stumblebums
,Stumbled
,Stumbler
,Stumblers
,Stumbles
,Stumbling
,Stump
,Stumped
,Stumper
,Stumpers
,Stumpier
,Stumpies
,Stumpiest
,Stumping
,Stumpings
,Ftc
,Ftpers
,Innards
,Innardss
,Innate
,Innated
,Innatelier
,Innateliest
,Innately
,Innateness
,Innatenesses
,Innates
,Innating
,Inned
,Innermost
,Innermosts
,Inners
,Innersole
,Innersoles
,Innerspring
,Innervate
,Innervated
,Innervates
,Innervating
,Innervation
,Innervations
,Inning
,Innit
,Innkeeper
,Innkeepers
,Innocence
,Innocences
,Innocencies
,Innocency
,Innocense
,Innocenses
,Innocently
,Innocents
,Innocuous
,Innocuously
,Innocuousness
,Innovate
,Innovated
,Innovates
,Innovating
,Innovational
,Innovations
,Innovatively
,Innovativeness
,Innovativenesses
,Innovator
,Innovators
,Innovatory
,Innoxious
,Inns
,Innsbruck
,Innuendo
,Innuendoes
,Innuendos
,Innumerable
,Innumerableness
,Innumerablenesses
,Innumerably
,Innumeracy
,Innumerate
,Innumerates
,Innumerous
,Gp
,Gpa
,Gpo
,Gpts
,Altaba
,Altai
,Altaic
,Altair
,Altamira
,Altar
,Altarpiece
,Altarpieces
,Altars
,Altazimuth
,Altazimuths
,Altcoin
,Altcoins
,Alterabilities
,Alterability
,Alterable
,Alterables
,Alteration
,Alterations
,Alterative
,Alteratives
,Altercate
,Altercated
,Altercates
,Altercating
,Altercation
,Altercations
,Altereder
,Alteredest
,Altereds
,Altering
,Alterings
,Alternated
,Alternately
,Alternates
,Alternating
,Alternation
,Alternations
,Alternatively
,Alternator
,Alternators
,Alters
,Althaea
,Althaeas
,Althea
,Altheas
,Altimeter
,Altimeters
,Altiplano
,Altissimo
,Altissimos
,Altitude
,Altitudes
,Altitudinal
,Altitudinous
,Altman
,Alto
,Altocumulus
,Altocumuluses
,Altoer
,Altoest
,Altogethers
,Altoids
,Altoist
,Altoists
,Alton
,Altoona
,Altos
,Altostratus
,Altostratuses
,Altricial
,Altricials
,Altruism
,Altruisms
,Altruist
,Altruistic
,Altruistically
,Altruists
,Sync
,Syncarp
,Syncarpous
,Syncarps
,Syncategorem
,Syncategorematic
,Syncategoreme
,Syncategoremes
,Syncategorems
,Synced
,Synched
,Synching
,Synchro
,Synchrocyclotron
,Synchrocyclotrons
,Synchroes
,Synchroflash
,Synchroflashes
,Synchromesh
,Synchromeshes
,Synchronal
,Synchroneities
,Synchroneity
,Synchronic
,Synchronicities
,Synchronicity
,Synchronies
,Synchronisation
,Synchronisations
,Synchronise
,Synchronised
,Synchroniser
,Synchronisers
,Synchronises
,Synchronising
,Synchronisings
,Synchronism
,Synchronisms
,Synchronization
,Synchronizations
,Synchronize
,Synchronized
,Synchronizer
,Synchronizers
,Synchronizes
,Synchronizing
,Synchronizings
,Synchronoscope
,Synchronoscopes
,Synchronous
,Synchronously
,Synchrony
,Synchroscope
,Synchroscopes
,Synchrotron
,Synchrotrons
,Syncing
,Synclinal
,Synclinals
,Syncopate
,Syncopated
,Syncopates
,Syncopating
,Syncopation
,Syncopations
,Syncopator
,Syncopators
,Syncope
,Syncopes
,Syncretic
,Syncretical
,Syncretise
,Syncretised
,Syncretises
,Syncretising
,Syncretism
,Syncretisms
,Syncretistic
,Syncretistical
,Syncretize
,Syncretized
,Syncretizes
,Syncretizing
,Syncs
,Syncytiums
,Lexical
,Lexicalisation
,Lexicalisations
,Lexicalise
,Lexicalised
,Lexicalises
,Lexicalising
,Lexicalization
,Lexicalizations
,Lexicalize
,Lexicalized
,Lexicalizes
,Lexicalizing
,Lexically
,Lexicographer
,Lexicographers
,Lexicographic
,Lexicographical
,Lexicographies
,Lexicography
,Lexicologies
,Lexicologist
,Lexicologists
,Lexicology
,Lexicon
,Lexicons
,Lexicostatistic
,Lexicostatistics
,Lexicostatisticss
,Lexington
,Lexis
,Joann
,Joanna
,Joanne
,Joaquin
,Jobbed
,Jobber
,Jobberies
,Jobbers
,Jobbery
,Jobbing
,Jobcentre
,Jobcentres
,Jobholder
,Jobholders
,Jobless
,Joblessness
,Jobseeker
,Jobseekers
,Jobshare
,Jobshares
,Jobsworth
,Jobsworths
,Jocasta
,Jocelyn
,Jock
,Jocked
,Jockey
,Jockeyed
,Jockeying
,Jockeys
,Jocking
,Jocks
,Jockstrap
,Jockstraps
,Jocose
,Jocoselier
,Jocoseliest
,Unkemptness
,Unkemptnesses
,Unkeyed
,Unkind
,Unkinder
,Unkindest
,Unkindled
,Unkindlier
,Unkindliest
,Unkindly
,Unkindness
,Unkindnesses
,Unknot
,Unknots
,Unknotted
,Unknotting
,Unknowable
,Unknowables
,Unknowing
,Unknowingly
,Unknowingness
,Unknowingnesses
,Unknowings
,Unknowledgeable
,Unknowns
,Kine
,Kinematic
,Kinematics
,Kinematicss
,Kiner
,Kines
,Kinescope
,Kinescoped
,Kinescopes
,Kinescoping
,Kineses
,Kinesiologies
,Kinesiology
,Kinesis
,Kinest
,Kinestheses
,Kinesthesia
,Kinesthesias
,Kinesthesis
,Kinesthetic
,Kinesthetically
,Kinesthetics
,Kinestheticss
,Kinetic
,Kinetically
,Kinetics
,Kineticss
,Kinetochore
,Kinetochores
,Kinetoses
,Kinetosis
,Rankeder
,Rankedest
,Ranker
,Rankers
,Rankest
,Rankin
,Rankine
,Rankings
,Rankle
,Rankled
,Rankles
,Rankling
,Rankly
,Rankness
,Ranknesses
,Rand
,Randal
,Randall
,Randed
,Randell
,Randi
,Randier
,Randies
,Randiest
,Randiness
,Randing
,Randolph
,Randomisation
,Randomisations
,Randomise
,Randomised
,Randomises
,Randomising
,Randomization
,Randomizations
,Randomize
,Randomized
,Randomizes
,Randomizing
,Randomlier
,Randomliest
,Randomly
,Randomness
,Randomnesses
,Rands
,Randy
,Alkahest
,Alkahestic
,Alkahests
,Alkaid
,Alkalemia
,Alkalemias
,Alkalescent
,Alkali
,Alkalic
,Alkalies
,Alkalified
,Alkalifies
,Alkalify
,Alkalifying
,Alkalimetries
,Alkalimetry
,Alkaline
,Alkalines
,Alkalinise
,Alkalinised
,Alkalinises
,Alkalinising
,Alkalinities
,Alkalinity
,Alkalinize
,Alkalinized
,Alkalinizes
,Alkalinizing
,Alkalinuria
,Alkalinurias
,Alkalis
,Alkalise
,Alkalised
,Alkaliser
,Alkalisers
,Alkalises
,Alkalising
,Alkalize
,Alkalized
,Alkalizer
,Alkalizers
,Alkalizes
,Alkalizing
,Alkaloid
,Alkaloidal
,Alkaloids
,Alkaloses
,Alkalosis
,Alkalotic
,Alkaluria
,Alkalurias
,Alkane
,Alkanes
,Alkanet
,Alkanets
,Alkapton
,Alkaptons
,Alkaptonuria
,Alkaptonurias
,Alkene
,Alkenes
,Alkies
,Alky
,Alkyd
,Alkyds
,Alkyl
,Alkylbenzene
,Alkylbenzenes
,Alkylbenzenesulfonate
,Alkylbenzenesulfonates
,Alkylic
,Alkyls
,Alkyne
,Alkynes
,Advancement
,Advancements
,Advancer
,Advancers
,Advancing
,Advancings
,Advantaged
,Advantageous
,Advantageously
,Advantageousness
,Advantageousnesses
,Advantaging
,Advect
,Advected
,Advecting
,Advection
,Advections
,Advective
,Advects
,Advent
,Adventist
,Adventitia
,Adventitial
,Adventitias
,Adventitious
,Adventitiously
,Adventive
,Adventives
,Advents
,Adventured
,Adventurer
,Adventurers
,Adventuresome
,Notebook
,Notebooks
,Notecase
,Notecases
,Noteder
,Notedest
,Notelet
,Notelets
,Notepad
,Notepads
,Notepaper
,Notepapers
,Noter
,Notest
,Noteworthier
,Noteworthies
,Noteworthiest
,Noteworthiness
,Noteworthy
,Anarchic
,Anarchical
,Anarchically
,Anarchies
,Anarchism
,Anarchisms
,Anarchist
,Anarchistic
,Anarchists
,Anarchy
,Anarthria
,Anarthrias
,Sal
,Salaah
,Salaahs
,Salaam
,Salaamed
,Salaaming
,Salaams
,Salaat
,Salaats
,Salabilities
,Salability
,Salable
,Salableness
,Salablenesses
,Salables
,Salacious
,Salaciously
,Salaciousness
,Salaciousnesses
,Salacities
,Salacity
,Salade
,Salades
,Saladin
,Salado
,Salads
,Salah
,Salahs
,Salai
,Salais
,Salal
,Salals
,Salamander
,Salamandered
,Salamandering
,Salamanders
,Salamandriform
,Salami
,Salamis
,Designate
,Designates
,Designating
,Designation
,Designations
,Designative
,Designatums
,Designedly
,Designee
,Designees
,Designing
,Designings
,Navicular
,Naviculars
,Navies
,Navigabilities
,Navigability
,Navigable
,Navigate
,Navigated
,Navigates
,Navigating
,Navigational
,Navigations
,Navigator
,Navigators
,Ins
,Insalubrious
,Insalubriousness
,Insalubriousnesses
,Insalubrities
,Insalubrity
,Insanelier
,Insaneliest
,Insanely
,Insaneness
,Insanenesses
,Insaner
,Insanest
,Insanitary
,Insanities
,Insanity
,Insatiability
,Insatiable
,Insatiables
,Insatiably
,Insatiate
,Inscribe
,Inscribed
,Inscriber
,Inscribers
,Inscribes
,Inscribing
,Inscription
,Inscriptions
,Inscriptive
,Inscriptively
,Inscrutabilities
,Inscrutability
,Inscrutable
,Inscrutableness
,Inscrutables
,Inscrutably
,Inseam
,Inseams
,Pest
,Pester
,Pestered
,Pestereder
,Pesteredest
,Pesterer
,Pesterers
,Pestering
,Pesterings
,Pesters
,Pesthole
,Pestholes
,Pesthouse
,Pesthouses
,Pesticide
,Pesticides
,Pestiferous
,Pestilence
,Pestilences
,Pestilent
,Pestilential
,Pestis
,Pestiss
,Pestle
,Pestled
,Pestles
,Pestling
,Pesto
,Pestoes
,Pests
,Hereabout
,Hereabouts
,Hereafter
,Hereafters
,Herebier
,Herebiest
,Hereby
,Hereditament
,Hereditaments
,Hereditarianism
,Hereditarianisms
,Hereditaries
,Hereditary
,Heredities
,Heredity
,Hereford
,Herein
,Hereinafter
,Hereinbefore
,Hereiner
,Hereinest
,Hereness
,Herenesses
,Hereof
,Hereon
,Herer
,Herero
,Heres
,Heresies
,Herest
,Heresy
,Heretic
,Heretical
,Heretics
,Hereto
,Heretoer
,Heretoest
,Heretofore
,Hereunder
,Hereunto
,Hereupon
,Hereuponer
,Hereuponest
,Herewith
,Res
,Resalable
,Resale
,Resales
,Resample
,Resampled
,Resamples
,Resampling
,Resat
,Reseal
,Resealable
,Resealed
,Resealing
,Reseals
,Hertz
,Hertzes
,Hertzsprung
,Twa
,Twaddle
,Twaddled
,Twaddler
,Twaddlers
,Twaddles
,Twaddling
,Twain
,Twained
,Twaining
,Twains
,Twang
,Twanged
,Twangier
,Twangiest
,Twanging
,Twangs
,Twangy
,Twas
,Twat
,Twats
,Twatted
,Twatting
,Twayblade
,Twayblades
,Tweak
,Tweaked
,Tweaking
,Tweaks
,Twee
,Tweed
,Tweedier
,Tweediest
,Tweediness
,Tweedinesses
,Tweedle
,Tweedled
,Tweedledee
,Tweedles
,Tweedling
,Tweeds
,Tweedy
,Tweegram
,Tweegrams
,Tween
,Tweep
,Tweeped
,Tweeping
,Tweeps
,Tweeter
,Tweeters
,Tweeting
,Tweeze
,Tweezed
,Tweezer
,Tweezered
,Mara
,Marabou
,Marabous
,Marabout
,Marabouts
,Maraca
,Maracaibo
,Maracas
,Marang
,Marangs
,Maranta
,Marantas
,Maras
,Marasca
,Marascas
,Maraschino
,Maraschinoes
,Maraschinos
,Marasmus
,Marasmuses
,Marat
,Maratha
,Marathi
,Marathoned
,Marathoner
,Marathoners
,Marathoning
,Marathons
,Maraud
,Marauded
,Marauder
,Marauders
,Marauding
,Maraudings
,Marauds
,Maravilla
,Maravillas
,Marble
,Marbled
,Marbleder
,Marbledest
,Marbleisation
,Marbleisations
,Marbleise
,Marbleised
,Marbleiseder
,Marbleisedest
,Marbleises
,Marbleising
,Marbleisings
,Marbleization
,Marbleizations
,Marbleize
,Marbleized
,Marbleizeder
,Marbleizedest
,Marbleizes
,Marbleizing
,Doe
,Doer
,Doers
,Doeskin
,Doeskins
,Ricardo
,Ricebird
,Ricebirds
,Riced
,Ricegrass
,Ricegrasses
,Ricer
,Ricers
,Rices
,Richards
,Richardson
,Riched
,Richelieu
,Richer
,Riches
,Richeses
,Richest
,Richie
,Riching
,Richlier
,Richliest
,Richly
,Richness
,Richnesses
,Richter
,Richthofen
,Richweed
,Richweeds
,Ricin
,Ricing
,Ricins
,Ricked
,Rickenbacker
,Ricketier
,Ricketiest
,Ricketiness
,Ricketinesses
,Rickets
,Ricketss
,Rickettsia
,Rickettsial
,Rickettsias
,Rickettsioses
,Rickettsiosis
,Rickety
,Rickey
,Rickeys
,Rickie
,Ricking
,Rickover
,Rickrack
,Rickracks
,Ricks
,Ricksha
,Rickshas
,Rickshaw
,Rickshawed
,Rickshawing
,Rickshaws
,Ricky
,Rico
,Ricochet
,Ricocheted
,Ricocheting
,Ricochets
,Ricochetted
,Ricochetting
,Ricotta
,Ricottas
,Ricrac
,Ricracs
,Rictus
,Rictuses
,Sunburn
,Sunburned
,Sunburning
,Sunburns
,Sunburnt
,Sunburst
,Sunbursts
,Condemn
,Condemnable
,Condemnation
,Condemnations
,Condemnatory
,Condemned
,Condemner
,Condemners
,Condemning
,Condemns
,Condensate
,Condensated
,Condensates
,Condensating
,Condensation
,Condensations
,Condense
,Condensed
,Condenser
,Condensers
,Condenses
,Condensing
,Condensings
,Condescend
,Condescended
,Condescending
,Condescendingly
,Condescendingness
,Condescendingnesses
,Condescends
,Condescension
,Condescensions
,Condign
,Condillac
,Condiment
,Condimented
,Condimenting
,Condiments
,Conditional
,Conditionalities
,Conditionality
,Conditionally
,Conditionals
,Conditioned
,Conditioner
,Conditioners
,Conditioning
,Conditionings
,Conditionss
,Condo
,Condoes
,Condole
,Condoled
,Condolence
,Condolences
,Condolent
,Condoles
,Condoling
,Autacoid
,Autacoidal
,Autacoids
,Autarchic
,Autarchical
,Autarchies
,Autarchy
,Autarkic
,Autarkical
,Autarkies
,Autarky
,Auteur
,Auteurs
,Authentically
,Authenticate
,Authenticated
,Authenticates
,Authenticating
,Authentication
,Authentications
,Authenticator
,Authenticators
,Authenticities
,Authenticity
,Authored
,Authoress
,Authoresses
,Authorial
,Authoring
,Authorisation
,Authorisations
,Authorise
,Authorised
,Authoriser
,Authorisers
,Authorises
,Authorising
,Authoritarian
,Authoritarianism
,Authoritarianisms
,Authoritarians
,Authoritative
,Authoritatively
,Authoritativeness
,Authoritieses
,Authorization
,Authorizations
,Authorize
,Authorizer
,Authorizers
,Authorizes
,Authorizing
,Authorship
,Authorships
,Osman
,Osmiridiums
,Osmiums
,Osmoreceptor
,Osmoreceptors
,Osmoses
,Osmosis
,Osmotic
,Osmotically
,Osmund
,Osmunds
,Ail
,Ailanthus
,Ailanthuses
,Ailed
,Aileen
,Aileron
,Ailerons
,Ailing
,Ailings
,Ailment
,Ailments
,Ails
,Ailurophobia
,Ailurophobias
,Gyp
,Gypped
,Gypper
,Gyppers
,Gypping
,Gyps
,Gypsied
,Gypsies
,Gypster
,Gypsters
,Gypsums
,Gypsy
,Gypsying
,Gypsyweed
,Gypsyweeds
,Gypsywort
,Gypsyworts
,Pod
,Podalgia
,Podalgias
,Podcasted
,Podcaster
,Podcasters
,Podcasting
,Podcasts
,Podded
,Podding
,Podetiums
,Podgier
,Podgiest
,Podgorica
,Podgy
,Podhoretz
,Podiatries
,Podiatrist
,Podiatrists
,Podiatry
,Podiums
,Podlike
,Podocarp
,Podocarps
,Pods
,Podsol
,Podsols
,Podunk
,Podzol
,Podzols
,Attaboy
,Attaboys
,Attach
,Attachable
,Attache
,Attaches
,Attaching
,Attachment
,Attachments
,Attacker
,Attackers
,Attain
,Attainabilities
,Attainability
,Attainable
,Attainableness
,Attainablenesses
,Attainables
,Attainder
,Attainders
,Attained
,Attaining
,Attainment
,Attainments
,Attains
,Attaint
,Attainted
,Attainting
,Attaints
,Attar
,Attars
,Atted
,Attemper
,Attempered
,Attempering
,Oxen
,Oxens
,Oxeye
,Oxeyes
,Oxfords
,Silage
,Silaged
,Silages
,Silaging
,Silas
,Sild
,Sildenafil
,Sildenafils
,Silds
,Silenced
,Silencer
,Silencers
,Silences
,Silencing
,Silene
,Silenes
,Silenter
,Silentest
,Silentlier
,Silentliest
,Silently
,Silents
,Silentss
,Silenus
,Silenuses
,Silesia
,Silesias
,Silhouette
,Silhouetted
,Silhouettes
,Silhouetting
,Silica
,Silicas
,Silicate
,Silicates
,Siliceous
,Silices
,Silicide
,Silicides
,Silicious
,Silicle
,Silicles
,Silicone
,Silicones
,Silicons
,Silicoses
,Silicosis
,Siliqua
,Siliquas
,Silique
,Siliques
,Silken
,Silkener
,Silkenest
,Silkgrass
,Dopa
,Dopamine
,Dopamines
,Dopas
,Dope
,Doped
,Dopeder
,Dopedest
,Dopeier
,Dopeiest
,Doper
,Dopers
,Dopes
,Dopest
,Dopey
,Dopier
,Dopiest
,Dopiness
,Doping
,Doppelganger
,Doppelgangers
,Doppelzentner
,Doppelzentners
,Doppler
,Dopy
,Argal
,Argali
,Argalis
,Argals
,Argasid
,Argasids
,Argemone
,Argemones
,Argent
,Argentic
,Argentiferous
,Argentine
,Argentinean
,Argentines
,Argentinian
,Argentinians
,Argentinosaur
,Argentinosaurs
,Argentite
,Argentites
,Argentous
,Argents
,Argil
,Argillaceous
,Argillite
,Argillites
,Argils
,Arginine
,Arginines
,Argo
,Argon
,Argonaut
,Argonauts
,Argonne
,Argonon
,Argonons
,Argons
,Argos
,Argosies
,Argosy
,Argot
,Argots
,Arguable
,Arguably
,Arguer
,Arguers
,Argufied
,Argufies
,Argufy
,Argufying
,Arguings
,Argumentation
,Argumentations
,Argumentative
,Argumentatively
,Argumentativeness
,Argus
,Arguses
,Argyle
,Argyles
,Argyll
,Argylls
,Argyrodite
,Argyrodites
,Els
,Elsa
,Elsewheres
,Elsholtzia
,Elsholtzias
,Elsie
,Elsinore
,Phycobilin
,Phycobilins
,Phycocyanin
,Phycocyanins
,Phycoerythrin
,Phycoerythrins
,Phycologies
,Phycology
,Phycomycoses
,Phycomycosis
,Phyla
,Phylacteries
,Phylactery
,Phyle
,Phyles
,Phyletic
,Phylliform
,Phyllis
,Phyllo
,Phylloclad
,Phylloclade
,Phylloclades
,Phylloclads
,Phyllode
,Phyllodes
,Phyllodial
,Phylloes
,Phylloquinone
,Phylloquinones
,Phylogeneses
,Phylogenesis
,Phylogenetic
,Phylogenetically
,Phylogenies
,Phylogeny
,Phylums
,Physa
,Physas
,Physiatrics
,Eggar
,Eggars
,Eggbeater
,Eggbeaters
,Eggcup
,Eggcups
,Egged
,Egger
,Eggers
,Eggfruit
,Eggfruits
,Egghead
,Eggheads
,Egging
,Eggnog
,Eggnogs
,Eggo
,Eggplant
,Eggplants
,Eggshake
,Eggshakes
,Eggshell
,Eggshells
,Eggss
,Eggwhisk
,Eggwhisks
,Ohioan
,Ohioans
,Ohm
,Ohmage
,Ohmages
,Ohmic
,Ohmmeter
,Ohmmeters
,Ohms
,Oho
,Ohs
,Ohsa
,Sissinesses
,Sissing
,Sissoo
,Sissoos
,Sissu
,Sissus
,Sissy
,Sissying
,Sissyish
,Upscale
,Upscaled
,Upscales
,Upscaling
,Upsets
,Upsetter
,Upsetters
,Upsetting
,Upsettings
,Upshot
,Upshots
,Upsides
,Upsilon
,Upsilons
,Upstage
,Upstaged
,Upstager
,Upstagers
,Upstages
,Upstaging
,Upstair
,Upstairs
,Upstairss
,Upstanding
,Upstart
,Upstarted
,Upstarting
,Upstarts
,Upstate
,Upstates
,Upstream
,Upstreamed
,Upstreaming
,Upstreams
,Upstroke
,Upstrokes
,Upsurge
,Upsurged
,Upsurges
,Upsurging
,Upswing
,Upswings
,Zigzagging
,Zigzags
,Gig
,Gigabit
,Gigabits
,Gigabyte
,Gigabytes
,Gigacycle
,Gigacycles
,Gigaflop
,Gigaflops
,Gigagram
,Gigagrams
,Gigahertz
,Gigahertzes
,Gigajoule
,Gigajoules
,Gigameter
,Gigameters
,Gigantic
,Gigantically
,Gigantism
,Gigantisms
,Gigapascal
,Gigapascals
,Gigapixel
,Gigapixels
,Gigatonne
,Gigatonnes
,Gigawatt
,Gigawatts
,Gigged
,Gigging
,Giggle
,Giggled
,Giggler
,Gigglers
,Giggles
,Gigglier
,Giggliest
,Giggling
,Giggly
,Sulla
,Sullas
,Sullen
,Sullener
,Sullenest
,Sullenlier
,Sullenliest
,Sullenly
,Sullenness
,Sullennesses
,Sullens
,Sullied
,Sullies
,Sullivan
,Sully
,Sullying
,Seiche
,Seiches
,Seid
,Seidel
,Seidels
,Seidh
,Seidhr
,Seidhrs
,Seidhs
,Seidr
,Seidrs
,Seids
,Seigneur
,Seigneuries
,Seigneurs
,Seigneury
,Seignior
,Seigniorage
,Seigniorages
,Seigniories
,Seigniors
,Seigniory
,Seiko
,Seine
,Seined
,Seiner
,Seiners
,Seines
,Seinfeld
,Seining
,Seism
,Seismal
,Seismic
,Seismically
,Seisms
,Seitan
,Seith
,Seithr
,Seithrs
,Seiths
,Seize
,Seizer
,Seizers
,Seizes
,Seizing
,Seizings
,Seizure
,Seizures
,Telamon
,Telamons
,Telco
,Telcoes
,Telcos
,Telecast
,Telecaster
,Telecasters
,Telecasting
,Telecastings
,Telecasts
,Telecom
,Telecommerce
,Telecommerces
,Telecommunicate
,Telecommunicated
,Telecommunicates
,Telecommunicating
,Telecommunication
,Telecommunications
,Telecommute
,Telecommuted
,Telecommuter
,Telecommuters
,Telecommutes
,Telecommuting
,Telecommutings
,Telecoms
,Teleconference
,Teleconferenced
,Teleconferences
,Teleconferencing
,Teleconferencings
,Telefaxed
,Telefaxes
,Telefaxing
,Telefilm
,Telefilms
,Telegenic
,Telegnoses
,Telegnosis
,Telegnostic
,Telegram
,Telegrammed
,Telegramming
,Telegrams
,Telegraphed
,Telegrapher
,Telegraphers
,Telegraphese
,Telegrapheses
,Telegraphic
,Telegraphically
,Telegraphies
,Telegraphing
,Telegraphist
,Telegraphists
,Telegraphs
,Ane
,Anecdotal
,Anecdotalism
,Anecdotalisms
,Anecdotally
,Anecdote
,Anecdoted
,Anecdotes
,Anecdotic
,Anecdotical
,Anecdoting
,Anecdotist
,Anecdotists
,Anechoic
,Anele
,Aneled
,Aneles
,Aneling
,Anemia
,Anemias
,Anemic
,Anemically
,Anemics
,Anemoclinometer
,Anemoclinometers
,Anemograph
,Anemographic
,Anemographies
,Anemographs
,Anemography
,Anemometer
,Anemometers
,Anemometric
,Anemometrical
,Anemometries
,Anemometry
,Anemone
,Anemones
,Anemophilous
,Anencephalia
,Ebb
,Ebbed
,Ebber
,Ebbest
,Ebbing
,Ebbings
,Ebbs
,Ebbtide
,Ebbtides
,Eben
,Ebeneezer
,Ebert
,Eblis
,Ebliss
,Ebola
,Ebon
,Ebonics
,Ebonier
,Ebonies
,Eboniest
,Ebonise
,Ebonised
,Ebonises
,Ebonising
,Ebonite
,Ebonites
,Ebonize
,Ebonized
,Ebonizes
,Ebonizing
,Ebons
,Ebony
,Ebracteate
,Ebro
,Ebullience
,Ebulliences
,Ebullient
,Ebulliently
,Ebullition
,Ebullitions
,Eburnation
,Eburnations
,Ongoings
,Vis
,Visaed
,Visage
,Visaged
,Visages
,Visaing
,Visalia
,Visas
,Visayans
,Viscacha
,Viscachas
,Viscera
,Visceral
,Viscerally
,Visceras
,Viscid
,Viscidities
,Viscidity
,Viscidly
,Viscidness
,Viscidnesses
,Viscoelastic
,Viscoelastics
,Viscometer
,Viscometers
,Viscometric
,Viscometries
,Viscometry
,Viscose
,Viscoses
,Viscosimeter
,Viscosimeters
,Viscosimetric
,Viscosimetries
,Viscosimetry
,Viscosities
,Viscosity
,Viscount
,Viscountcies
,Viscountcy
,Viscountess
,Viscountesses
,Viscounties
,Viscounts
,Viscounty
,Viscous
,Viscousness
,Viscousnesses
,Viscus
,Viscuses
,Vise
,Vised
,Viselike
,Vises
,Vishnu
,Visibilities
,Visibility
,Visibleness
,Senates
,Senatorial
,Senatorship
,Senatorships
,Exigence
,Exigences
,Exigencies
,Exigency
,Exigent
,Exigents
,Exiguities
,Exiguity
,Exiguous
,Exile
,Exiled
,Exiles
,Exilic
,Exiling
,Exing
,Existences
,Existent
,Existential
,Existentialism
,Existentialisms
,Existentialist
,Existentialists
,Existentially
,Existentials
,Existents
,Exited
,Exiting
,Exits
,Sour
,Sourball
,Sourballs
,Sourced
,Sourceforge
,Sourcing
,Sourdine
,Sourdines
,Sourdough
,Sourdoughs
,Soured
,Soureder
,Souredest
,Sourer
,Sourest
,Souring
,Sourings
,Sourish
,Sourlier
,Sourliest
,Sourly
,Sourness
,Sournesses
,Sourpuss
,Sourpusses
,Sours
,Soursop
,Soursops
,Sourwood
,Sourwoods
,Kudoss
,Kumiss
,Smooch
,Smooched
,Smooches
,Smooching
,Smoochings
,Smoochy
,Smoothbark
,Smoothbarks
,Smoothbore
,Smoothbores
,Smoothed
,Smoothen
,Smoothened
,Smoothening
,Smoothens
,Smoother
,Smoothers
,Smoothest
,Smoothhound
,Smoothhounds
,Smoothie
,Smoothies
,Smoothing
,Smoothlier
,Smoothliest
,Smoothly
,Smoothness
,Smoothnesses
,Smooths
,Smoothy
,Riefenstahl
,Riel
,Riels
,Riemann
,Riesling
,Rumba
,Rumbaed
,Rumbaing
,Rumbas
,Rumble
,Rumbled
,Rumbles
,Rumbling
,Rumblings
,Rumbustious
,Rumen
,Rumens
,Rumer
,Rumest
,Ruminant
,Ruminants
,Ruminate
,Ruminated
,Ruminates
,Ruminating
,Rumination
,Ruminations
,Ruminative
,Ruminatively
,Ruminator
,Ruminators
,Rummage
,Rummaged
,Rummages
,Rummaging
,Rummer
,Rummers
,Rummest
,Rummier
,Rummies
,Rummiest
,Rummy
,Rumor
,Rumored
,Rumoring
,Rumormonger
,Rumormongered
,Rumormongering
,Rumormongers
,Rumour
,Rumoured
,Rumouring
,Rumourmonger
,Rumourmongered
,Rumourmongering
,Rumourmongers
,Rumours
,Rump
,Rumped
,Rumpelstiltskin
,Rumping
,Rumple
,Rumpled
,Rumpleder
,Rumpledest
,Rumples
,Rumpling
,Rumply
,Rumps
,Rumpus
,Rumpused
,Rumpuses
,Rumpusing
,Rumrunner
,Rumrunners
,Rums
,Rumsfeld
,Osbert
,Osborn
,Osborne
,Smock
,Smocked
,Smocking
,Smockings
,Smocks
,Smog
,Smogged
,Smoggier
,Smoggiest
,Smogginess
,Smogginesses
,Smogging
,Smoggy
,Smogs
,Smoked
,Smokehouse
,Smokehouses
,Smokeless
,Smoker
,Smokers
,Smokes
,Smokescreen
,Smokescreens
,Smokestack
,Smokestacks
,Smokey
,Smokier
,Smokiest
,Smokiness
,Smokings
,Smoky
,Smol
,Smolder
,Smoldered
,Smoldering
,Smolderingly
,Smolderings
,Smolders
,Smolensk
,Smoler
,Smolest
,Smollett
,Smorgasbord
,Smorgasbords
,Smote
,Smother
,Smothered
,Smotherer
,Smotherers
,Smothering
,Smotherings
,Smothers
,Smoulder
,Smouldered
,Smouldering
,Smoulderingly
,Smoulderings
,Smoulders
,Eunice
,Eunuch
,Eunuches
,Eunuchoidism
,Eunuchoidisms
,Eunuchs
,Tailback
,Tailbacks
,Tailband
,Tailbands
,Tailboard
,Tailboards
,Tailbone
,Tailbones
,Tailcoat
,Tailcoats
,Tailed
,Taileder
,Tailedest
,Tailfin
,Tailfins
,Tailflower
,Tailflowers
,Tailgate
,Tailgated
,Tailgater
,Tailgaters
,Tailgates
,Tailgating
,Tailing
,Tailings
,Tailless
,Taillight
,Taillights
,Taillike
,Tailor
,Tailorbird
,Tailorbirds
,Tailored
,Tailoreder
,Tailoredest
,Tailoring
,Tailorings
,Tailors
,Tailpiece
,Tailpieces
,Tailpipe
,Tailpipes
,Tailplane
,Tailplanes
,Tailrace
,Tailraces
,Tails
,Tailspin
,Tailspinning
,Tailspins
,Tailspun
,Tailss
,Tailstock
,Tailstocks
,Tailwind
,Tailwinded
,Tailwinding
,Tailwinds
,Tailwort
,Tailworts
,Blinded
,Blindeder
,Blindedest
,Blinder
,Blindered
,Blindering
,Blinders
,Blindest
,Blindfold
,Blindfolded
,Blindfolding
,Blindfolds
,Blinding
,Blindingly
,Blindings
,Blindlier
,Blindliest
,Blindly
,Blindness
,Blindnesses
,Blinds
,Blindside
,Blindsided
,Blindsides
,Blindsiding
,Blindworm
,Blindworms
,Bling
,Blings
,Blini
,Blinies
,Blinis
,Blink
,Blinked
,Blinker
,Blinkered
,Blinkering
,Blinkers
,Blinking
,Blinkings
,Blinks
,Blinkss
,Blintz
,Blintze
,Blintzes
,Bliny
,Acicula
,Acicular
,Aciculas
,Aciculate
,Acidemia
,Acidemias
,Acidic
,Acidification
,Acidifications
,Acidified
,Acidifies
,Acidify
,Acidifying
,Acidimetric
,Acidimetries
,Acidimetry
,Acidities
,Acidity
,Acidly
,Acidophil
,Acidophile
,Acidophiles
,Acidophilic
,Acidophilous
,Acidophils
,Acidophilus
,Acidophiluses
,Acidoses
,Acidosis
,Acidotic
,Acids
,Acidulate
,Acidulated
,Acidulates
,Acidulating
,Acidulent
,Acidulous
,Acidulousness
,Acidulousnesses
,Aciduric
,Acinar
,Acing
,Acinic
,Acinose
,Acinous
,Acinus
,Acinuses
,Outage
,Outages
,Outargue
,Outargued
,Outargues
,Outarguing
,Outback
,Outbacks
,Outbalance
,Outbalanced
,Outbalances
,Outbalancing
,Outbid
,Outbidding
,Outbids
,Outboard
,Outboards
,Outboast
,Outboasted
,Outboasting
,Outboasts
,Outbound
,Outbounds
,Outboxed
,Outboxes
,Outboxing
,Outbrave
,Outbraved
,Outbraves
,Outbraving
,Outbreak
,Outbreaking
,Outbreaks
,Outbred
,Outbroke
,Outbroken
,Outbuilding
,Outbuildings
,Outburst
,Outbursting
,Outbursts
,Outcall
,Outcalled
,Outcalling
,Outcalls
,Outcast
,Outcaste
,Outcasted
,Outcastes
,Outcasting
,Outcasts
,Outclass
,Outclassed
,Outclasses
,Outclassing
,Outcompete
,Outcried
,Outcries
,Outcrop
,Outcropped
,Outcropping
,Outcroppings
,Outcrops
,Outcry
,Outcrying
,Outdated
,Outdid
,Outdistance
,Outdistanced
,Outdistances
,Outdistancing
,Outdo
,Outdoes
,Outdoing
,Outdone
,Outdoors
,Outdoorsier
,Outdoorsiest
,Outdoorsman
,Outdoorsmen
,Outdoorspeople
,Outdoorsperson
,Outdoorss
,Outdoorswoman
,Outdoorswomen
,Outdoorsy
,Outdraw
,Outdrawing
,Outdrawn
,Outdraws
,Outdrew
,Outed
,Outercourse
,Outercourses
,Gar
,Garaged
,Garages
,Garaging
,Garambulla
,Garambullas
,Garb
,Garbaged
,Garbageman
,Garbagemen
,Garbages
,Garbagewoman
,Garbagewomen
,Garbaging
,Garbanzo
,Garbanzoes
,Garbanzos
,Garbed
,Garbeder
,Garbedest
,Garbing
,Garble
,Garbled
,Garbleder
,Garbledest
,Garbles
,Garbling
,Garbo
,Garboard
,Garboards
,Garboil
,Garboils
,Garbologies
,Garbology
,Garbs
,Garcia
,Garcon
,Garcons
,Gardant
,Gardened
,Gardener
,Gardeners
,Gardenest
,Gardenia
,Gardenias
,Gardening
,Gardenings
,Gardner
,Gareth
,Garfield
,Garfish
,Garfishes
,Garfunkel
,Garganey
,Garganeys
,Gargantua
,Gargantuan
,Garget
,Gargets
,Gargle
,Gargled
,Gargles
,Gargling
,Gargoyle
,Gargoyles
,Gargoylism
,Gargoylisms
,Gari
,Garibaldi
,Garibaldis
,Garis
,Garish
,Garishlier
,Garishliest
,Garishly
,Garishness
,Garishnesses
,Garland
,Garlanded
,Garlanding
,Garlands
,Garlic
,Garlicked
,Garlicking
,Garlicky
,Garlics
,Garment
,Garmented
,Garmenting
,Garmentless
,Garmentmaker
,Garmentmakers
,Garments
,Garner
,Garnered
,Garnering
,Aeschylus
,Aeschynanthus
,Aeschynanthuses
,Aesculapian
,Aesculapius
,Aesop
,Aestheses
,Aesthesia
,Aesthesias
,Aesthesis
,Aesthete
,Aesthetes
,Aesthetical
,Aesthetically
,Aesthetician
,Aestheticians
,Aestheticism
,Aesthetics
,Aestheticss
,Aestival
,Aestivate
,Aestivated
,Aestivates
,Aestivating
,Aestivation
,Aestivations
,Oar
,Oared
,Oarfish
,Oaring
,Oarlock
,Oarlocks
,Oars
,Oarsman
,Oarsmanship
,Oarsmanships
,Oarsmen
,Oarswoman
,Oarswomen
,Amp
,Amparo
,Amperage
,Amperages
,Ampere
,Amperes
,Ampersand
,Ampersanded
,Ampersanding
,Ampersands
,Amphetamine
,Amphetamines
,Amphibian
,Amphibians
,Amphibiotic
,Amphibious
,Amphibiously
,Amphibole
,Amphiboles
,Amphibolies
,Amphibolite
,Amphibolites
,Amphibologies
,Amphibology
,Amphiboly
,Amphibrach
,Amphibraches
,Amphictyonies
,Amphictyony
,Amphidiploid
,Amphidiploidies
,Amphidiploids
,Amphidiploidy
,Amphigories
,Amphigory
,Amphimixes
,Amphimixis
,Amphioxus
,Amphioxuses
,Amphipod
,Amphipods
,Amphiprostylar
,Amphiprostyle
,Amphiprostyles
,Amphiprotic
,Amphisbaena
,Amphisbaenas
,Amphistylar
,Amphitheater
,Amphitheaters
,Amphitheatre
,Amphitheatres
,Amphitheatric
,Amphitheatrical
,Amphitropous
,Amphiuma
,Amphiumas
,Ampholyte
,Ampholytes
,Amphora
,Amphorae
,Amphoras
,Amphoric
,Amphoteric
,Amphotericin
,Amphotericins
,Ampicillin
,Ampicillins
,Ample
,Ampleness
,Amplenesses
,Ampler
,Amplest
,Amplier
,Ampliest
,Amplification
,Amplifications
,Amplified
,Amplifier
,Amplifiers
,Amplifies
,Amplify
,Amplifying
,Amplitude
,Amplitudes
,Amply
,Ampoule
,Ampoules
,Amps
,Ampul
,Ampule
,Ampules
,Ampulla
,Ampullar
,Ampullary
,Ampullas
,Ampuls
,Amputate
,Amputated
,Amputates
,Amputating
,Amputation
,Amputations
,Amputator
,Amputators
,Amputee
,Amputees
,Dishabille
,Dishabilles
,Disharmonies
,Disharmonious
,Disharmonize
,Disharmonized
,Disharmonizes
,Disharmonizing
,Disharmony
,Dishcloth
,Dishcloths
,Dishearten
,Disheartened
,Disheartening
,Dishearteningly
,Disheartenment
,Disheartenments
,Disheartens
,Dished
,Disheder
,Dishedest
,Dishevel
,Disheveled
,Disheveleder
,Disheveledest
,Disheveling
,Dishevelled
,Dishevelleder
,Dishevelledest
,Dishevelling
,Dishevelment
,Dishevels
,Dishful
,Dishfuls
,Dishier
,Dishiest
,Dishing
,Dishonest
,Dishonesties
,Dishonestly
,Dishonesty
,Dishonor
,Dishonorable
,Dishonorableness
,Dishonorablenesses
,Dishonorably
,Dishonored
,Dishonoring
,Dishonors
,Dishonour
,Dishonourable
,Dishonourableness
,Dishonourablenesses
,Dishonourably
,Dishonoured
,Dishonouring
,Dishonours
,Dishpan
,Dishpans
,Dishrag
,Dishrags
,Dishtowel
,Dishtowels
,Dishware
,Dishwares
,Dishwasher
,Dishwashers
,Dishwashing
,Dishwashings
,Dishwater
,Dishwaters
,Dishy
,Jazzed
,Jazzes
,Jazzier
,Jazziest
,Jazzing
,Jazzman
,Jazzmen
,Jazzwoman
,Jazzwomen
,Jazzy
,Owneder
,Ownedest
,Ownerless
,Ownerships
,Ownest
,Owning
,Dew
,Dewar
,Dewayne
,Dewberries
,Dewberry
,Dewclaw
,Dewclaws
,Dewdrop
,Dewdrops
,Dewey
,Dewier
,Dewiest
,Dewiness
,Dewinesses
,Dewitt
,Dewlap
,Dewlaps
,Dews
,Dewy
,Dol
,Dolabrate
,Dolabriform
,Dolby
,Dolce
,Dolcer
,Dolces
,Dolcest
,Doldrums
,Doldrumss
,Dole
,Doled
,Doleful
,Dolefullier
,Dolefulliest
,Dolefully
,Dolefulness
,Dolefulnesses
,Doles
,Dolichocephalic
,Dolichocephalics
,Dolichocephalies
,Dolichocephalism
,Dolichocephalisms
,Dolichocephaly
,Dolichocranial
,Dolichocranic
,Doling
,Doliolums
,Dollarfish
,Dolled
,Dollhouse
,Dollhouses
,Dollie
,Dollied
,Dollies
,Dolling
,Dollop
,Dolloped
,Dolloping
,Dollops
,Dolls
,Dolly
,Dollying
,Dolman
,Dolmans
,Dolmas
,Dolmass
,Dolmen
,Dolmens
,Dolomite
,Dolomites
,Dolomitic
,Dolor
,Dolores
,Dolorous
,Inelaborate
,Inelastic
,Inelasticities
,Inelasticity
,Inelegance
,Inelegances
,Inelegant
,Inelegantly
,Ineligibilities
,Ineligibility
,Ineligible
,Ineligibles
,Ineligibly
,Ineloquently
,Ineluctabilities
,Ineluctability
,Ineluctable
,Ineluctably
,Anesthetises
,Anesthetising
,Anesthetist
,Anesthetists
,Anesthetization
,Anesthetize
,Anesthetized
,Anesthetizes
,Anesthetizing
,Anesthyl
,Anesthyls
,Anestric
,Anestrous
,Anestrums
,Anestrus
,Anestruses
,Anethole
,Anetholes
,Aneuploid
,Aneuploidies
,Aneuploids
,Aneuploidy
,Aneurin
,Aneurins
,Aneurism
,Aneurismal
,Aneurismatic
,Aneurisms
,Aneurysm
,Aneurysmal
,Aneurysmatic
,Aneurysms
,Anew
,Anewer
,Anewest
,Endue
,Endued
,Endues
,Enduing
,Endurable
,Endurance
,Endurances
,Endure
,Endured
,Endures
,Enduring
,Enduringly
,Enduringness
,Enduringnesses
,Endurings
,Texaco
,Texan
,Texans
,Texarkana
,Textbook
,Textbooks
,Texted
,Textile
,Textiles
,Texting
,Textings
,Textolite
,Textolites
,Textual
,Textually
,Textural
,Texture
,Textured
,Textures
,Texturing
,Imaged
,Imageries
,Imagery
,Imaginable
,Imaginably
,Imaginal
,Imaginaries
,Imaginary
,Imaginations
,Imaginative
,Imaginatively
,Imaginativeness
,Imaginativenesses
,Imagines
,Imaging
,Imagings
,Imagining
,Imaginings
,Imagism
,Imagisms
,Imago
,Imagoes
,Imam
,Imams
,Imaret
,Imarets
,Imaums
,Imbalance
,Imbalanced
,Imbalances
,Imbauba
,Imbaubas
,Imbecile
,Imbeciles
,Imbecilic
,Imbecilities
,Imbecility
,Imbed
,Imbedded
,Imbedding
,Imbeds
,Imbery
,Imbibe
,Imbibed
,Imbiber
,Imbibers
,Imbibes
,Imbibing
,Imbibings
,Imbibition
,Imbibitions
,Imbricate
,Imbricated
,Imbricates
,Chanal
,Chanals
,Chanar
,Chanars
,Chanced
,Chanceful
,Chancel
,Chancelleries
,Chancellery
,Chancellors
,Chancellorship
,Chancellorships
,Chancellorsville
,Chancels
,Chancer
,Chanceries
,Chancery
,Chancest
,Chancier
,Chanciest
,Chanciness
,Chancing
,Chancre
,Chancres
,Chancroid
,Chancroidal
,Chancroids
,Chancrous
,Chancrouser
,Chancrousest
,Chancy
,Chandelier
,Chandeliers
,Chandelle
,Chandelled
,Chandelles
,Chandelling
,Chandigarh
,Chandler
,Chandleries
,Chandlers
,Chandlery
,Chandon
,Chandra
,Chandragupta
,Chandrasekhar
,Chanel
,Chaney
,Chanfron
,Chanfrons
,Chang
,Changchun
,Changeabilities
,Changeability
,Changeable
,Naranjilla
,Naranjillas
,Narc
,Narced
,Narcing
,Narcism
,Narcisms
,Narcissism
,Narcissisms
,Narcissist
,Narcissistic
,Narcissistics
,Narcissists
,Narcissus
,Narcissuses
,Narcist
,Narcists
,Narco
,Narcodollar
,Narcodollars
,Narcolepsies
,Narcolepsy
,Narcoleptic
,Narcoleptics
,Narcos
,Narcoses
,Narcosis
,Narcoterrorism
,Narcoterrorisms
,Narcotic
,Narcotics
,Narcotise
,Narcotised
,Narcotises
,Narcotising
,Narcotization
,Narcotize
,Narcotized
,Narcotizes
,Narcotizing
,Asymmetric
,Asymmetrical
,Asymmetrically
,Asymmetries
,Asymmetry
,Asymptomatic
,Asymptomatics
,Asymptote
,Asymptoted
,Asymptotes
,Asymptotic
,Asymptotically
,Asymptoting
,Dull
,Dullard
,Dullards
,Dulled
,Dulleder
,Dulledest
,Duller
,Dulles
,Dullest
,Dullier
,Dulliest
,Dulling
,Dullness
,Dullnesses
,Dulls
,Dully
,Mol
,Mola
,Molal
,Molaler
,Molalest
,Molalities
,Molality
,Molar
,Molarities
,Molarity
,Molars
,Molas
,Molasses
,Molasseses
,Mold
,Moldable
,Moldavia
,Moldavian
,Moldboard
,Moldboards
,Molded
,Molder
,Moldered
,Moldering
,Molders
,Moldier
,Moldiest
,Moldiness
,Moldinesses
,Molding
,Moldings
,Moldova
,Moldovan
,Molds
,Moldy
,Mole
,Molecularity
,Moleculars
,Molecule
,Molecules
,Molehill
,Molehills
,Moles
,Moleskin
,Moleskinned
,Moleskinning
,Moleskins
,Molest
,Molestation
,Molestations
,Molested
,Molester
,Molestered
,Molestering
,Molesters
,Molesting
,Molests
,Moliere
,Molina
,Csardas
,Csardases
,Csardass
,Csonka
,Css
,Cst
,Mn
,Mnemometer
,Mnemometers
,Mnemonic
,Mnemonically
,Mnemonics
,Mnemonicss
,Mnemonist
,Mnemonists
,Mnemosyne
,Mnemotechnic
,Mnemotechnical
,Howbeit
,Howdah
,Howdahs
,Howdied
,Howdies
,Howdy
,Howdying
,Howe
,Howell
,Howells
,Howitzer
,Howitzers
,Howl
,Howled
,Howler
,Howlers
,Howling
,Howlings
,Howls
,Howrah
,Hows
,Howsoever
,Hut
,Hutch
,Hutched
,Hutches
,Hutching
,Hutchinson
,Hutment
,Hutments
,Huts
,Hutted
,Hutting
,Hutton
,Hutu
,Hutzpah
,Hutzpahs
,Caped
,Capek
,Capelan
,Capelans
,Capelet
,Capelets
,Capelin
,Capelins
,Capella
,Caper
,Capercaillie
,Capercaillies
,Capercailzie
,Capercailzies
,Capered
,Capering
,Capers
,Capes
,Capeskin
,Hone
,Honecker
,Honed
,Honeier
,Honeiest
,Honer
,Honers
,Hones
,Honester
,Honestest
,Honesties
,Honestlier
,Honestliest
,Honestness
,Honestnesses
,Honesty
,Honeybee
,Honeybees
,Honeybells
,Honeybellss
,Honeycomb
,Honeycombed
,Honeycombing
,Honeycombs
,Honeycreeper
,Honeycreepers
,Honeydew
,Honeydews
,Honeyed
,Honeyflower
,Honeyflowers
,Honeying
,Honeylike
,Honeylocust
,Honeylocusts
,Honeymoon
,Honeymooned
,Honeymooner
,Honeymooners
,Honeymooning
,Honeymoons
,Honeypot
,Honeypots
,Honeys
,Honeysucker
,Honeysuckers
,Honeysuckle
,Honeysuckles
,Honeywell
,Riddance
,Riddances
,Ridden
,Ridding
,Riddle
,Riddled
,Riddleder
,Riddledest
,Riddler
,Riddlers
,Riddles
,Riddling
,Riderless
,Riders
,Ridership
,Ridged
,Ridgeder
,Ridgedest
,Ridgel
,Ridgeline
,Ridgelines
,Ridgeling
,Ridgelings
,Ridgels
,Ridgepole
,Ridgepoles
,Ridges
,Ridgil
,Ridgils
,Ridging
,Ridgling
,Ridglings
,Ridgy
,Ridicule
,Ridiculed
,Ridiculer
,Ridiculers
,Ridicules
,Ridiculing
,Ridiculously
,Ridiculousness
,Ridiculousnesses
,Ridings
,Ridley
,Ridleys
,Rids
,Rewarded
,Rewardful
,Rewarding
,Rewardingly
,Rewarm
,Rewarmed
,Rewarming
,Rewarms
,Rewash
,Rewashed
,Rewashes
,Rewashing
,Rewatch
,Rewatched
,Rewatches
,Rewatching
,Reweave
,Reweaves
,Reweaving
,Rewed
,Rewedded
,Rewedding
,Reweds
,Reweigh
,Reweighed
,Reweighing
,Reweighs
,Rewild
,Rewilded
,Rewilding
,Rewilds
,Rewind
,Rewindable
,Rewinding
,Rewinds
,Rewire
,Rewired
,Rewires
,Rewiring
,Reword
,Reworded
,Rewording
,Rewordings
,Rewords
,Rework
,Reworked
,Reworking
,Reworkings
,Reworks
,Rewound
,Rewove
,Rewoven
,Rewritable
,Rewrite
,Rewriter
,Rewriters
,Rewrites
,Rewriting
,Rewritings
,Rewritten
,Rewrote
,Dehisce
,Dehisced
,Dehiscence
,Dehiscences
,Dehiscent
,Dehisces
,Dehiscing
,Dehorn
,Dehorned
,Dehorning
,Dehorns
,Dehumanisation
,Dehumanisations
,Dehumanise
,Dehumanised
,Dehumanises
,Dehumanising
,Dehumanization
,Dehumanizations
,Dehumanize
,Dehumanized
,Dehumanizes
,Dehumanizing
,Dehumidified
,Dehumidifier
,Dehumidifiers
,Dehumidifies
,Dehumidify
,Dehumidifying
,Dehydrate
,Dehydrated
,Dehydrates
,Dehydrating
,Dehydration
,Dehydrations
,Dehydrator
,Dehydrators
,Dehydrogenase
,Dehydrogenate
,Dehydrogenated
,Dehydrogenates
,Dehydrogenating
,Dehydroretinol
,Dehydroretinols
,Picnic
,Picnicked
,Picnicker
,Picnickers
,Picnicking
,Picnics
,Ronald
,Ronda
,Rondeau
,Rondeaus
,Rondel
,Rondelet
,Rondelets
,Rondels
,Rondo
,Rondoes
,Rondos
,Roneo
,Roneoed
,Roneoing
,Roneos
,Ronnie
,Ronny
,Ronstadt
,Rontgen
,Exfiltrate
,Exfiltrated
,Exfiltrates
,Exfiltrating
,Exfoliate
,Exfoliated
,Exfoliates
,Exfoliating
,Exfoliation
,Exfoliations
,Guessable
,Guessed
,Guesser
,Guessers
,Guesses
,Guessing
,Guessings
,Guesstimate
,Guesstimated
,Guesstimates
,Guesstimating
,Guesswork
,Guessworks
,Stepbrother
,Stepbrothers
,Stepchild
,Stepchildren
,Stepchilds
,Stepdad
,Stepdads
,Stepdaughter
,Stepdaughters
,Stepfamilies
,Stepfamily
,Stepfather
,Stepfathers
,Stephan
,Stephanie
,Stephanion
,Stephanions
,Stephanotis
,Stephanotises
,Stephanotiss
,Stephead
,Stepheads
,Stephens
,Stephenson
,Stepladder
,Stepladders
,Stepmom
,Stepmoms
,Stepmother
,Stepmothers
,Stepparent
,Stepparents
,Steppe
,Stepper
,Steppers
,Steppes
,Stepping
,Steppingstone
,Steppingstones
,Steprelationship
,Steprelationships
,Stepsister
,Stepsisters
,Stepson
,Stepsons
,Stepss
,Stepwise
,Ngaliema
,Actinomycin
,Antimycin
,Aureomycin
,Carbomycin
,Dihydrostreptomycin
,Erythromycin
,Lincomycin
,Mithramycin
,Mitomycin
,Neomycin
,Spectinomycin
,Streptomycin
,Vancomycin
,Viomycin
,Cumarone
,Cumarones
,Cumber
,Cumbered
,Cumbering
,Cumberland
,Cumbers
,Cumbersome
,Cumbersomeness
,Cumbersomenesses
,Cumbrous
,Cumfrey
,Cumfreys
,Cumin
,Cumins
,Cummerbund
,Cummerbunds
,Cumming
,Cummings
,Cumquat
,Cumquats
,Cums
,Cumswallow
,Cumswallowed
,Cumswallowing
,Cumswallows
,Cumulate
,Cumulated
,Cumulates
,Cumulating
,Cumulation
,Cumulations
,Cumulative
,Cumulatively
,Cumuli
,Cumuliform
,Cumulonimbi
,Cumulonimbus
,Cumulonimbuses
,Cumulous
,Cumulus
,Cumuluses
,Orc
,Orca
,Orcas
,Orchard
,Orchards
,Orchestral
,Orchestrals
,Orchestras
,Orchestrate
,Orchestrated
,Orchestrates
,Orchestrating
,Orchestration
,Orchestrations
,Orchestrator
,Orchestrators
,Orchid
,Orchidalgia
,Orchidalgias
,Orchidectomies
,Orchidectomy
,Orchids
,Orchiectomies
,Orchiectomy
,Orchil
,Orchils
,Orchiopexies
,Orchiopexy
,Orchis
,Orchises
,Orchiss
,Orchitis
,Orchitises
,Orchotomies
,Orchotomy
,Orcs
,Inquest
,Inquests
,Inquietude
,Inquietudes
,Inquire
,Inquired
,Inquirer
,Inquirers
,Inquires
,Inquiries
,Inquiring
,Inquiringly
,Inquirings
,Inquisition
,Inquisitional
,Inquisitions
,Inquisitive
,Inquisitively
,Inquisitiveness
,Inquisitivenesses
,Inquisitor
,Inquisitorial
,Inquisitors
,Inquisitory
,Inquorate
,Laic
,Laicer
,Laicest
,Laicise
,Laicised
,Laicises
,Laicising
,Laicize
,Laicized
,Laicizes
,Laicizing
,Laics
,Laider
,Laidest
,Laier
,Laiest
,Lain
,Lair
,Laird
,Lairded
,Lairding
,Lairds
,Laired
,Lairing
,Lairs
,Laities
,Laity
,Laius
,Answerabilities
,Answerability
,Answerable
,Answerableness
,Answerablenesses
,Answerer
,Answerers
,Answerings
,Answerphone
,Answerphones
,Iner
,Ineradicable
,Inerrable
,Inerrancies
,Inerrancy
,Inerrant
,Inert
,Inerted
,Inertia
,Inertial
,Inertias
,Inerting
,Inertly
,Inertness
,Inertnesses
,Inerts
,Ark
,Arkansan
,Arkansans
,Arkhangelsk
,Arks
,Arkwright
,Taw
,Tawdrier
,Tawdriest
,Tawdrilier
,Tawdriliest
,Tawdrily
,Tawdriness
,Tawdrinesses
,Tawdry
,Tawed
,Tawing
,Tawney
,Tawnier
,Tawniest
,Tawniness
,Tawninesses
,Tawny
,Taws
,Tawse
,Tawsed
,Tawses
,Tawsing
,Judd
,Kidd
,Rudd
,Bela
,Belabor
,Belabored
,Belaboring
,Belabors
,Belabour
,Belaboured
,Belabouring
,Belabours
,Belain
,Belarus
,Belarusian
,Belated
,Belatedlier
,Belatedliest
,Belatedly
,Belau
,Belay
,Belayed
,Belaying
,Belays
,Belch
,Belched
,Belches
,Belching
,Belchings
,Beldam
,Beldame
,Beldames
,Beldams
,Beleaguer
,Beleaguered
,Beleaguering
,Beleaguerings
,Beleaguers
,Belem
,Belemnite
,Belemnites
,Belemnitic
,Belfast
,Bra
,Brabble
,Brabbled
,Brabbles
,Brabbling
,Brace
,Braced
,Braceder
,Bracedest
,Bracelet
,Braceleted
,Braceleting
,Bracelets
,Bracer
,Bracero
,Braceroes
,Braceros
,Bracers
,Braces
,Braceses
,Brachial
,Brachials
,Brachiate
,Brachiated
,Brachiates
,Brachiating
,Brachiation
,Brachiations
,Brachiopod
,Brachiopodous
,Brachiopods
,Brachistochrone
,Brachistochrones
,Brachiums
,Brachycephalic
,Brachycephalics
,Brachycephalies
,Brachycephalism
,Brachycephalisms
,Brachycephaly
,Brachycranial
,Brachycranic
,Brachydactylia
,Brachydactylias
,Brachydactylic
,Brachydactylies
,Brachydactylous
,Brachydactyly
,Brachypterous
,Brachyuran
,Brachyurans
,Brachyurous
,Bracing
,Bracings
,Bracken
,Brackens
,Bracket
,Bracketed
,Bracketing
,Pedagogicss
,Pedaller
,Pedallers
,Pedalling
,Pedalo
,Pedalos
,Pedals
,Pedant
,Pedantic
,Pedanticallier
,Pedanticalliest
,Pedantically
,Pedantries
,Pedantry
,Pedants
,Pedate
,Peddle
,Peddled
,Peddler
,Peddlers
,Peddles
,Peddling
,Peddlings
,Pedelec
,Pedelecs
,Pederast
,Pederastic
,Pederasties
,Pederasts
,Pederasty
,Pedeses
,Pedesis
,Pedestal
,Pedestaled
,Pedestaling
,Pedestals
,Pedestrian
,Pedestrianization
,Pedestrianize
,Pedestrianized
,Pedestrianizes
,Pedestrianizing
,Pedestrians
,Pediatric
,Pediatrician
,Pediatricians
,Pediatrics
,Pediatricss
,Pediatrist
,Pediatrists
,Pedicab
,Pedicabs
,Pedicel
,Pedicels
,Pedicle
,Pedicles
,Pediculicide
,Pediculicides
,Pediculoses
,Pediculosis
,Pedicure
,Pedicured
,Pedicures
,Pedicuring
,Pedicurist
,Pedicurists
,Pedigree
,Pedigreed
,Pedigreeing
,Pedigrees
,Pediment
,Pediments
,Pedlar
,Pedlars
,Pedodontist
,Pedodontists
,Pedologies
,Pedology
,Pedometer
,Pedometers
,Pedophile
,Pedophiles
,Pedophilia
,Pedophilias
,Pedro
,Peduncle
,Peduncles
,Pedunculate
,Pedunculates
,Pedwood
,Pedwoods
,Onycholyses
,Onycholysis
,Onychophoran
,Onychophorans
,Onychoses
,Onychosis
,Onymous
,Onyxes
,Onyxis
,Maisie
,Maisonette
,Maisonettes
,Maisonnette
,Maisonnettes
,Eross
,Tao
,Taoiseach
,Taoiseaches
,Taoism
,Taoist
,Taoists
,Tvs
,Asafetida
,Asafetidas
,Asafoetida
,Asafoetidas
,Asama
,Asana
,Asanas
,Asarabacca
,Asarabaccas
,Ire
,Ired
,Ireful
,Irene
,Irenic
,Ires
,Tonal
,Tonalities
,Tonality
,Tonallier
,Tonalliest
,Tonally
,Tonals
,Tonearm
,Tonearms
,Toned
,Toneder
,Tonedest
,Toneless
,Tonelesslier
,Tonelessliest
,Tonelessly
,Toner
,Toners
,Tones
,Tong
,Tonga
,Tongan
,Tongans
,Tonged
,Tonging
,Tongs
,Tongss
,Tongued
,Tongueder
,Tonguedest
,Tonguefish
,Tongueflower
,Tongueflowers
,Tongueless
,Tonguelike
,Tongues
,Tonguing
,Toni
,Tonia
,Tonic
,Tonicities
,Tonicity
,Tonics
,Tonier
,Toniest
,Tonights
,Toning
,Tonnage
,Tonnages
,Tonne
,Tonnes
,Tonograph
,Tonographs
,Tonometer
,Tonometers
,Tonometries
,Tonometry
,Tonsil
,Tonsilla
,Tonsillas
,Tonsillectomies
,Tonsillectomy
,Tonsillitis
,Tonsillitises
,Tonsils
,Tonsorial
,Tonss
,Tonsure
,Tonsured
,Tonsures
,Tonsuring
,Tontine
,Tontines
,Tonto
,Tonus
,Tonuses
,Tonya
,Chi
,Chia
,Chianti
,Chiantis
,Chiaroscuro
,Chiaroscuroes
,Chiasm
,Chiasma
,Chiasmal
,Chiasmas
,Chiasmatic
,Chiasmic
,Chiasms
,Chiasmus
,Chiasmuses
,Chiba
,Chibcha
,Chic
,Chicagoan
,Endaemonism
,Endaemonisms
,Endameba
,Endamebas
,Endanger
,Endangered
,Endangering
,Endangerment
,Endangerments
,Endangers
,Endarterectomies
,Endarterectomy
,Endarteritis
,Endarteritises
,Anselm
,Anselmo
,Anserine
,Anshan
,Ansi
,Ansis
,Cive
,Cives
,Civet
,Civets
,Civically
,Civicer
,Civicest
,Civics
,Civicss
,Civies
,Civieses
,Civiler
,Civilest
,Civilisation
,Civilisations
,Civilise
,Civilised
,Civilises
,Civilising
,Civilities
,Civility
,Civilizations
,Civilize
,Civilized
,Civilizes
,Civilizing
,Civillier
,Civilliest
,Civilly
,Civvies
,Civvieses
,Gob
,Gobbed
,Gobbet
,Gobbeted
,Gobbeting
,Gobbets
,Gobbing
,Gobble
,Gobbled
,Gobbledygook
,Gobbledygooks
,Gobbler
,Gobblers
,Gobbles
,Gobbling
,Gobi
,Gobies
,Goblet
,Goblets
,Goblin
,Goblins
,Gobs
,Gobsmacked
,Gobsmackeder
,Gobsmackedest
,Gobss
,Gobstopper
,Gobstoppers
,Goby
,Medulla
,Medullarier
,Medullariest
,Medullary
,Medullas
,Medullated
,Medullateder
,Medullatedest
,Medusa
,Medusae
,Medusan
,Medusans
,Medusas
,Medusoid
,Medusoids
,Cacao
,Cacaos
,Cachalot
,Cachalots
,Cache
,Cachectic
,Cachecticer
,Cachecticest
,Cached
,Cachepot
,Cachepots
,Caches
,Cachet
,Cachets
,Cachexia
,Cachexias
,Cachexies
,Cachexy
,Caching
,Cachinnate
,Cachinnated
,Cachinnates
,Cachinnating
,Cachinnation
,Cachinnations
,Cachou
,Cachous
,Cacique
,Caciques
,Cackle
,Cackled
,Cackler
,Cacklers
,Cackles
,Cacklier
,Cackliest
,Cackling
,Cackly
,Cacodaemon
,Cacodaemonic
,Tenabilities
,Tenability
,Tenable
,Tenableness
,Tenablenesses
,Tenably
,Tenacious
,Tenaciously
,Tenaciousness
,Tenaciousnesses
,Tenacities
,Tenacity
,Tenancies
,Tenancy
,Tenant
,Tenanted
,Tenanting
,Tenantries
,Tenantry
,Tenants
,Tench
,Tenches
,Tended
,Tendencies
,Tendencious
,Tendency
,Tendentious
,Tendentiouslier
,Tendentiousliest
,Tendentiously
,Tendentiousness
,Tendentiousnesses
,Tendered
,Tenderer
,Tenderest
,Tenderfeet
,Tenderfoot
,Butacaine
,Butacaines
,Butadiene
,Butadienes
,Butane
,Butanes
,Butanol
,Butanols
,Butanone
,Butanones
,Butat
,Butats
,Butch
,Butcher
,Butcherbird
,Butcherbirds
,Butchered
,Butcheries
,Butchering
,Butcherings
,Butcherlier
,Butcherliest
,Butcherly
,Butchers
,Butchery
,Butches
,Butchest
,Butene
,Butenes
,Buteonine
,Buteonines
,Buter
,Butest
,Butlered
,Butlering
,Butlers
,Buts
,Expandabilities
,Expandability
,Expandable
,Expandables
,Expander
,Expanders
,Expandible
,Expands
,Expanse
,Expanses
,Expansible
,Expansile
,Expansionary
,Expansionism
,Expansionisms
,Expansionist
,Expansionists
,Expansions
,Expansive
,Expansively
,Expansiveness
,Expansivenesses
,Expansivities
,Expansivity
,Expat
,Expatiate
,Expatiated
,Expatiates
,Expatiating
,Expatiation
,Expatiations
,Expatriate
,Expatriated
,Expatriates
,Expatriating
,Expatriation
,Deskbound
,Deskbounder
,Deskboundest
,Desked
,Deskill
,Deskilled
,Deskilling
,Deskills
,Desking
,Deskman
,Deskmen
,Desks
,Desktop
,Desktops
,Deskwoman
,Deskwomen
,Cinch
,Cinched
,Cinches
,Cinching
,Cinchona
,Cinchonas
,Cinchonine
,Cinchonines
,Cincinnati
,Cincture
,Cinctured
,Cinctures
,Cincturing
,Cinder
,Cindered
,Cinderella
,Cinderellas
,Cindering
,Cinders
,Cindy
,Cine
,Cinemas
,Cinemascope
,Cinematic
,Cinematics
,Cinematise
,Cinematised
,Cinematises
,Cinematising
,Cinematize
,Cinematized
,Cinematizes
,Cinematizing
,Cinematographer
,Cinematographers
,Cinematographic
,Cinematographies
,Cinematography
,Mumbai
,Mumble
,Mumbled
,Mumbler
,Mumblers
,Mumbles
,Mumbletypeg
,Mumbling
,Mumblings
,Mumer
,Mumest
,Mumford
,Mumma
,Mummas
,Mummed
,Mummer
,Mummeries
,Mummers
,Mummery
,Mummichog
,Mummichogs
,Mummied
,Mummies
,Mummification
,Mummifications
,Mummified
,Mummifies
,Mummify
,Mummifying
,Mumming
,Mummy
,Mummying
,Mumps
,Mumpsimus
,Mumpsimuses
,Mums
,Pes
,Pesantran
,Pesantrans
,Pesantren
,Pesantrens
,Peses
,Peseta
,Pesetas
,Pesewa
,Pesewas
,Peshawar
,Peshmerga
,Peshmergas
,Peskier
,Peskiest
,Peskily
,Peskiness
,Pesky
,Peso
,Pesoes
,Pesos
,Pessaries
,Pessary
,Pessimal
,Pessimism
,Pessimisms
,Pessimist
,Pessimistic
,Pessimistically
,Pessimists
,Cutaneal
,Cutaneous
,Cutaway
,Cutaways
,Cutback
,Cutbacks
,Cutch
,Cutches
,Cutelier
,Cuteliest
,Cutely
,Cuteness
,Cutenesses
,Cuter
,Cutest
,Cutesy
,Cutey
,Cuteys
,Cuticle
,Cuticles
,Cuticula
,Cuticular
,Cuticulas
,Cutie
,Cuties
,Cutin
,Cutinize
,Cutinized
,Cutinizes
,Cutinizing
,Cutins
,Cutis
,Cutiss
,Cutlas
,Cutlases
,Cutlass
,Cutlassed
,Cutlasses
,Selfer
,Selfest
,Selfhood
,Selfie
,Selfies
,Selfisher
,Selfishest
,Selfishlier
,Selfishliest
,Selfishly
,Selfishness
,Selfishnesses
,Selfless
,Selflesslier
,Selflessliest
,Selflessly
,Selflessness
,Selflessnesses
,Selfsame
,Selfsameness
,Selfsamenesses
,Selfshot
,Respectabilities
,Respectability
,Respectable
,Respectably
,Respecter
,Respecters
,Respectful
,Respectfully
,Respectfulness
,Respectfulnesses
,Respecting
,Respects
,Respectss
,Respell
,Respelled
,Respelling
,Respells
,Respiration
,Respirations
,Respirator
,Respirators
,Respiratory
,Respire
,Respired
,Respires
,Respiring
,Respite
,Respited
,Respites
,Respiting
,Resplend
,Resplended
,Resplendence
,Resplendences
,Resplendencies
,Resplendency
,Oscars
,Osceola
,Oscheocele
,Oscheoceles
,Oscheocoele
,Oscheocoeles
,Oscillate
,Oscillated
,Oscillates
,Oscillating
,Oscillation
,Oscillations
,Oscillator
,Oscillators
,Oscillatory
,Oscillogram
,Oscillograms
,Oscillograph
,Oscillographs
,Oscilloscope
,Oscilloscopes
,Oscine
,Oscines
,Oscitance
,Oscitances
,Oscitancies
,Oscitancy
,Oscitant
,Osculate
,Osculated
,Osculates
,Osculating
,Osculation
,Osculations
,Osculator
,Osculators
,Smear
,Smeared
,Smearier
,Smeariest
,Smearing
,Smears
,Smeary
,Smegma
,Smegmas
,Smelled
,Smellier
,Smellies
,Smelliest
,Smelliness
,Smelling
,Smellings
,Smelly
,Smelt
,Smelted
,Smelter
,Smelteries
,Smelters
,Smeltery
,Smelting
,Smelts
,Smetana
,Smew
,Smews
,Aha
,Ahab
,Ahchoo
,Ahem
,Ahems
,Ahimsa
,Ahimsas
,Ahistorical
,Ahmad
,Ahmadabad
,Ahmadinejad
,Ahmed
,Ahold
,Ahorse
,Ahorseback
,Ahorser
,Ahorsest
,Ahoy
,Ajar
,Ajarred
,Ajarring
,Ajars
,Betaed
,Betaer
,Betaest
,Betaine
,Betaines
,Betaing
,Betake
,Betaken
,Betakes
,Betaking
,Betas
,Betatron
,Betatrons
,Betcha
,Betel
,Betelgeuse
,Betels
,Beth
,Bethany
,Bethe
,Bethel
,Bethels
,Bethesda
,Bethink
,Bethinking
,Bethinks
,Bethlehem
,Bethought
,Beths
,Bethune
,Betid
,Betide
,Betided
,Betides
,Betiding
,Betimes
,Betise
,Betises
,Betoken
,Betokened
,Betokening
,Betokens
,Betook
,Betray
,Betrayal
,Betrayals
,Betrayed
,Betrayer
,Betrayers
,Betraying
,Betrays
,Betroth
,Betrothal
,Betrothals
,Betrothed
,Betrotheds
,Betrothing
,Betroths
,Bets
,Betsy
,Bette
,Bettered
,Bettering
,Betterings
,Betterment
,Betterments
,Betters
,Bettie
,Bettings
,Bettong
,Bettongs
,Bettor
,Bettors
,Betty
,Bettye
,Betulaceous
,Betweenbrain
,Betweenbrains
,Betweener
,Betweenest
,Betweens
,Betwixt
,Alga
,Algae
,Algaes
,Algal
,Algaler
,Algalest
,Algals
,Algarobilla
,Algarobillas
,Algarroba
,Algarrobas
,Algarrobilla
,Algarrobillas
,Algebra
,Algebraic
,Algebraical
,Algebraically
,Algebraist
,Algebraists
,Algebras
,Algenib
,Alger
,Algeria
,Algerian
,Algerians
,Algid
,Algider
,Algidest
,Algidities
,Algidity
,Algieba
,Algiers
,Algin
,Algins
,Algoid
,Algol
,Algolagnia
,Algolagnias
,Algolagnic
,Algologies
,Algology
,Algometer
,Algometers
,Algometric
,Algometrical
,Algometries
,Algometry
,Algonquian
,Algonquin
,Algophilia
,Algophilias
,Algophobia
,Algophobias
,Algophobic
,Algorism
,Algorisms
,Algorithmic
,Algorithms
,Roma
,Romaic
,Romaics
,Romaine
,Romaines
,Romanced
,Romancer
,Romancers
,Romances
,Romancing
,Romanesque
,Romania
,Romanian
,Romanians
,Romanies
,Romano
,Romanov
,Romans
,Romansh
,Romantically
,Romanticisation
,Romanticisations
,Romanticise
,Romanticised
,Romanticises
,Romanticising
,Romanticism
,Romanticisms
,Romanticist
,Romanticistic
,Romanticists
,Romanticization
,Romanticizations
,Romanticize
,Romanticized
,Romanticizes
,Romanticizing
,Romantics
,Romany
,Romen
,Romeo
,Romeos
,Romero
,Romish
,Rommel
,Romney
,Romp
,Romped
,Romper
,Rompered
,Rompering
,Rompers
,Romping
,Romps
,Romulus
,Atacama
,Atactic
,Atahualpa
,Atalanta
,Atar
,Ataractic
,Ataractics
,Ataraxes
,Ataraxia
,Ataraxias
,Ataraxic
,Ataraxis
,Atari
,Atars
,Atascadero
,Ataturk
,Atavism
,Atavisms
,Atavist
,Atavistic
,Atavists
,Ataxia
,Ataxias
,Ataxic
,Ataxics
,Ataxies
,Ataxy
,Astomatal
,Astomatous
,Aston
,Astonied
,Astonish
,Astonished
,Astonishes
,Astonishing
,Astonishingly
,Astonishment
,Astonishments
,Astor
,Astoria
,Astound
,Astounded
,Astounding
,Astoundingly
,Astounds
,Pond
,Ponded
,Ponder
,Ponderable
,Pondered
,Ponderer
,Ponderers
,Pondering
,Ponderings
,Ponderosa
,Ponderosas
,Ponderosities
,Ponderosity
,Ponderous
,Ponderously
,Ponderousness
,Ponderousnesses
,Ponders
,Ponding
,Ponds
,Pondweed
,Pondweeds
,Somer
,Somersault
,Somersaulted
,Somersaulting
,Somersaultings
,Somersaults
,Somerset
,Somersets
,Somersetted
,Somersetting
,Gee
,Geebung
,Geebungs
,Geed
,Geeing
,Geek
,Geeked
,Geekeder
,Geekedest
,Geekier
,Geekiest
,Geeking
,Geeks
,Geeky
,Gees
,Geese
,Geezer
,Geezerhood
,Geezerhoods
,Geezers
,Enabler
,Enablers
,Enables
,Enabling
,Enablings
,Enact
,Enacted
,Enacting
,Enactment
,Enactments
,Enacts
,Enalapril
,Enalaprils
,Enallage
,Enallages
,Enamel
,Enameled
,Enameler
,Enamelers
,Enameling
,Enamelled
,Enamelling
,Enamels
,Enamelware
,Enamelwares
,Enamine
,Enamines
,Enamor
,Enamored
,Enamoredness
,Enamorednesses
,Enamoring
,Enamors
,Enamour
,Enamoured
,Enamouring
,Enamours
,Enanthem
,Enanthema
,Enanthemas
,Enanthems
,Enantiomer
,Enantiomers
,Enantiomorph
,Enantiomorphism
,Enantiomorphisms
,Enantiomorphs
,Enarthroses
,Enarthrosis
,Enate
,Enates
,Enatic
,Enation
,Enations
,Orphan
,Orphanage
,Orphanages
,Orphaned
,Orphaneder
,Orphanedest
,Orphanhood
,Orphanhoods
,Orphaning
,Orphans
,Orphenadrine
,Orphenadrines
,Orpheus
,Orphic
,Orphrey
,Orphreys
,Orpiment
,Orpiments
,Orpin
,Orpine
,Orpines
,Orpins
,Pistachio
,Pistachios
,Piste
,Pistes
,Pistia
,Pistias
,Pistil
,Pistillate
,Pistillode
,Pistillodes
,Pistils
,Pistol
,Pistoled
,Pistoleer
,Pistoleers
,Pistoling
,Pistols
,Piston
,Pistoned
,Pistoning
,Pistonphone
,Pistonphones
,Pistons
,Lice
,Licence
,Licenced
,Licences
,Licencing
,Licensee
,Licensees
,Licenser
,Licensers
,Licenses
,Licensing
,Licensure
,Licentiate
,Licentiates
,Licentious
,Licentiouslier
,Licentiousliest
,Licentiously
,Licentiousness
,Licentiousnesses
,Lichee
,Lichees
,Lichen
,Lichens
,Lichgate
,Lichgates
,Lichi
,Lichis
,Lichtenstein
,Licit
,Licitlier
,Licitliest
,Licitly
,Licitness
,Licitnesses
,Lick
,Licked
,Lickeder
,Lickedest
,Licking
,Lickings
,Licks
,Licorice
,Licorices
,Ploughboy
,Ploughboys
,Ploughed
,Plougheder
,Ploughedest
,Ploughing
,Ploughings
,Ploughland
,Ploughlands
,Ploughman
,Ploughmen
,Ploughs
,Ploughshare
,Ploughshares
,Ploughwoman
,Ploughwomen
,Ploughwright
,Ploughwrights
,Plover
,Plovers
,Ploper
,Plopest
,Plopped
,Plopping
,Plops
,Plosion
,Plosions
,Plosive
,Plosives
,Plotline
,Plotlines
,Plots
,Plotted
,Plotter
,Plottered
,Plottering
,Plotters
,Plotting
,Plough
,Plo
,Ploce
,Ploces
,Plod
,Plodded
,Plodder
,Plodders
,Plodding
,Ploddinglier
,Ploddingliest
,Ploddingly
,Ploddings
,Plods
,Plonk
,Plonked
,Plonker
,Plonkers
,Plonking
,Plonks
,Plop
,Plow
,Plowboy
,Plowboys
,Plowed
,Ploweder
,Plowedest
,Plower
,Plowers
,Plowing
,Plowings
,Plowland
,Plowlands
,Plowman
,Plowmen
,Plows
,Plowshare
,Plowshares
,Plowwoman
,Plowwomen
,Plowwright
,Plowwrights
,Ploy
,Ploys
,Plugger
,Pluggers
,Plugging
,Plughole
,Plugholes
,Plugin
,Plugins
,Plugs
,Plumage
,Plumaged
,Plumageder
,Plumagedest
,Plumages
,Plumate
,Plumater
,Plumatest
,Plumb
,Plumbable
,Plumbaginaceous
,Pluck
,Plucked
,Pluckeder
,Pluckedest
,Pluckier
,Pluckiest
,Pluckilier
,Pluckiliest
,Pluckily
,Pluckiness
,Pluckinesses
,Plucking
,Plucks
,Plucky
,Plugboard
,Plugboards
,Plugged
,Pluggeder
,Pluggedest
,Plumbago
,Plumbagoes
,Plumbed
,Plumber
,Plumberies
,Plumbers
,Plumbery
,Plumbic
,Plumbicer
,Plumbicest
,Plumbing
,Plumbings
,Plumbism
,Plumbisms
,Plumbous
,Plumbs
,Plumcot
,Plumcots
,Plume
,Plumed
,Placentations
,Placer
,Placers
,Placeseeker
,Placeseekers
,Placewoman
,Placewomen
,Placid
,Placider
,Placidest
,Placidities
,Placidity
,Placidlier
,Placidliest
,Placidly
,Placidness
,Placidnesses
,Placings
,Placeder
,Placedest
,Placeholder
,Placeholders
,Placekick
,Placekicked
,Placekicker
,Placekickers
,Placekicking
,Placekicks
,Placeman
,Placemen
,Placements
,Placenta
,Placental
,Placentals
,Placentas
,Placentation
,Placable
,Placard
,Placarded
,Placarding
,Placards
,Placate
,Placated
,Placates
,Placating
,Placatingly
,Placation
,Placations
,Placative
,Placatory
,Placeable
,Placeables
,Placebo
,Placeboes
,Placebos
,Slighted
,Slighter
,Slightest
,Slighting
,Slightingly
,Slightings
,Slightlier
,Slightliest
,Slightness
,Slightnesses
,Slights
,Slime
,Slimeball
,Slimeballs
,Slimed
,Slimeder
,Slimedest
,Slimer
,Slickliest
,Slickly
,Slickness
,Slicknesses
,Slicks
,Slid
,Slidell
,Slider
,Sliders
,Slides
,Slideshow
,Slideshows
,Slideway
,Slideways
,Sliding
,Slidings
,Slier
,Sliest
,Sliced
,Sliceder
,Slicedest
,Slicer
,Slicers
,Slices
,Slicing
,Slicings
,Slick
,Slicked
,Slickeder
,Slickedest
,Slicker
,Slickered
,Slickering
,Slickers
,Slickest
,Slicking
,Slicklier
,Slopingly
,Slopings
,Slopped
,Sloppeder
,Sloppedest
,Sloppier
,Sloppiest
,Sloppilier
,Sloppiliest
,Sloppily
,Sloppiness
,Sloppinesses
,Slopping
,Sloppy
,Slops
,Slopseller
,Slopsellers
,Slopshop
,Slopshops
,Slopss
,Sloganeering
,Sloganeerings
,Sloganeers
,Slogans
,Slogged
,Slogger
,Sloggers
,Slogging
,Slogs
,Sloop
,Sloops
,Slop
,Slope
,Sloped
,Slopeder
,Slopedest
,Slopes
,Sloping
,Slopinglier
,Slopingliest
,Sloan
,Sloane
,Slob
,Slobbed
,Slobber
,Slobbered
,Slobberer
,Slobberers
,Slobbering
,Slobbers
,Slobbery
,Slobbing
,Slobs
,Sloe
,Sloes
,Slog
,Slogan
,Sloganeer
,Sloganeered
,Slumgullion
,Slumgullions
,Slumlord
,Slumlords
,Slummed
,Slummier
,Slummiest
,Slumming
,Slummy
,Slump
,Slumped
,Slumpflation
,Slumpflations
,Slumping
,Slumps
,Slums
,Slung
,Slunk
,Slur
,Slurp
,Sluiceways
,Sluicing
,Sluicinger
,Sluicingest
,Sluicings
,Sluing
,Slumber
,Slumbered
,Slumberer
,Slumberers
,Slumberier
,Slumberiest
,Slumbering
,Slumberous
,Slumbers
,Slumbery
,Slumbrous
,Slumdog
,Slumdogs
,Slugfests
,Sluggard
,Sluggards
,Slugged
,Slugger
,Sluggers
,Slugging
,Sluggish
,Sluggishlier
,Sluggishliest
,Sluggishly
,Sluggishness
,Sluggishnesses
,Slugs
,Sluice
,Sluiced
,Sluicegate
,Sluicegates
,Sluices
,Sluiceway
,Slub
,Slubbed
,Slubbeder
,Slubbedest
,Slubbing
,Slubs
,Sludge
,Sludged
,Sludges
,Sludgier
,Sludgiest
,Sludging
,Sludgy
,Slue
,Slued
,Slues
,Slug
,Slugabed
,Slugabeds
,Slugfest
,Artaxerxes
,Artefact
,Artefacts
,Artefactual
,Artemis
,Artemisia
,Artemisias
,Arteria
,Arterial
,Arterialise
,Arterialised
,Arterialises
,Arterialising
,Arterialize
,Arterialized
,Arterializes
,Arterializing
,Arterias
,Arteriectases
,Arteriectasia
,Arteriectasias
,Arteriectasis
,Arteries
,Arteriogram
,Arteriograms
,Arteriographies
,Arteriography
,Arteriola
,Arteriolar
,Arteriolas
,Arteriole
,Arterioles
,Arterioloscleroses
,Arteriolosclerosis
,Arterioscleroses
,Arteriosclerosis
,Arteriosclerotic
,Arteriosclerotics
,Arteriovenous
,Urgencies
,Urgency
,Urgentlier
,Urgentliest
,Urgently
,Urges
,Urging
,Urgings
,Armada
,Armadas
,Armadillo
,Armadillos
,Armageddon
,Armageddons
,Armagnac
,Armament
,Armamentariums
,Armaments
,Armand
,Armando
,Armani
,Armature
,Armatured
,Armatures
,Armaturing
,Armband
,Armbands
,Armchair
,Armchaired
,Armchairing
,Armchairs
,Armeder
,Armedest
,Armenia
,Armenian
,Armenians
,Armet
,Armets
,Armful
,Armfuls
,Armguard
,Armguards
,Armhole
,Armholes
,Armies
,Realer
,Realest
,Realgar
,Realgars
,Realign
,Realigned
,Realigning
,Realignment
,Realignments
,Realigns
,Realine
,Realined
,Realines
,Realining
,Realisation
,Realisations
,Realises
,Realising
,Realism
,Realisms
,Realist
,Realistically
,Realists
,Realities
,Realizable
,Realization
,Realizations
,Realizes
,Realizing
,Reallied
,Reallier
,Reallies
,Realliest
,Reallocate
,Reallocated
,Reallocates
,Reallocating
,Reallocation
,Reallocations
,Reallot
,Reallotment
,Reallotments
,Reallots
,Reallotted
,Reallotting
,Reallying
,Realms
,Realness
,Realnesses
,Realpolitik
,Realpolitiks
,Reals
,Realties
,Realtor
,Realtors
,Realty
,Ofelia
,Offal
,Offals
,Offbeat
,Offbeats
,Offed
,Offenbach
,Offence
,Offenceless
,Offences
,Offend
,Offended
,Offender
,Offenders
,Offending
,Offendings
,Offends
,Offenseless
,Offenses
,Offensively
,Offensiveness
,Offensivenesses
,Offensives
,Offerer
,Offerers
,Offerings
,Offeror
,Offerors
,Offertories
,Offertory
,Offest
,Offhand
,Offhanded
,Offhandedly
,Offhandedness
,Officed
,Officeholder
,Officeholders
,Officered
,Officering
,Officialdom
,Officialdoms
,Officialese
,Officialise
,Officialised
,Officialises
,Sou
,Souari
,Souaris
,Soubrette
,Soubrettes
,Soubriquet
,Soubriquets
,Souchong
,Souchongs
,Souffle
,Souffles
,Sough
,Soughed
,Soughing
,Soughinglier
,Soughingliest
,Soughingly
,Soughings
,Soughs
,Soughter
,Soughtest
,Souk
,Souks
,Soulful
,Soulfullier
,Soulfulliest
,Soulfully
,Soulfulness
,Soulfulnesses
,Soulfuls
,Soulless
,Soullesslier
,Soullessliest
,Soullessly
,Soullessness
,Soulmate
,Soulmates
,Soundable
,Soundalike
,Soundalikes
,Soundbar
,Soundbars
,Soundboard
,Soundboards
,Soundboxes
,Soundcheck
,Soundchecks
,Sounder
,Sounders
,Soundest
,Sounding
,Soundings
,Soundless
,Soundlesslier
,Pena
,Penal
,Penalisation
,Penalisations
,Penalise
,Penalised
,Penalises
,Penalising
,Penalization
,Penalizations
,Penalize
,Penalized
,Penalizes
,Penalizing
,Penallier
,Penalliest
,Penally
,Penance
,Penanced
,Penances
,Penancing
,Pence
,Penchant
,Penchants
,Pencil
,Penciled
,Pencileder
,Penciledest
,Penciling
,Pencilled
,Pencilling
,Pencils
,Pend
,Pendant
,Pendanter
,Pendantest
,Pendants
,Pended
,Pendent
,Pendents
,Penderecki
,Pendinger
,Pendingest
,Pendragon
,Pendragons
,Pends
,Pendulous
,Pendulums
,Penelope
,Peneplain
,Peneplains
,Peneplane
,Peneplanes
,Penetrabilities
,Penetrability
,Unitard
,Unitards
,Unitarian
,Unitarianism
,Unitarians
,Unitarier
,Unitaries
,Unitariest
,Unitariness
,Unitarinesses
,Unitarism
,Unitarisms
,Unitary
,Unitas
,Unite
,Uniteder
,Unitedest
,Unitedlier
,Unitedliest
,Unitedly
,Unites
,Unities
,Uniting
,Unitings
,Unitisation
,Unitisations
,Unitise
,Unitised
,Unitises
,Unitising
,Unitization
,Unitizations
,Unitize
,Unitized
,Unitizes
,Unitizing
,Skier
,Skiers
,Skies
,Skiff
,Skiffed
,Skiffing
,Skiffle
,Skiffles
,Skiffs
,Skiing
,Skiings
,Skilful
,Skilfullier
,Skilfulliest
,Skilfully
,Skilleder
,Skilledest
,Skiller
,Skillessness
,Skillessnesses
,Skillest
,Skillet
,Skilleted
,Skilletfish
,Skilleting
,Skillets
,Skillful
,Skillfullier
,Skillfulliest
,Skillfully
,Skillfulness
,Skillfulnesses
,Skillies
,Skilly
,Skim
,Skimcoat
,Skimcoated
,Skimcoating
,Skimcoats
,Skimer
,Skimest
,Skimmed
,Skimmeder
,Skimmedest
,Skimmer
,Skimmered
,Skimmering
,Skimmers
,Skimming
,Skimmings
,Skimp
,Skimped
,Skimpier
,Skimpies
,Skimpiest
,Skimpilier
,Skimpiliest
,Skimpily
,Skimpiness
,Skimpinesses
,Skimping
,Skimps
,Skimpy
,Skims
,Skincare
,Skincares
,Skinflint
,Skinflints
,Skinful
,Skinfuls
,Skinhead
,Skinheads
,Skinheadss
,Skink
,Skinked
,Skinking
,Inclemencies
,Inclemency
,Inclement
,Inclementness
,Inclementnesses
,Inclination
,Inclinations
,Incline
,Inclined
,Inclines
,Inclining
,Inclinings
,Inclinometer
,Inclinometers
,Inclose
,Inclosed
,Incloses
,Inclosing
,Inclosure
,Inclosures
,Inclusions
,Inclusive
,Inclusively
,Inclusiveness
,Inclusivity
,Lazar
,Lazaret
,Lazarets
,Lazarette
,Lazarettes
,Lazaretto
,Lazarettoes
,Lazaro
,Lazars
,Lazarus
,Laze
,Lazed
,Lazes
,Lazied
,Lazier
,Lazies
,Laziest
,Lazilier
,Laziliest
,Lazily
,Laziness
,Lazinesses
,Lazing
,Lazuli
,Lazuline
,Lazulines
,Lazulis
,Lazybones
,Lazyboneses
,Lazying
,Choana
,Choanas
,Choanocyte
,Choanocytes
,Choc
,Chock
,Chockablock
,Chocked
,Chocker
,Chockest
,Chockful
,Chocking
,Chocks
,Chocoholic
,Chocoholics
,Chocolated
,Chocolates
,Chocolatier
,Chocolatiers
,Chocolating
,Chocolaty
,Chocs
,Choctaw
,Choiceness
,Choicenesses
,Choicer
,Choicest
,Choir
,Choirboy
,Choirboys
,Choired
,Choirgirl
,Choirgirls
,Choiring
,Choirmaster
,Choirmasters
,Choirs
,Czar
,Czardas
,Czardases
,Czardass
,Czarina
,Czarinas
,Czarism
,Czarist
,Czaristic
,Czarists
,Czaritza
,Czaritzas
,Czars
,Czechia
,Czechoslovak
,Czechoslovakia
,Czechoslovakian
,Czechs
,Czerny
,Czworniak
,Czworniaks
,Uganda
,Ugandan
,Ugandans
,Ugli
,Uglied
,Uglier
,Uglies
,Ugliest
,Uglified
,Uglifies
,Uglify
,Uglifying
,Ugliness
,Uglinesses
,Uglis
,Uglying
,Bleach
,Bleached
,Bleacheder
,Bleachedest
,Bleacher
,Bleachers
,Bleacherss
,Bleaches
,Bleaching
,Bleak
,Bleaker
,Bleakest
,Bleaklier
,Bleakliest
,Bleakly
,Bleakness
,Bleaknesses
,Blear
,Bleared
,Blearer
,Blearest
,Blearier
,Bleariest
,Blearily
,Bleariness
,Blearing
,Blears
,Bleary
,Bleat
,Bleated
,Bleating
,Bleats
,Bleb
,Blebbed
,Blebbeder
,Blebbedest
,Blebbier
,Blebbiest
,Blebbing
,Blebby
,Bulawayo
,Bulb
,Bulbaceous
,Bulbar
,Bulbed
,Bulbil
,Bulbils
,Bulbing
,Bulblet
,Bulblets
,Bulblike
,Bulbous
,Bulbouser
,Bulbousest
,Bulbs
,Bulbul
,Bulbuls
,Bulfinch
,Bulganin
,Bulgar
,Bulgari
,Bulgaria
,Bulgarian
,Bulgarians
,Bulge
,Bulged
,Bulges
,Bulghur
,Bulghurs
,Bulgier
,Bulgiest
,Bulginess
,Bulginesses
,Bulging
,Bulgings
,Bulgur
,Bulgurs
,Bulgy
,Bulimarexia
,Bulimarexias
,Mural
,Muralist
,Muralists
,Muralled
,Muralling
,Murals
,Muramidase
,Muramidases
,Murasaki
,Murat
,Murchison
,Murcia
,Murdereder
,Murderedest
,Murderee
,Murderees
,Murderer
,Murderers
,Murderess
,Murderesses
,Murdering
,Murderous
,Murderously
,Murderousness
,Murderousnesses
,Murdoch
,Murfreesboro
,Muriel
,Murillo
,Murine
,Murines
,Murk
,Murked
,Murker
,Murkest
,Murkier
,Murkiest
,Murkilier
,Murkiliest
,Murkily
,Murkiness
,Murkinesses
,Murking
,Murks
,Murky
,Murmansk
,Murmur
,Murmuration
,Murmurations
,Murmured
,Murmurer
,Murmurers
,Murmuring
,Murmurings
,Murmurous
,Murmurs
,Murphies
,Murrain
,Murrains
,Murre
,Murres
,Murrieta
,Murrow
,Murrumbidgee
,Rama
,Ramada
,Ramadan
,Ramakrishna
,Ramanujan
,Ramate
,Ramayana
,Ramble
,Rambled
,Rambler
,Ramblers
,Rambles
,Rambling
,Ramblinglier
,Ramblingliest
,Ramblingly
,Ramblings
,Rambo
,Rambotan
,Rambotans
,Rambunctious
,Rambunctiously
,Rambunctiousness
,Rambutan
,Rambutans
,Ramee
,Ramees
,Ramekin
,Ramekins
,Ramen
,Ramequin
,Ramequins
,Ramie
,Ramies
,Ramification
,Ramifications
,Ramified
,Ramifies
,Ramify
,Ramifying
,Ramipril
,Ramiprils
,Ramirez
,Ramiro
,Ramjet
,Ramjets
,Rammed
,Rammer
,Rammers
,Ramming
,Ramon
,Ramona
,Ramonas
,Ramontchi
,Ramontchis
,Ramos
,Ramose
,Ramous
,Ramp
,Eatable
,Eatables
,Eatage
,Eatages
,Eater
,Eateries
,Eaters
,Eatery
,Eatings
,Eaton
,Eats
,Eatss
,Lvi
,Lvier
,Lviest
,Lvii
,Lviier
,Lviiest
,Lviii
,Lviiier
,Lviiiest
,Lvov
,Yves
,Yvette
,Yvonne
,Anhedonia
,Anhedonias
,Anhidroses
,Anhidrosis
,Anhinga
,Anhingas
,Anhui
,Anhydride
,Anhydrides
,Anhydroses
,Anhydrosis
,Anhydrous
,Atrabilious
,Atrazine
,Atrazines
,Atresia
,Atresias
,Atreus
,Atria
,Atrial
,Atrioventricular
,Atrip
,Atriums
,Atrocious
,Atrociously
,Atrociousness
,Atrociousnesses
,Atrocities
,Atrocity
,Atrophedema
,Atrophedemas
,Atrophic
,Atrophied
,Atrophies
,Atrophy
,Atrophying
,Atropine
,Atropines
,Atropos
,Rag
,Raga
,Ragamuffin
,Ragamuffins
,Ragas
,Ragbag
,Ragbags
,Raged
,Ragee
,Ragees
,Rages
,Ragga
,Ragged
,Raggeder
,Raggedest
,Raggedlier
,Raggedliest
,Raggedly
,Raggedness
,Raggednesses
,Raggedy
,Ragging
,Ragi
,Raging
,Ragingly
,Ragings
,Ragis
,Raglan
,Raglans
,Ragnarok
,Ragout
,Ragouts
,Ragpicker
,Ragpickers
,Rags
,Ragsorter
,Ragsorters
,Ragtag
,Ragtags
,Ragtime
,Ragtimes
,Ragweed
,Ragweeds
,Ragwort
,Ragworts
,Erma
,Ermine
,Ermined
,Ermines
,Ermining
,Orlon
,Orlop
,Orlops
,Orly
,Tirade
,Tiraded
,Tirades
,Tirading
,Tiramisu
,Tiramisus
,Tirane
,Tireder
,Tiredest
,Tiredlier
,Tiredliest
,Tiredly
,Tiredness
,Tirednesses
,Tireless
,Tirelesslier
,Tirelessliest
,Tirelessly
,Tirelessness
,Tirelessnesses
,Tiresias
,Tiresome
,Tiresomelier
,Tiresomeliest
,Tiresomely
,Tiresomeness
,Tiresomenesses
,Tiring
,Tirings
,Tiro
,Tiroes
,Tirol
,Tirolean
,Tiroleans
,Shea
,Sheaf
,Shear
,Sheared
,Shearer
,Shearers
,Shearing
,Shearings
,Shears
,Shearwater
,Shearwaters
,Sheatfish
,Sheath
,Sheathe
,Sheathed
,Sheatheder
,Sheathedest
,Sheathes
,Sheathing
,Sheathings
,Sheaths
,Sheave
,Sheaved
,Sheaves
,Sheaving
,Sheba
,Shebang
,Shebangs
,Shebeen
,Shebeens
,Shebeli
,Sheboygan
,Shedder
,Shedders
,Shedding
,Sheddings
,Sheder
,Shedest
,Sheds
,Sheen
,Sheena
,Sheened
,Sheener
,Sheenest
,Sheenier
,Sheenies
,Sheeniest
,Sheening
,Sheens
,Sheeny
,Sheepcote
,Sheepcotes
,Sheepdog
,Sheepdogged
,Sheepdogging
,Sheepdogs
,Sheepfold
,Sheepfolds
,Sheepherder
,Sheepherders
,Sheepish
,Sheepishlier
,Sheepishliest
,Sheepishly
,Sheepishness
,Sheepishnesses
,Sheeplike
,Sheepman
,Sheepmen
,Sheeprun
,Sheepruns
,Sheepshank
,Sheepshanked
,Sheepshanking
,Sheepshanks
,Sheepshead
,Sheepsheads
,Sheepshearing
,Sheepshearings
,Sheepskin
,Sheepskins
,Sheepwalk
,Sheepwalks
,Sheepwoman
,Sheepwomen
,Sheered
,Sheerer
,Sheerest
,Sheering
,Sheerness
,Sheers
,Sheesha
,Sheeshas
,Sheeted
,Sheeting
,Hyper
,Hyperacidities
,Hyperacidity
,Hyperactive
,Hyperactivities
,Hyperactivity
,Hyperacuses
,Hyperacusia
,Hyperacusias
,Hyperacusis
,Hyperadrenalism
,Hyperadrenalisms
,Hyperadrenocorticism
,Hyperadrenocorticisms
,Hyperaemia
,Hyperaemias
,Hyperaldosteronism
,Hyperaldosteronisms
,Hyperalimentation
,Hyperalimentations
,Hyperbata
,Hyperbaton
,Hyperbetalipoproteinemia
,Hyperbetalipoproteinemias
,Hyperbilirubinemia
,Hyperbilirubinemias
,Hyperbola
,Hyperbolas
,Hyperbole
,Hyperboles
,Hyperbolic
,Hyperbolically
,Hyperbolise
,Hyperbolised
,Hyperbolises
,Hyperbolising
,Hyperbolism
,Hyperbolisms
,Hyperbolize
,Hyperbolized
,Hyperbolizes
,Hyperbolizing
,Hyperboloid
,Hyperboloidal
,Hyperboloids
,Hypercalcaemia
,Hypercalcaemias
,Hypercalcemia
,Hypercalcemias
,Hypercalcinuria
,Hypercalcinurias
,Hypercalciuria
,Hypercalciurias
,Hypercapnia
,Hypercapnias
,Hypercarbia
,Hypercarbias
,Hypercatalectic
,Hypercatalectics
,Hypercellularities
,Hypercellularity
,Hypercholesteremia
,Hypercholesteremias
,Hypercholesterolemia
,Hypercholesterolemias
,Hypercoaster
,Hypercoasters
,Hypercritical
,Hypercritically
,Hypercriticism
,Hypercriticisms
,Hypercube
,Hyperdactylies
,Hyperdactyly
,Hyperemeses
,Hyperemesis
,Hyperemia
,Hyperemias
,Hyperemic
,Hyperextend
,Hyperextended
,Hyperextending
,Hyperextends
,Hyperextension
,Hyperextensions
,Hyperfine
,Hyperglycaemia
,Hyperglycaemias
,Hyperglycemia
,Hyperglycemias
,Hyperhidroses
,Hyperhidrosis
,Hypericism
,Hypericisms
,Hyperidroses
,Hyperidrosis
,Hyperinflation
,Hyperintelligence
,Hyperintelligences
,Hyperion
,Losers
,Losings
,Losingss
,Losseses
,Lossier
,Lossiest
,Lossless
,Losslesser
,Losslessest
,Lossy
,Loster
,Lostest
,Losts
,Ene
,Enema
,Enemas
,Enemied
,Enemying
,Energetic
,Energetically
,Energetism
,Energetisms
,Energid
,Energids
,Energies
,Energise
,Energised
,Energiser
,Energisers
,Energises
,Energising
,Energize
,Energized
,Energizer
,Energizers
,Energizes
,Energizing
,Energizings
,Enervate
,Enervated
,Enervates
,Enervating
,Enervation
,Enervations
,Erica
,Ericas
,Erich
,Erick
,Ericka
,Erickson
,Keybinding
,Keybindings
,Keyboarded
,Keyboarder
,Keyboarders
,Keyboarding
,Keyboardist
,Keyboardists
,Keyboards
,Keycard
,Keycards
,Keychain
,Keychains
,Keyed
,Keyeder
,Keyedest
,Keyfob
,Keyfobs
,Keyhole
,Keyholed
,Keyholes
,Keyholing
,Keying
,Keyless
,Keynes
,Keynesian
,Keynote
,Keynoted
,Keynoter
,Keynoters
,Keynotes
,Keynoting
,Keypad
,Keypads
,Keypunch
,Keypunched
,Keypuncher
,Keypunchers
,Keypunches
,Keypunching
,Keystone
,Keystoned
,Keystones
,Keystoning
,Keystroke
,Keystroked
,Keystrokes
,Keystroking
,Keyword
,Keywords
,Cay
,Cayenne
,Cayennes
,Cayman
,Caymans
,Caymen
,Cays
,Cayuga
,Cayuse
,Cayuses
,Ozaena
,Ozaenas
,Ozark
,Ozarks
,Ozena
,Ozenas
,Ozocerite
,Ozocerites
,Ozokerite
,Ozokerites
,Ozone
,Ozoned
,Ozones
,Ozonide
,Ozonides
,Ozoning
,Ozonise
,Ozonised
,Ozonises
,Ozonising
,Ozonize
,Ozonized
,Ozonizes
,Ozonizing
,Ozonosphere
,Ozonospheres
,Ozymandias
,Ozzie
,Das
,Dashboard
,Dashboarded
,Dashboarding
,Dashboards
,Dashcam
,Dashcams
,Dashed
,Dasheder
,Dashedest
,Dasheen
,Dasheens
,Dasher
,Dashers
,Dashes
,Dashiki
,Dashikis
,Dashing
,Dashinglier
,Dashingliest
,Dashingly
,Dass
,Dassie
,Dassies
,Dastard
,Dastarded
,Dastarding
,Dastardlier
,Dastardliest
,Dastardliness
,Dastardlinesses
,Dastardly
,Dastards
,Dasymeter
,Dasymeters
,Dasyure
,Dasyures
,Dasyurid
,Dasyurids
,Mei
,Meier
,Meighen
,Meiji
,Meioses
,Meiosis
,Meiotic
,Meir
,Meis
,Meitneriums
,Exabit
,Exabits
,Exabyte
,Exabytes
,Exacerbate
,Exacerbated
,Exacerbates
,Exacerbating
,Exacerbation
,Exacerbations
,Exacta
,Exactas
,Exacted
,Exacter
,Exactest
,Exacting
,Exactingly
,Exactingness
,Exactingnesses
,Exaction
,Exactions
,Exactitude
,Exactitudes
,Exactlier
,Exactliest
,Exactness
,Exactnesses
,Exacts
,Exaflop
,Exaflops
,Exaggerate
,Exaggerated
,Exaggeratedly
,Exaggerates
,Exaggerating
,Exaggeration
,Exaggerations
,Exaggerator
,Exaggerators
,Exajoule
,Exajoules
,Exalt
,Exaltation
,Exaltations
,Exalted
,Exalting
,Exaltolide
,Exaltolides
,Exalts
,Examen
,Examens
,Examinations
,Examinee
,Examinees
,Examiner
,Examiners
,Examines
,Examining
,Exammed
,Examming
,Exampled
,Exampling
,Exanimate
,Exanimated
,Exanimates
,Exanimating
,Exanthem
,Exanthema
,Exanthemas
,Exanthems
,Exarch
,Exarchate
,Exarchates
,Exarches
,Exasperate
,Exasperated
,Exasperatedly
,Exasperates
,Exasperating
,Exasperatingly
,Exasperation
,Exasperations
,Exaugural
,Merak
,Meralgia
,Meralgias
,Merbromine
,Merbromines
,Mercado
,Mercantile
,Mercantilism
,Mercantilisms
,Mercaptopurine
,Mercaptopurines
,Mercator
,Merced
,Mercedes
,Mercenaries
,Mercenariness
,Mercenarinesses
,Mercenary
,Mercer
,Mercerise
,Mercerised
,Mercerises
,Mercerising
,Mercerize
,Mercerized
,Mercerizes
,Mercerizing
,Mercers
,Merchandise
,Merchandised
,Merchandiser
,Merchandisers
,Merchandises
,Merchandising
,Merchandisings
,Merchantabilities
,Merchantability
,Merchantable
,Merchanted
,Merchanting
,Merchantman
,Merchantmen
,Merchants
,Mercia
,Mercied
,Mercies
,Merciful
,Mercifully
,Mercifulness
,Mercifulnesses
,Merciless
,Mercilessly
,Mercilessness
,Mercilessnesses
,Merck
,Mercurial
,Mercurially
,Mercurials
,Mercuric
,Mercuries
,Mercurochrome
,Mercurous
,Mercurouser
,Mercurousest
,Mercying
,Mered
,Meredith
,Merelier
,Mereliest
,Merengue
,Merengues
,Merer
,Meres
,Merest
,Merestone
,Merestones
,Meretricious
,Meretriciously
,Meretriciousness
,Meretriciousnesses
,Merganser
,Mergansers
,Merge
,Merged
,Mergeder
,Mergedest
,Merger
,Mergers
,Merges
,Merging
,Mergings
,Mericarp
,Mericarps
,Meridian
,Meridians
,Aphaereses
,Aphaeresis
,Aphaeretic
,Aphaereticer
,Aphaereticest
,Aphagia
,Aphagias
,Aphakia
,Aphakias
,Aphakic
,Aphakicer
,Aphakicest
,Aphakics
,Aphanite
,Aphanites
,Aphanitic
,Aphasia
,Aphasias
,Aphasic
,Aphasicer
,Aphasicest
,Aphasics
,Aphelia
,Aphelion
,Aphereses
,Apheresis
,Apheretic
,Aphereticer
,Aphereticest
,Apheses
,Aphesis
,Aphetic
,Aphid
,Aphids
,Aphonia
,Aphonias
,Aphonic
,Aphorise
,Aphorised
,Aphorises
,Aphorising
,Aphorism
,Aphorismed
,Aphorisming
,Aphorisms
,Aphorist
,Aphoristic
,Aphoristically
,Aphorists
,Aphorize
,Aphorized
,Aphorizes
,Aphorizing
,Aphotic
,Aphrodisia
,Aphrodisiac
,Aphrodisiacal
,Aphrodisiacs
,Aphrodisias
,Aphrodite
,Aphyllous
,Dea
,Deaccession
,Deaccessioned
,Deaccessioning
,Deaccessions
,Deacon
,Deaconed
,Deaconess
,Deaconesses
,Deaconing
,Deacons
,Deactivate
,Deactivated
,Deactivates
,Deactivating
,Deactivation
,Deactivations
,Deadbeat
,Deadbeats
,Deadbolt
,Deadbolted
,Deadbolting
,Deadbolts
,Deaded
,Deaden
,Deadened
,Deadening
,Deadenings
,Deadens
,Deader
,Deadest
,Deadeye
,Deadeyes
,Deadhead
,Deadheaded
,Deadheading
,Deadheads
,Deading
,Deadlier
,Deadliest
,Deadlift
,Deadlifted
,Deadlifting
,Deadlifts
,Deadlight
,Deadlights
,Deadlined
,Deadlines
,Deadliness
,Deadlinesses
,Deadlining
,Deadlock
,Deadlocked
,Deadlocking
,Deadlocks
,Deadness
,Deadnesses
,Deadpan
,Deadpanned
,Deadpanning
,Deadpans
,Deads
,Deadwood
,Deadwoods
,Deaerate
,Deaerated
,Deaerates
,Deaerating
,Deaf
,Deafed
,Deafen
,Deafened
,Deafening
,Deafeningly
,Deafens
,Deafer
,Deafest
,Payable
,Payables
,Payableses
,Payback
,Paybacks
,Paycheck
,Paychecks
,Payday
,Paydays
,Payed
,Payee
,Payees
,Payer
,Payers
,Paygrade
,Paygrades
,Payings
,Payload
,Payloads
,Paymaster
,Paymasters
,Payne
,Paynim
,Paynims
,Payoff
,Payoffs
,Payola
,Payolas
,Payout
,Payouts
,Paypal
,Payphone
,Payphones
,Paypig
,Paypigs
,Payroll
,Payrolled
,Payrolling
,Payrolls
,Paysheet
,Paysheets
,Payslip
,Payslips
,Paywall
,Paywalled
,Paywalling
,Paywalls
,Payware
,Lemaitre
,Lemanderin
,Lemanderins
,Lemma
,Lemmas
,Lemme
,Lemming
,Lemmings
,Lemniscate
,Lemniscates
,Lemniscus
,Lemniscuses
,Lemonade
,Lemonades
,Lemoned
,Lemongrass
,Lemongrasses
,Lemonier
,Lemoniest
,Lemoning
,Lemonlike
,Lemons
,Lemonwood
,Lemonwoods
,Lemony
,Lempira
,Lempiras
,Lemuel
,Lemur
,Lemuria
,Lemurs
,Osage
,Osaka
,Birdbath
,Birdbaths
,Birdbrain
,Birdbrained
,Birdbrains
,Birdcage
,Birdcages
,Birdcall
,Birdcalled
,Birdcalling
,Birdcalls
,Birded
,Birder
,Birders
,Birdfeeder
,Birdfeeders
,Birdhouse
,Birdhouses
,Birdie
,Birdied
,Birdieing
,Birdies
,Birding
,Birdlike
,Birdlime
,Birdlimed
,Birdlimes
,Birdliming
,Birdnest
,Birdnested
,Birdnesting
,Birdnestings
,Birdnests
,Birdseed
,Birdseeds
,Birdseye
,Birdsong
,Birdsongs
,Birdwatch
,Birdwatched
,Birdwatcher
,Birdwatchers
,Birdwatches
,Birdwatching
,Birdying
,Tar
,Tara
,Taradiddle
,Taradiddles
,Taramasalata
,Tarantella
,Tarantellas
,Tarantelle
,Tarantelles
,Tarantino
,Tarantism
,Tarantisms
,Tarantula
,Tarantulas
,Tarawa
,Tarazed
,Tarball
,Tarballs
,Tarbell
,Tarboosh
,Tarbooshes
,Tardied
,Tardier
,Tardies
,Tardiest
,Tardigrade
,Tardigrades
,Tardilier
,Tardiliest
,Tardily
,Tardiness
,Tardinesses
,Tardive
,Tardy
,Tardying
,Tare
,Tared
,Tares
,Targeting
,Tariff
,Tariffed
,Tariffing
,Tariffs
,Tarim
,Taring
,Tarkenton
,Tarkington
,Tarmac
,Tarmacadam
,Tarmacadams
,Tarmaced
,Tarmacing
,Tarmacked
,Tarmacking
,Tarmacs
,Tarn
,Tarnish
,Foxhole
,Foxholed
,Foxholes
,Foxholing
,Foxhound
,Foxhounds
,Foxhunt
,Foxhunted
,Foxhunting
,Foxhunts
,Ascariases
,Ascariasis
,Ascella
,Ascend
,Ascendable
,Ascendance
,Ascendances
,Ascendancies
,Ascendancy
,Ascendant
,Ascendants
,Ascended
,Ascendence
,Ascendences
,Ascendencies
,Ascendency
,Ascendent
,Ascendents
,Ascender
,Ascenders
,Ascendible
,Ascending
,Ascendings
,Ascends
,Ascension
,Ascensional
,Ascensions
,Ascensive
,Ascent
,Ascents
,Ascertain
,Ascertainable
,Ascertained
,Ascertaining
,Ascertainment
,Ascertains
,Asceses
,Ascesis
,Ascetic
,Ascetical
,Ascetically
,Asceticism
,Asceticisms
,Ascetics
,Ascidian
,Ascidians
,Ascii
,Asciis
,Ascites
,Asciteses
,Ascitic
,Asclepiad
,Asclepiadaceous
,Asclepiads
,Ascocarp
,Ascocarpous
,Ascocarps
,Ascolichen
,Ascolichens
,Ascoma
,Ascomas
,Ascomycete
,Ascomycetes
,Ascomycetous
,Ascospore
,Ascospores
,Ascosporic
,Ascosporous
,Ascot
,Ascots
,Ascribable
,Ascribe
,Ascribed
,Ascribes
,Ascribing
,Ascription
,Ascriptions
,Ascus
,Ascuses
,Sisterhood
,Sisterhoods
,Sisterlike
,Sisterliness
,Sisterly
,Sistership
,Sisterships
,Sistine
,Piolet
,Piolets
,Pion
,Pioneer
,Pioneered
,Pioneering
,Pioneers
,Pions
,Pious
,Piouslier
,Piousliest
,Piously
,Piousness
,Piousnesses
,Vuitton
,Vulcan
,Vulcanisation
,Vulcanisations
,Vulcanise
,Vulcanised
,Vulcaniser
,Vulcanisers
,Vulcanises
,Vulcanising
,Vulcanite
,Vulcanites
,Vulcanization
,Vulcanizations
,Vulcanize
,Vulcanized
,Vulcanizer
,Vulcanizers
,Vulcanizes
,Vulcanizing
,Vulcanologies
,Vulcanology
,Vulgar
,Vulgarer
,Vulgarest
,Vulgarian
,Vulgarians
,Vulgarisation
,Vulgarisations
,Vulgarise
,Vulgarised
,Vulgariser
,Vulgarisers
,Vulgarises
,Vulgarising
,Vulgarism
,Vulgarisms
,Vulgarities
,Vulgarity
,Vulgarization
,Vulgarizations
,Vulgarize
,Vulgarized
,Vulgarizer
,Vulgarizers
,Vulgarizes
,Vulgarizing
,Vulgarlier
,Vulgarliest
,Vulgarly
,Vulgars
,Vulgate
,Vulnerabilities
,Vulnerability
,Vulnerably
,Vulpecular
,Vulpine
,Vulpiner
,Vulpines
,Vulpinest
,Vulture
,Vultured
,Vultures
,Vulturine
,Vulturing
,Vulturous
,Vulva
,Vulvae
,Vulval
,Vulvar
,Vulvas
,Vulvectomies
,Vulvectomy
,Vulvitis
,Vulvitises
,Vulvovaginitis
,Vulvovaginitises
,Vuvuzela
,Vuvuzelas
,Leflunomide
,Leflunomides
,Lefter
,Leftest
,Leftfield
,Leftfields
,Lefthander
,Lefthanders
,Lefties
,Leftish
,Leftism
,Leftisms
,Leftist
,Leftists
,Leftmost
,Leftover
,Leftoverer
,Leftoverest
,Leftovers
,Leftoverss
,Lefts
,Leftward
,Leftwards
,Lefty
,Pneumonoconioses
,Pneumonoconiosis
,Hallah
,Hallahs
,Hallelujah
,Hallelujahed
,Hallelujahing
,Hallelujahs
,Halley
,Halliard
,Halliards
,Halliburton
,Hallie
,Hallmark
,Hallmarked
,Hallmarking
,Hallmarks
,Halloo
,Hallooed
,Hallooing
,Halloos
,Hallow
,Hallowed
,Halloweens
,Hallowing
,Hallows
,Halls
,Hallstand
,Hallstands
,Hallstatt
,Hallucinate
,Hallucinated
,Hallucinates
,Hallucinating
,Hallucination
,Hallucinations
,Hallucinatory
,Hallucinogen
,Hallucinogenic
,Hallucinogenics
,Hallucinogens
,Hallucinoses
,Hallucinosis
,Halluxes
,Hallway
,Hallways
,Supercalifragilisticexpialidocious
,Babkas
,Babushkas
,Balalaikas
,Bazookas
,Burkas
,Chukkas
,Dikas
,Fanalokas
,Kamilavkas
,Kapeikas
,Kapukas
,Kawakas
,Kopiykas
,Markkas
,Mazurkas
,Morangoskas
,Moussakas
,Pneumonoultramicroscopicsilicovolcanoconiosis
,Scrims
,Scrimshank
,Scrimshanked
,Scrimshanker
,Scrimshankers
,Scrimshanking
,Scrimshanks
,Scrimshaw
,Scrimshawed
,Scrimshawing
,Scrimshaws
,Suffixation
,Suffixations
,Suffixed
,Suffixes
,Suffixing
,Assad
,Assagai
,Assagaied
,Assagaiing
,Assagais
,Assail
,Assailabilities
,Assailability
,Assailable
,Assailant
,Assailants
,Assailed
,Assailing
,Assails
,Assam
,Assamese
,Assassin
,Assassinate
,Assassinated
,Assassinates
,Assassinating
,Assassination
,Assassinations
,Assassinator
,Assassinators
,Assassined
,Assassining
,Assassins
,Assaulted
,Assaulter
,Assaulters
,Assaulting
,Assaultive
,Assaults
,Assay
,Assayed
,Assayer
,Assayers
,Assaying
,Assays
,Assegai
,Assegaied
,Assegaiing
,Assegais
,Assemblage
,Assemblages
,Assemble
,Assembled
,Assembler
,Assemblers
,Assembles
,Assemblies
,Assembling
,Assemblings
,Assemblyman
,Assemblymen
,Assemblywoman
,Assemblywomen
,Assent
,Assented
,Assenter
,Assenters
,Assentient
,Assenting
,Assentings
,Assents
,Assert
,Assertable
,Assertables
,Asserted
,Asserter
,Asserters
,Asserting
,Assertings
,Assertion
,Assertions
,Assertive
,Assertively
,Assertiveness
,Assertivenesses
,Asserts
,Asses
,Assessable
,Assessed
,Assessee
,Assessees
,Assesses
,Assessing
,Assessments
,Assessor
,Assessors
,Assetss
,Asseverate
,Asseverated
,Asseverates
,Asseverating
,Asseveration
,Asseverations
,Asseverator
,Asseverators
,Assholes
,Assibilate
,Assibilated
,Assibilates
,Assibilating
,Assibilation
,Assibilations
,Assiduities
,Assiduity
,Assiduous
,Assiduously
,Assiduousness
,Assiduousnesses
,Assign
,Assignable
,Assignation
,Assignations
,Assignee
,Assignees
,Assigner
,Assigners
,Assigning
,Assignings
,Assignments
,Assignor
,Assignors
,Assigns
,Assimilabilities
,Assimilability
,Assimilable
,Assimilate
,Assimilated
,Assimilates
,Assimilating
,Assimilation
,Assimilations
,Assimilative
,Assimilator
,Assimilators
,Assimilatory
,Assisi
,Assistances
,Assistants
,Assisting
,Assistive
,Assize
,Assized
,Assizes
,Assizeses
,Assizing
,Associabilities
,Associability
,Associable
,Associableness
,Associablenesses
,Associateship
,Associateships
,Associating
,Associational
,Associationism
,Associationisms
,Associative
,Associativity
,Associatory
,Assoil
,Assoiled
,Assoiling
,Assoils
,Assonance
,Assonances
,Assonant
,Assonants
,Assonate
,Assonated
,Assonates
,Assonating
,Assort
,Assortative
,Assorted
,Assorting
,Assortment
,Assortments
,Assorts
,Assuage
,Assuaged
,Assuagement
,Assuagements
,Assuages
,Assuaging
,Assuasive
,Assuasives
,Assumable
,Assumes
,Assumings
,Assumptions
,Assumptive
,Assurance
,Assurances
,Assuredlier
,Assuredliest
,Assuredly
,Assuredness
,Assurednesses
,Assureds
,Assures
,Assurgent
,Assurgents
,Assuring
,Assyria
,Assyrian
,Asp
,Asparaginase
,Asparaginases
,Asparagine
,Asparagines
,Asparagus
,Asparaguses
,Aspartame
,Aspartames
,Aspected
,Aspecting
,Aspectual
,Aspell
,Aspen
,Aspens
,Asper
,Asperger
,Aspergill
,Aspergilloses
,Aspergillosis
,Aspergills
,Asperities
,Asperity
,Aspers
,Asperse
,Aspersed
,Asperses
,Aspersing
,Aspersion
,Aspersions
,Aspersoriums
,Asphalt
,Asphalted
,Asphaltic
,Asphalting
,Asphalts
,Aspheric
,Aspherical
,Asphodel
,Asphodels
,Asphyxia
,Asphyxias
,Asphyxiate
,Asphyxiated
,Asphyxiates
,Asphyxiating
,Asphyxiation
,Asphyxiations
,Asphyxiator
,Asphyxiators
,Aspic
,Aspics
,Aspidiske
,Aspidistra
,Aspidistras
,Aspirant
,Aspirants
,Aspirate
,Aspirated
,Aspirates
,Aspirating
,Aspiration
,Aspirational
,Aspirations
,Aspirator
,Aspirators
,Aspire
,Aspired
,Aspirer
,Aspirers
,Aspires
,Aspirin
,Aspiring
,Aspirings
,Aspirins
,Asps
,Actiniums
,Alluviums
,Aluminiums
,Aluminums
,Alums
,Alundums
,Alyssums
,Americiums
,Ammobiums
,Ammoniums
,Amylums
,Angrecums
,Animalculums
,Annums
,Anoestrums
,Antheridiums
,Anthuriums
,Antirrhinums
,Antiserums
,Antrums
,Apotheciums
,Arboretums
,Arcanums
,Archaebacteriums
,Archegoniums
,Archesporiums
,Archipalliums
,Arums
,Asylums
,Athenaeums
,Atheneums
,Bariums
,Basidiums
,Bdelliums
,Begums
,Berkeliums
,Berylliums
,Bienniums
,Bimillenniums
,Bohriums
,Botulinums
,Bubblegums
,Bums
,Bunkums
,Cadmiums
,Caecums
,Caesiums
,Californiums
,Cambiums
,Capitulums
,Capsicums
,Carborundums
,Cardamums
,Cavums
,Cementums
,Centrums
,Cerebellums
,Cerebrums
,Ceriums
,Cesiums
,Checksums
,Chetrums
,Chromiums
,Chrysanthemums
,Chums
,Ciliums
,Cinerariums
,Cingulums
,Claustrums
,Cleistotheciums
,Clostridiums
,Coagulums
,Coccidiums
,Coliseums
,Colloquiums
,Collyriums
,Colostrums
,Columbariums
,Columbiums
,Combretums
,Lao
,Laocoon
,Laos
,Laotian
,Laotians
,Pas
,Pasadena
,Pasang
,Pasangs
,Pascagoula
,Pascal
,Pascals
,Paschal
,Paschaler
,Paschalest
,Pasco
,Paseo
,Paseos
,Pasha
,Pashas
,Pashmina
,Pashminas
,Paspalums
,Pasquale
,Pasqueflower
,Pasqueflowers
,Pasquinade
,Pasquinaded
,Pasquinades
,Pasquinading
,Passable
,Passablier
,Passabliest
,Passably
,Passado
,Passadoes
,Passaged
,Passages
,Passageway
,Passageways
,Passaging
,Passant
,Passanter
,Passantest
,Passbook
,Passbooks
,Passe
,Passee
,Passeer
,Passeest
,Passel
,Passels
,Passementerie
,Passementeries
,Passengered
,Passengering
,Passer
,Passerbies
,Passerby
,Passerine
,Passerines
,Passers
,Passersby
,Passest
,Passim
,Passimer
,Passimest
,Passinger
,Passingest
,Passingly
,Passings
,Passionated
,Passionately
,Passionateness
,Passionatenesses
,Passionates
,Passionating
,Passionflower
,Passionflowers
,Passionless
,Passions
,Passivelier
,Passiveliest
,Passively
,Passiveness
,Passivenesses
,Passives
,Passivism
,Passivisms
,Passivities
,Passivity
,Passivization
,Passivize
,Passivized
,Passivizes
,Passivizing
,Passkey
,Passkeys
,Passover
,Passovers
,Passphrase
,Passphrases
,Passports
,Passworded
,Passwording
,Passwords
,Pasta
,Pastas
,Paste
,Pasteboard
,Pasteboards
,Pasted
,Pastel
,Pastelike
,Pastels
,Paster
,Pastern
,Pasternak
,Pasterns
,Pasters
,Pastes
,Pasteur
,Pasteurelloses
,Pasteurellosis
,Pasteurisation
,Pasteurisations
,Pasteurise
,Pasteurised
,Pasteuriser
,Pasteurisers
,Pasteurises
,Pasteurising
,Pasteurization
,Pasteurizations
,Pasteurize
,Pasteurized
,Pasteurizer
,Pasteurizers
,Pasteurizes
,Pasteurizing
,Pastiche
,Pastiched
,Pastiches
,Pastiching
,Pastie
,Pastier
,Pasties
,Pastiest
,Pastil
,Pastille
,Pastilles
,Pastils
,Pastime
,Pastimed
,Pastimes
,Pastiming
,Pastiness
,Pasting
,Pastis
,Pastiss
,Pastness
,Pastnesses
,Pastoral
,Pastorale
,Pastorales
,Pastorals
,Pastorate
,Pastorates
,Pastored
,Pastoring
,Pastors
,Pastorship
,Pastorships
,Pastrami
,Pastramis
,Pastries
,Pastry
,Pasts
,Pasturage
,Pasturages
,Pasture
,Pastured
,Pastureland
,Pasturelands
,Pastures
,Pasturing
,Pasty
,Bark
,Barked
,Barkeep
,Barkeeper
,Barkeepers
,Barkeeps
,Barker
,Barkers
,Barkier
,Barkiest
,Barking
,Barkley
,Barks
,Barky
,Pal
,Palaced
,Palaces
,Palacing
,Paladin
,Paladins
,Palaeencephalon
,Palaeencephalons
,Palaeoanthropologies
,Palaeoanthropology
,Palaeobiologies
,Palaeobiology
,Palaeobotanies
,Palaeobotany
,Palaeoclimatologies
,Palaeoclimatology
,Palaeodendrologies
,Palaeodendrology
,Palaeoecologies
,Palaeoecology
,Palaeoethnographies
,Palaeoethnography
,Palaeogeographies
,Palaeogeography
,Palaeogeologies
,Palaeogeology
,Palaeolithic
,Palaeologies
,Palaeology
,Palaeontological
,Palaeontologies
,Palaeontologist
,Palaeontologists
,Palaeontology
,Palaeopathologies
,Palaeopathology
,Palaeornithologies
,Palaeornithology
,Palaeozoologies
,Palaeozoology
,Palaestra
,Palaestras
,Palaetiologies
,Palaetiology
,Palankeen
,Palankeens
,Palanquin
,Palanquins
,Palas
,Palass
,Palatabilities
,Palatability
,Palatable
,Palatableness
,Palatablenesses
,Palatably
,Palatal
,Palatalise
,Palatalised
,Palatalises
,Palatalising
,Palatalization
,Palatalize
,Palatalized
,Palatalizes
,Palatalizing
,Palatals
,Palate
,Palated
,Palates
,Palatial
,Palatially
,Palatinate
,Palatinates
,Palatine
,Palatines
,Palating
,Palatoglossal
,Palatopharyngoplasties
,Palatopharyngoplasty
,Palaver
,Palavered
,Palavering
,Palavers
,Palazzi
,Palazzo
,Paled
,Paleencephalon
,Paleencephalons
,Paleface
,Palefaces
,Palelier
,Paleliest
,Palely
,Palembang
,Paleness
,Palenesses
,Paleo
,Paleoanthropological
,Paleoanthropologies
,Paleoanthropology
,Paleobiologies
,Paleobiology
,Paleobotanies
,Paleobotany
,Paleocene
,Paleocerebellums
,Paleoclimatologies
,Paleoclimatology
,Paleocortexes
,Paleocortical
,Paleodendrologies
,Paleodendrology
,Paleoecologies
,Paleoecology
,Paleoencephalon
,Paleoencephalons
,Paleoethnographies
,Paleoethnography
,Paleogene
,Paleogeographies
,Paleogeography
,Paleogeologies
,Paleogeology
,Paleographer
,Paleographers
,Paleographies
,Paleographist
,Paleographists
,Paleography
,Paleolith
,Paleolithic
,Paleoliths
,Paleologies
,Paleology
,Paleomammalogies
,Paleomammalogy
,Paleontological
,Paleontologies
,Paleontologist
,Paleontologists
,Paleontology
,Paleopathologies
,Paleopathology
,Paleornithologies
,Paleornithology
,Paleostriatums
,Paleozoic
,Paleozoologies
,Paleozoology
,Paler
,Palermo
,Pales
,Palest
,Palestine
,Palestinians
,Palestra
,Palestras
,Palestrina
,Paletiologies
,Paletiology
,Palette
,Palettes
,Paley
,Palfrey
,Palfreys
,Palikir
,Palilalia
,Palilalias
,Palimonies
,Palimony
,Palimpsest
,Palimpsested
,Palimpsesting
,Palimpsests
,Palindrome
,Palindromes
,Palindromic
,Paling
,Palingeneses
,Palingenesis
,Palingenetic
,Palings
,Palisade
,Palisaded
,Palisades
,Palisading
,Palish
,Pall
,Palladio
,Palladiums
,Pallasite
,Pallasites
,Para
,Parable
,Parabled
,Parables
,Parabling
,Parabola
,Parabolas
,Parabolic
,Parabolical
,Parabolics
,Parabolograph
,Parabolographs
,Paraboloid
,Paraboloidal
,Paraboloids
,Paracelsus
,Paracenteses
,Paracentesis
,Paracetamol
,Paracetamols
,Parachute
,Parachuted
,Parachuter
,Parachuters
,Parachutes
,Parachuting
,Parachutings
,Parachutist
,Parachutists
,Paraclete
,Paracosm
,Paracosms
,Paraded
,Parader
,Paraders
,Parades
,Paradiddle
,Paradiddled
,Paradiddles
,Paradiddling
,Paradigm
,Paradigmatic
,Paradigmatics
,Paradigms
,Parading
,Paradisaic
,Paradisaical
,Paradisal
,Paradised
,Paradises
,Paradisiac
,Paradisiacal
,Paradising
,Paradoxes
,Paradoxical
,Paradoxically
,Paraesthesia
,Paraesthesias
,Paraffin
,Paraffins
,Parafovea
,Parafoveas
,Paragliding
,Paraglidings
,Paragneiss
,Paragneisses
,Paragon
,Paragoned
,Paragoning
,Paragonite
,Paragonites
,Paragons
,Paragram
,Paragrams
,Paragraphed
,Paragrapher
,Paragraphers
,Paragraphing
,Paragraphs
,Paraguay
,Paraguayan
,Paraguayans
,Parahoma
,Parahomas
,Parakeet
,Parakeets
,Paralanguage
,Paralanguages
,Paraldehyde
,Paraldehydes
,Paralegal
,Paralegals
,Paraleipses
,Paraleipsis
,Paralepses
,Inspan
,Inspanned
,Inspanning
,Inspans
,Inspect
,Inspected
,Inspecting
,Inspections
,Inspectorate
,Inspectorates
,Inspectors
,Inspectorship
,Inspectorships
,Inspects
,Inspirational
,Inspirationally
,Inspirationals
,Inspirations
,Inspiratory
,Inspirer
,Inspirers
,Inspires
,Inspirit
,Inspirited
,Inspiriting
,Inspirits
,Inspissate
,Inspissated
,Inspissates
,Inspissating
,Inspissation
,Inspissations
,Okla
,Oklahoman
,Oklahomans
,Indianan
,Indianans
,Indianapolis
,Indianian
,Indicant
,Indicants
,Indications
,Indicative
,Indicatively
,Indicatives
,Indicator
,Indicators
,Indicatory
,Indices
,Indict
,Indictabilities
,Indictability
,Indictable
,Indicted
,Indicting
,Indiction
,Indictions
,Indictment
,Indictments
,Indicts
,Indies
,Indifference
,Indifferences
,Indifferent
,Indifferently
,Indifferents
,Indigen
,Indigence
,Indigences
,Indigene
,Indigenes
,Indigenously
,Indigenousness
,Indigenousnesses
,Indigens
,Indigent
,Indigently
,Indigents
,Indigestibilities
,Indigestibility
,Indigestible
,Indigestibleness
,Indigestiblenesses
,Indigestibles
,Indigestion
,Indigestions
,Indignant
,Indignantly
,Indignation
,Indignations
,Indignities
,Indignity
,Indigo
,Indigoes
,Indigotin
,Indigotins
,Indinavir
,Indinavirs
,Indio
,Indira
,Indirected
,Indirecting
,Indirection
,Indirections
,Indirectly
,Indirectness
,Indirectnesses
,Indirects
,Indiscernibilities
,Indiscernibility
,Indiscernible
,Indiscernibles
,Indiscipline
,Indisciplines
,Indiscreet
,Indiscreetly
,Indiscreetness
,Indiscreetnesses
,Indiscrete
,Indiscretion
,Indiscretions
,Indiscriminate
,Indiscriminately
,Hacek
,Haceks
,Hachure
,Hachured
,Hachures
,Hachuring
,Hacienda
,Haciendas
,Hackamore
,Hackamores
,Hackathon
,Hackathons
,Hackberries
,Hackberry
,Hackbut
,Hackbuts
,Hacked
,Hackee
,Hackees
,Hacker
,Hackers
,Hacking
,Hackish
,Hackle
,Hackled
,Hackles
,Hackleses
,Hackling
,Hackmatack
,Hackmatacks
,Hackney
,Hackneyed
,Hackneying
,Hackneys
,Hacks
,Hacksaw
,Hacksawed
,Hacksawing
,Hacksaws
,Hacktivist
,Hacktivists
,Hackwork
,Hackworks
,Phragmacone
,Phragmacones
,Phragmocone
,Phragmocones
,Phrasal
,Phrasaler
,Phrasalest
,Phrasebook
,Phrasebooks
,Phrased
,Phraseologies
,Phraseology
,Phrases
,Phrasing
,Phrasings
,Phratries
,Phratry
,Phreaking
,Phreatic
,Phrenetic
,Phrenetics
,Phrenic
,Phrenitis
,Phrenitises
,Phrenological
,Phrenologies
,Phrenologist
,Phrenologists
,Phrenology
,Phrontisteries
,Phrontistery
,Phrygia
,Oked
,Okeechobee
,Okefenokee
,Okeh
,Okehs
,Oker
,Okest
,Okey
,Okeys
,Beiderbecke
,Beige
,Beigel
,Beigels
,Beiger
,Beiges
,Beigest
,Beignet
,Beignets
,Beingness
,Beingnesses
,Beirut
,Inane
,Inanelier
,Inaneliest
,Inanely
,Inaner
,Inanes
,Inanest
,Inanimacies
,Inanimacy
,Inanimate
,Inanimated
,Inanimately
,Inanimateness
,Inanimatenesses
,Inanimates
,Inanimating
,Inanities
,Inanition
,Inanitions
,Inanity
,Gonad
,Gonadal
,Gonadotrophic
,Gonadotrophin
,Gonadotrophins
,Gonadotropic
,Gonadotropin
,Gonadotropins
,Gonads
,Gondola
,Gondolas
,Gondolier
,Gondoliere
,Gondolieres
,Gondoliers
,Gondwanaland
,Goner
,Goners
,Gonest
,Gong
,Gonged
,Gonging
,Gongs
,Gonif
,Goniff
,Goniffs
,Gonifs
,Goniometer
,Goniometers
,Gonion
,Gonions
,Gonioscopies
,Gonioscopy
,Gonk
,Gonks
,Gonococcus
,Gonococcuses
,Gonorrhea
,Gonorrheal
,Gonorrheas
,Gonorrhoea
,Gonorrhoeas
,Gonzales
,Gonzalez
,Gonzalo
,Gonzo
,Gonzoer
,Gonzoest
,Gonzos
,Kingbird
,Kingbirds
,Kingbolt
,Kingbolts
,Kingcup
,Kingcups
,Kingdoms
,Kinged
,Kingfish
,Kingfisher
,Kingfishers
,Kinging
,Kinglet
,Kinglets
,Kinglier
,Kingliest
,Kinglike
,Kingly
,Kingmaker
,Kingmakers
,Kingpin
,Kingpins
,Kingship
,Kingships
,Kingsnake
,Kingsnakes
,Kingsport
,Kingston
,Kingstown
,Kingwood
,Kingwoods
,Nazarene
,Nazareth
,Nazca
,Nazier
,Naziest
,Nazified
,Nazifies
,Nazify
,Nazifying
,Nazis
,Nazism
,Bedamn
,Bedamned
,Bedamning
,Bedamns
,Bedaub
,Bedaubed
,Bedaubing
,Bedaubs
,Bedaze
,Bedazed
,Bedazes
,Bedazing
,Bedazzle
,Bedazzled
,Bedazzlement
,Bedazzles
,Bedazzling
,Bedbug
,Bedbugs
,Bedchamber
,Bedchambers
,Bedclothes
,Bedclotheses
,Bedcover
,Bedcovers
,Bedded
,Bedder
,Bedders
,Bedding
,Beddings
,Bede
,Bedeck
,Bedecked
,Bedecking
,Bedecks
,Bedesman
,Bedesmen
,Bedeswoman
,Bedeswomen
,Raucous
,Raucouslier
,Raucousliest
,Raucously
,Raucousness
,Raul
,Raunch
,Raunches
,Raunchier
,Raunchiest
,Raunchily
,Raunchiness
,Raunchy
,Rauvolfia
,Rauvolfias
,Rauwolfia
,Rauwolfias
,Sayeret
,Sayerets
,Sayers
,Sayings
,Sayonara
,Sayonaras
,Cuscus
,Cuscuses
,Cushat
,Cushats
,Cushaw
,Cushaws
,Cushier
,Cushiest
,Cushion
,Cushioned
,Cushionier
,Cushioniest
,Cushioning
,Cushionings
,Cushions
,Cushiony
,Cushy
,Cusk
,Cusks
,Cusp
,Cuspate
,Cuspated
,Cuspateder
,Cuspatedest
,Cuspater
,Cuspatest
,Cusped
,Cuspeder
,Cuspedest
,Cuspid
,Cuspidal
,Cuspidate
,Cuspidated
,Cuspidation
,Cuspidations
,Cuspidor
,Cuspidors
,Cuspids
,Cusping
,Cusps
,Cuss
,Cussed
,Cusseder
,Cussedest
,Cussedlier
,Cussedliest
,Cussedly
,Cussedness
,Cussednesses
,Cusses
,Cussing
,Custard
,Custards
,Custer
,Custodial
,Custodian
,Custodians
,Custodianship
,Custodianships
,Custodies
,Customaries
,Customarily
,Customariness
,Customarinesses
,Customary
,Customhouse
,Customhouses
,Customise
,Customised
,Customises
,Customising
,Customizable
,Customization
,Customize
,Customized
,Customizes
,Customizing
,Customshouse
,Customshouses
,Customss
,Ordain
,Ordained
,Ordainer
,Ordainers
,Ordaining
,Ordainment
,Ordains
,Ordeal
,Ordeals
,Ordereder
,Orderedest
,Orderer
,Orderers
,Orderings
,Orderlier
,Orderlies
,Orderliest
,Orderliness
,Orderlinesses
,Orderly
,Ordinal
,Ordinals
,Ordinance
,Ordinances
,Ordinand
,Ordinands
,Ordinaries
,Ordinarily
,Ordinariness
,Ordinarinesses
,Ordinate
,Ordinated
,Ordinates
,Ordinating
,Ordination
,Ordinations
,Ordnance
,Ordnances
,Ordovician
,Ordure
,Ordures
,Slipcase
,Slipcases
,Slipcover
,Slipcovers
,Slipknot
,Slipknots
,Slipover
,Slipovers
,Slippage
,Slippages
,Slipped
,Slipper
,Slippered
,Slippereder
,Slipperedest
,Slipperier
,Slipperiest
,Slipperiness
,Slipperinesses
,Slippering
,Slippers
,Slipperwort
,Slipperworts
,Slippery
,Slippier
,Slippiest
,Slipping
,Slippings
,Slippy
,Slips
,Slipshod
,Slipstick
,Slipsticks
,Slipstream
,Slipstreams
,Slipway
,Slipways
,Sine
,Sinecure
,Sinecured
,Sinecures
,Sinecuring
,Sines
,Sinew
,Sinewed
,Sinewier
,Sinewiest
,Sinewing
,Sinews
,Sinewy
,Dryad
,Dryads
,Dryden
,Drydock
,Drydocked
,Drydocking
,Drydocks
,Dryer
,Dryers
,Drygoods
,Drygoodss
,Drying
,Drylier
,Dryliest
,Dryly
,Dryness
,Drynesses
,Dryopithecine
,Dryopithecines
,Drypis
,Drypiss
,Drys
,Drywall
,Drywalls
,Viraemia
,Viraemias
,Virago
,Viragoes
,Virals
,Viremia
,Viremias
,Vireo
,Vireos
,Virga
,Virgas
,Virgie
,Virgil
,Virginal
,Virginals
,Virginian
,Virginians
,Virginities
,Virginity
,Virgins
,Virgo
,Virgos
,Virgule
,Virgules
,Viricidal
,Viricide
,Viricides
,Viridities
,Viridity
,Virile
,Viriler
,Virilest
,Virilisation
,Virilisations
,Virilise
,Virilised
,Virilises
,Virilising
,Virilism
,Virilisms
,Virilities
,Virility
,Virilization
,Virilizations
,Virilize
,Virilized
,Virilizes
,Virilizing
,Virino
,Virinoes
,Virinos
,Virion
,Virions
,Viroid
,Viroids
,Virological
,Virologies
,Virologist
,Virologists
,Virology
,Virtu
,Virtualization
,Virtuals
,Virtue
,Virtues
,Virtuosities
,Virtuosity
,Virtuoso
,Virtuosos
,Virtuous
,Virtuously
,Virtuousness
,Virtuousnesses
,Virtus
,Virucidal
,Virucide
,Virucides
,Virulence
,Virulences
,Virulencies
,Virulency
,Virulent
,Virulently
,Viruses
,Virusoid
,Virusoids
,Thu
,Thucydides
,Thud
,Thudded
,Thudding
,Thuddings
,Thuds
,Thug
,Thugged
,Thuggee
,Thuggees
,Thuggeries
,Thuggery
,Thugging
,Thuggish
,Thugs
,Thule
,Thuliums
,Thumbed
,Thumbeder
,Thumbedest
,Thumbhole
,Thumbholes
,Thumbing
,Thumbnail
,Thumbnailed
,Thumbnailing
,Thumbnails
,Thumbnut
,Thumbnuts
,Thumbprint
,Thumbprints
,Thumbs
,Thumbscrew
,Thumbscrews
,Thumbstall
,Thumbstalls
,Thumbtack
,Thumbtacked
,Thumbtacking
,Thumbtacks
,Thump
,Thumped
,Thumping
,Thumpings
,Thumps
,Thunderbird
,Thunderbirds
,Thunderbolt
,Thunderbolts
,Thunderclap
,Thunderclapped
,Thunderclapping
,Thunderclaps
,Thundercloud
,Thunderclouds
,Thundered
,Thunderer
,Thunderers
,Thunderhead
,Thunderheads
,Thunderier
,Thunderiest
,Thundering
,Thunderings
,Thunderous
,Thunderously
,Thunderousness
,Thunderousnesses
,Thunders
,Thundershower
,Thundershowers
,Thunderstorm
,Thunderstorms
,Thunderstruck
,Thundery
,Thunk
,Thunks
,Thurber
,Thurible
,Thuribles
,Thurifer
,Thurifers
,Thurified
,Thurifies
,Thurify
,Thurifying
,Thurman
,Thurmond
,Thursdays
,Thuser
,Thuses
,Thusest
,Thuslier
,Thusliest
,Thusly
,Thutmose
,Mallard
,Mallards
,Mallarme
,Malleabilities
,Malleability
,Malleable
,Mallee
,Mallees
,Mallet
,Malleted
,Malleting
,Mallets
,Malleus
,Malleuses
,Mallomars
,Mallory
,Mallow
,Mallows
,Malls
,Engagements
,Engages
,Engagingly
,Engelmannia
,Engelmannias
,Engels
,Engender
,Engendered
,Engendering
,Engenders
,Engild
,Engilded
,Engilding
,Engilds
,Engined
,Engineered
,Engineerings
,Engineries
,Enginery
,Engining
,Englishes
,Englishman
,Englishmen
,Englishwoman
,Englishwomen
,Englut
,Engluted
,Engluting
,Engluts
,Engraves
,Engraving
,Engravings
,Engross
,Engrossed
,Engrosses
,Engrossing
,Engrossings
,Engrossment
,Engrossments
,Engulf
,Engulfed
,Engulfing
,Engulfment
,Engulfs
,Englutted
,Englutting
,Engobe
,Engobes
,Engorge
,Engorged
,Engorgement
,Engorgements
,Engorges
,Engorging
,Engraft
,Engrafted
,Engrafting
,Engrafts
,Engram
,Engrams
,Engrave
,Engraved
,Engraver
,Engravers
,Yardage
,Yardages
,Yardarm
,Yardarms
,Yardbird
,Yardbirds
,Yarded
,Yarder
,Yarders
,Yardgrass
,Yardgrasses
,Yardie
,Yardies
,Yarding
,Yardman
,Yardmaster
,Yardmasters
,Yardmen
,Yardstick
,Yardsticks
,Yardwoman
,Yardwomen
,Maya
,Mayan
,Mayapple
,Mayapples
,Mayber
,Maybes
,Maybest
,Mayday
,Maydays
,Mayeng
,Mayengs
,Mayer
,Mayfair
,Mayfish
,Mayflies
,Mayflower
,Mayflowers
,Mayfly
,Mayhap
,Mayhaw
,Mayhaws
,Mayhem
,Mayhems
,Mayidism
,Mayidisms
,Maynard
,Mayo
,Mayoes
,Mayonnaise
,Mayonnaises
,Mayoral
,Mayoralties
,Mayoralty
,Mayoress
,Mayoresses
,Mayors
,Maypole
,Maypoles
,Maypop
,Maypops
,Mayra
,Mays
,Maytag
,Mayweed
,Mayweeds
,Coon
,Coondog
,Coondogs
,Cooned
,Coonhound
,Coonhounds
,Cooning
,Coons
,Coonskin
,Coonskins
,Coontie
,Coonties
,Sases
,Sash
,Sasha
,Sashay
,Sashayed
,Sashaying
,Sashays
,Sashed
,Sashes
,Sashimi
,Sashimis
,Sashing
,Saskatchewan
,Saskatoon
,Saskatoons
,Sasquatch
,Sasquatches
,Sass
,Sassabies
,Sassaby
,Sassafras
,Sassafrases
,Sassanian
,Sassed
,Sasses
,Sassier
,Sassiest
,Sassing
,Sassings
,Sassoon
,Sassy
,Mesa
,Mesabi
,Mesalliance
,Mesalliances
,Mesas
,Mescal
,Mescalin
,Mescaline
,Mescalines
,Mescals
,Mesdames
,Mesencephalon
,Mesencephalons
,Mesenchyme
,Mesenchymes
,Mesenteric
,Mesenteries
,Mesentery
,Mesh
,Meshed
,Mesheder
,Meshedest
,Meshes
,Meshing
,Meshings
,Meshuga
,Meshugaas
,Meshugaass
,Meshugga
,Meshugge
,Meshuggeneh
,Meshuggenehs
,Meshuggener
,Meshuggeners
,Meshwork
,Meshworks
,Mesial
,Mesic
,Mesmer
,Mesmeric
,Mesmerise
,Mesmerised
,Mesmerises
,Mesmerising
,Mesmerism
,Mesmerisms
,Mesmerist
,Mesmerists
,Mesmerize
,Mesmerized
,Mesmerizer
,Mesmerizers
,Mesmerizes
,Mesmerizing
,Mesoblast
,Mesoblastic
,Mesoblasts
,Mesocarp
,Mesocarps
,Mesocolon
,Mesocolons
,Mesoderm
,Mesodermal
,Mesoderms
,Mesohippus
,Mesohippuses
,Mesolithic
,Mesomorph
,Mesomorphic
,Mesomorphies
,Mesomorphs
,Mesomorphy
,Meson
,Mesonic
,Mesons
,Mesophyron
,Mesophyrons
,Mesophyte
,Mesophytes
,Mesophytic
,Mesopotamia
,Mesopotamian
,Mesosphere
,Mesospheres
,Mesothelioma
,Mesotheliomas
,Mesotheliums
,Mesotron
,Mesotrons
,Mesozoic
,Mesquit
,Mesquite
,Mesquites
,Mesquits
,Messaged
,Messaging
,Messagings
,Messeigneurs
,Messenger
,Messengered
,Messengering
,Messengers
,Messerschmidt
,Messes
,Messiaen
,Messiah
,Messiahs
,Messiahship
,Messiahships
,Messianic
,Messier
,Messiest
,Messieurs
,Messilier
,Messiliest
,Messily
,Messiness
,Messinesses
,Messing
,Messmate
,Messmates
,Messuage
,Messuages
,Messy
,Mestiza
,Mestizas
,Mestizo
,Mestizoes
,Mestizos
,Mestranol
,Mestranols
,Meta
,Metabola
,Metabolas
,Metabolic
,Metabolically
,Metabolics
,Metabolise
,Metabolised
,Metabolises
,Metabolising
,Metabolism
,Metabolisms
,Metabolite
,Metabolites
,Metabolize
,Metabolized
,Metabolizes
,Metabolizing
,Metabolous
,Metacarpal
,Metacarpals
,Metacarpi
,Metacarpus
,Metacarpuses
,Metacenter
,Metacenters
,Metacentre
,Metacentres
,Metacentric
,Metacentrics
,Metacyeses
,Metacyesis
,Metadata
,Metadatas
,Metageneses
,Metagenesis
,Metagrabolised
,Metagrabolized
,Metagrobolised
,Dvds
,Dvina
,Dvorak
,Tis
,Tisane
,Tisanes
,Tisha
,Tishri
,Tissued
,Tissues
,Tissuing
,Exhalation
,Exhalations
,Exhale
,Exhaled
,Exhales
,Exhaling
,Exhaust
,Exhaustible
,Exhausting
,Exhaustion
,Exhaustions
,Exhaustive
,Exhaustively
,Exhaustiveness
,Exhausts
,Exhibited
,Exhibiting
,Exhibitioner
,Exhibitioners
,Exhibitionism
,Exhibitionisms
,Exhibitionist
,Exhibitionistic
,Exhibitionists
,Exhibitions
,Exhibitor
,Exhibitors
,Exhibits
,Exhilarate
,Exhilarated
,Exhilarates
,Exhilarating
,Exhilaration
,Exhilarations
,Exhort
,Exhortation
,Exhortations
,Exhortative
,Exhortatives
,Exhortatory
,Exhorted
,Exhorting
,Exhorts
,Exhumation
,Exhumations
,Exhume
,Exhumed
,Exhumes
,Exhuming
,Zwieback
,Zwiebacks
,Zwingli
,Zworykin
,Semantic
,Semantically
,Semanticist
,Semanticists
,Semantics
,Semanticss
,Semaphore
,Semaphored
,Semaphores
,Semaphoring
,Semarang
,Semasiologies
,Semasiology
,Semblance
,Semblances
,Semen
,Semens
,Semesters
,Semestral
,Semestraler
,Semestralest
,Semestrial
,Semiabstract
,Semiannual
,Semiannually
,Semiannuals
,Semiaquatic
,Semiarid
,Semiautobiographical
,Semiautomatic
,Semiautomatics
,Semibreve
,Semibreves
,Semicentenaries
,Semicentenary
,Semicentennial
,Semicentennials
,Semicircle
,Semicircles
,Semicircular
,Semicoke
,Semicokes
,Semicolon
,Semicolons
,Semicoma
,Semicomas
,Semicomatose
,Semiconducting
,Semiconductive
,Semiconductor
,Semiconductors
,Semiconscious
,Semiconsciousness
,Semiconsciousnesses
,Semidark
,Semidarkness
,Semidarknesses
,Semidesert
,Semideserts
,Semidetached
,Semidetacheds
,Semidiameter
,Semidiameters
,Semiempirical
,Semiepiphyte
,Semiepiphytes
,Semifinal
,Semifinalist
,Semifinalists
,Semifinals
,Semifluidities
,Semifluidity
,Semiformal
,Semigloss
,Semiglosses
,Semihard
,Semilegalities
,Semilegality
,Semiliquid
,Semiliquids
,Semiliterate
,Semiliterates
,Semilunar
,Semilunars
,Semimonthlies
,Semimonthly
,Seminal
,Seminals
,Seminar
,Seminarian
,Seminarians
,Seminaries
,Seminarist
,Seminarists
,Seminars
,Seminary
,Seminiferous
,Seminole
,Maleate
,Maleates
,Maleberries
,Maleberry
,Maledict
,Maledicted
,Maledicting
,Malediction
,Maledictions
,Maledicts
,Malefaction
,Malefactor
,Malefactors
,Malefic
,Maleficence
,Maleficences
,Maleficent
,Malefics
,Malemute
,Malemutes
,Maleness
,Malenesses
,Maleo
,Maleos
,Maler
,Malest
,Malevolence
,Malevolences
,Malevolencies
,Malevolency
,Malevolent
,Malevolentlier
,Malevolentliest
,Malevolently
,Monosaccharide
,Monosaccharides
,Monosaccharose
,Monosaccharoses
,Monosemies
,Monosemous
,Monosemy
,Monosomies
,Monosomy
,Monosyllabic
,Monosyllabically
,Monosyllabics
,Monosyllable
,Monosyllables
,Maw
,Mawkish
,Mawkishlier
,Mawkishliest
,Mawkishly
,Mawkishness
,Mawkishnesses
,Maws
,Mids
,Midseason
,Midsection
,Midsections
,Midshipman
,Midshipmen
,Midships
,Midshipwoman
,Midshipwomen
,Midsize
,Midspread
,Midspreads
,Midst
,Midstream
,Midstreams
,Midsts
,Midsummer
,Midsummers
,Weathers
,Weatherstrip
,Weatherstriped
,Weatherstriping
,Weatherstripped
,Weatherstripping
,Weatherstrippings
,Weatherstrips
,Corks
,Corkscrew
,Corkscrewed
,Corkscrewing
,Corkscrews
,Reoccupation
,Reoccupied
,Reoccupies
,Reoccupy
,Reoccupying
,Reoccur
,Reoccurred
,Reoccurring
,Reoccurs
,Reoffend
,Reopen
,Reopened
,Reopening
,Reopens
,Reorder
,Reordered
,Reordering
,Reorderings
,Reorders
,Reorg
,Reorganisation
,Reorganisations
,Reorganise
,Reorganised
,Reorganises
,Reorganising
,Reorganization
,Reorganizations
,Reorganize
,Reorganized
,Reorganizes
,Reorganizing
,Reorged
,Reorging
,Reorgs
,Reorient
,Reorientate
,Reorientated
,Reorientates
,Reorientating
,Reorientation
,Reorientations
,Reoriented
,Reorienting
,Reorients
,Reovirus
,Reoviruses
,Desacralize
,Desacralized
,Desacralizes
,Desacralizing
,Desalinate
,Desalinated
,Desalinates
,Desalinating
,Desalination
,Desalinations
,Desalinisation
,Desalinisations
,Desalinise
,Desalinised
,Desalinises
,Desalinising
,Desalinization
,Desalinizations
,Desalinize
,Desalinized
,Urticaria
,Urticarias
,Urticate
,Urticated
,Urticates
,Urticating
,Urtication
,Urtications
,Toyboy
,Toyboys
,Toyed
,Toying
,Toyings
,Toymaker
,Toymakers
,Toynbee
,Toyoda
,Toyon
,Toyons
,Toyota
,Toyshop
,Toyshops
,Reinoculate
,Reinoculated
,Reinoculates
,Reinoculating
,Goatsbeard
,Goatsbeards
,Goatsfeet
,Goatsfoot
,Goatskin
,Goatskins
,Goatsucker
,Goatsuckers
,Raiseable
,Raiseabler
,Raiseablest
,Raiseder
,Raisedest
,Raiser
,Raisers
,Gaza
,Gazania
,Gazanias
,Gaze
,Gazebo
,Gazeboes
,Gazebos
,Gazed
,Gazelle
,Gazelles
,Gazer
,Gazers
,Gazes
,Gazette
,Gazetted
,Gazetteer
,Gazetteered
,Gazetteering
,Gazetteers
,Gazettes
,Gazetting
,Gaziantep
,Gazillion
,Gazillions
,Gazing
,Gazpacho
,Gazpachoes
,Gazump
,Gazumped
,Gazumping
,Gazumps
,Luxate
,Luxated
,Luxates
,Luxating
,Luxation
,Luxations
,Luxe
,Luxed
,Luxembourg
,Luxembourger
,Luxembourgers
,Luxembourgian
,Luxer
,Luxes
,Luxest
,Luxing
,Luxuria
,Luxuriance
,Luxuriances
,Luxuriant
,Luxuriantly
,Luxurias
,Luxuriate
,Luxuriated
,Luxuriates
,Luxuriating
,Luxuriation
,Luxuriations
,Luxuries
,Luxurious
,Luxuriously
,Luxuriousness
,Luxuriousnesses
,Ngultrums
,Nguyen
,Ngwee
,Ngwees
,Lbj
,Tot
,Totaled
,Totaleder
,Totaledest
,Totaler
,Totalest
,Totaling
,Totalisator
,Totalisators
,Totalise
,Totalised
,Totaliser
,Totalisers
,Totalises
,Totalising
,Totalism
,Totalisms
,Totalistic
,Totalitarian
,Totalitarianism
,Totalitarianisms
,Totalitarians
,Totalities
,Totality
,Totalizator
,Totalizators
,Totalize
,Totalized
,Totalizer
,Totalizers
,Totalizes
,Totalizing
,Totalled
,Totalleder
,Totalledest
,Totallier
,Totalliest
,Totalling
,Totals
,Totara
,Totaras
,Tote
,Toted
,Totem
,Totemic
,Totemism
,Totemisms
,Totemist
,Totemists
,Totems
,Toter
,Toters
,Totes
,Toting
,Totipotence
,Totipotences
,Totipotencies
,Totipotency
,Totipotent
,Toto
,Tots
,Totted
,Totter
,Tottered
,Totterer
,Totterers
,Totterier
,Totteriest
,Tottering
,Totterings
,Totters
,Tottery
,Totting
,Supra
,Supraer
,Supraest
,Suprainfection
,Suprainfections
,Supranational
,Supranationals
,Supranormal
,Supraocular
,Supraoculars
,Supraorbital
,Supraorbitals
,Suprarenalectomies
,Suprarenalectomy
,Supras
,Suprasegmental
,Suprasegmentals
,Citadel
,Citadels
,Citation
,Citations
,Cite
,Cites
,Cither
,Cithern
,Citherns
,Cithers
,Citibank
,Citified
,Citifies
,Citify
,Citifying
,Citigroup
,Citing
,Citizenries
,Citizenry
,Citizenships
,Citole
,Citoles
,Citrange
,Citranges
,Citrate
,Citrated
,Citrates
,Citrating
,Citric
,Citrin
,Citrine
,Citrines
,Citrins
,Citroen
,Citron
,Citronella
,Citrons
,Citronwood
,Citronwoods
,Citrous
,Citrulline
,Citrullines
,Citrus
,Citruses
,Citrusy
,Cittern
,Citterns
,Cityfied
,Cityscape
,Cityscapes
,Citywide
,Citywides
,Didactic
,Didactical
,Didactically
,Didacticism
,Didacticisms
,Didactics
,Didacticss
,Didanosine
,Didanosines
,Didder
,Diddered
,Diddering
,Didders
,Diddle
,Diddled
,Diddler
,Diddlers
,Diddles
,Diddley
,Diddleys
,Diddlies
,Diddling
,Diddly
,Diddlyshit
,Diddlyshits
,Diddlysquat
,Diddlysquats
,Diddums
,Dideoxycytosine
,Dideoxycytosines
,Dideoxyinosine
,Dideoxyinosines
,Diderot
,Didgeridoo
,Didgeridoos
,Dido
,Didoes
,Didrikson
,Dekagram
,Dekagrams
,Dekalb
,Dekaliter
,Dekaliters
,Dekalitre
,Dekalitres
,Dekameter
,Dekameters
,Dekametre
,Dekametres
,Dekko
,Dekkoes
,Dekkos
,Nylonss
,Mahabharata
,Mahagua
,Mahaguas
,Maharaja
,Maharajah
,Maharajahs
,Maharajas
,Maharanee
,Maharanees
,Maharani
,Maharanis
,Maharashtra
,Maharishi
,Maharishis
,Mahatma
,Mahatmas
,Mahavira
,Mahayana
,Mahayanist
,Tory
,Daedal
,Daedaler
,Daedalest
,Daedalus
,Daemon
,Daemonic
,Daemons
,Sib
,Sibbed
,Sibbing
,Sibelius
,Siberia
,Siberian
,Sibilant
,Sibilants
,Sibilate
,Sibilated
,Sibilates
,Sibilating
,Sibilation
,Sibilations
,Sibling
,Sibs
,Sibyl
,Sibyllic
,Sibylline
,Sibyls
,Lepta
,Leptocephalus
,Leptocephaluses
,Leptodactylid
,Leptodactylids
,Leptomeninges
,Leptomeningeses
,Leptomeningitis
,Leptomeningitises
,Lepton
,Leptons
,Leptorhine
,Leptorrhine
,Leptorrhinian
,Leptorrhinic
,Leptospira
,Leptospiras
,Leptospiroses
,Leptospirosis
,Leptosporangiate
,Leptosporangiates
,Leptosporangiums
,Leptotene
,Leptotenes
,Houseboat
,Houseboats
,Housebound
,Houseboy
,Houseboys
,Housebreak
,Housebreaked
,Housebreaker
,Housebreakers
,Housebreaking
,Housebreakings
,Housebreaks
,Housebroke
,Housebroken
,Housebuilder
,Housebuilders
,Houseclean
,Housecleaned
,Housecleaning
,Housecleanings
,Housecleans
,Housecoat
,Housecoats
,Housecraft
,Housecrafts
,Housed
,Housedog
,Housedogs
,Housefather
,Housefathers
,Houseflies
,Housefly
,Houseful
,Housefuls
,Houseguest
,Houseguests
,Householder
,Householders
,Househusband
,Househusbands
,Housekeep
,Housekeeped
,Housekeeper
,Housekeepers
,Housekeeping
,Housekeepings
,Housekeeps
,Houselights
,Houselightss
,Housemaid
,Housemaided
,Housemaiding
,Housemaids
,Houseman
,Housemaster
,Housemasters
,Housemate
,Housemates
,Housemen
,Housemistress
,Housemistresses
,Housemother
,Housemothers
,Housepaint
,Housepaints
,Houseparent
,Houseparents
,Houseplant
,Houseplants
,Houseproud
,Houseroom
,Houserooms
,Housetop
,Housetops
,Housewares
,Housewarming
,Housewarmings
,Housewife
,Housewifed
,Housewifelier
,Housewifeliest
,Housewifely
,Housewiferies
,Housewifery
,Housewifes
,Housewifing
,Housewives
,Housework
,Houseworks
,Housewrecker
,Housewreckers
,Housings
,Housman
,Nonsalaried
,Nonscheduled
,Nonscientific
,Nonscoring
,Nonseasonal
,Nonsectarian
,Nonsectarians
,Nonsecular
,Nonsegmental
,Nonsegregated
,Nonsensed
,Nonsenses
,Nonsensical
,Nonsensicalities
,Nonsensicality
,Nonsensically
,Nonsensing
,Nonsensitive
,Nonsexist
,Nonsexual
,Nonsignificant
,Nonskid
,Nonslip
,Nonsliper
,Nonslipest
,Nonslipperier
,Nonslipperiest
,Nonslippery
,Nonsmoker
,Nonsmokers
,Nonsmoking
,Nonsocial
,Nonsovereign
,Nonspatial
,Nonspeaking
,Nonspecialist
,Nonspecialists
,Nonspecializing
,Nonspecific
,Nonspecifically
,Nonspherical
,Nonspiritual
,Nonspirituals
,Nonstaining
,Nonstandard
,Nonstandardness
,Nonstandardnesses
,Nonstandards
,Nonstarter
,Nonstarters
,Nonsteroid
,Nonsteroidal
,Nonsteroidals
,Nonsteroids
,Nonstick
,Nonstop
,Nonstops
,Nonstrategic
,Nonstriking
,Nonstructural
,Nonsubjective
,Nonsubmergible
,Nonsubmersible
,Nonsuccessive
,Nonsuch
,Nonsuches
,Nonsupport
,Nonsupporting
,Nonsuppurative
,Nonsurgical
,Nonsustaining
,Nonsweet
,Nonsyllabic
,Nonsymbiotic
,Nonsympathizer
,Nonsympathizers
,Nonsynchronous
,Nonsynthetic
,Nonsynthetics
,Rot
,Rota
,Rotarian
,Rotarier
,Rotaries
,Rotariest
,Rotary
,Rotas
,Rotatable
,Rotate
,Rotated
,Rotates
,Rotating
,Rotational
,Rotationally
,Rotationals
,Rotations
,Rotatory
,Rotavirus
,Rotaviruses
,Rotc
,Rote
,Roted
,Rotenone
,Rotenones
,Rotes
,Rotgut
,Rotguts
,Roth
,Rothko
,Rothschild
,Roti
,Rotifer
,Rotifers
,Roting
,Rotini
,Rotis
,Rotisserie
,Rotisseried
,Rotisserieing
,Rotisseries
,Rotl
,Rotls
,Rotogravure
,Rotogravures
,Rotor
,Rotors
,Rototiller
,Rototillers
,Rots
,Rotted
,Rotten
,Rottener
,Rottenest
,Rottenlier
,Rottenliest
,Rottenly
,Rottenness
,Rottennesses
,Rottenstone
,Rottenstoned
,Rottenstones
,Rottenstoning
,Rotter
,Rotterdam
,Rotters
,Rotting
,Rottings
,Rottweiler
,Rottweilers
,Rotund
,Rotunda
,Rotundas
,Rotunder
,Rotundest
,Rotundities
,Rotundity
,Rotundlier
,Rotundliest
,Rotundly
,Rotundness
,Rotundnesses
,Uptake
,Uptaken
,Uptakes
,Uptaking
,Uptempo
,Upthrew
,Upthrow
,Upthrowing
,Upthrown
,Upthrows
,Upthrust
,Upthrusting
,Upthrusts
,Uptick
,Upticks
,Uptight
,Uptighter
,Uptightest
,Uptights
,Uptime
,Uptimes
,Upton
,Uptook
,Uptown
,Uptowns
,Uptrend
,Upturn
,Upturned
,Upturning
,Upturns
,Zed
,Zedded
,Zedding
,Zedekiah
,Zedong
,Zeds
,Sedan
,Sedans
,Sedate
,Sedated
,Sedatelier
,Sedateliest
,Sedately
,Sedateness
,Sedatenesses
,Sedater
,Sedates
,Sedatest
,Sedating
,Sedation
,Sedations
,Sedative
,Sedatives
,Sedentarier
,Sedentaries
,Sedentariest
,Sedentary
,Seder
,Sedge
,Sedgelike
,Sedgeliker
,Sedgelikest
,Sedges
,Sedgier
,Sedgiest
,Sedgy
,Sediment
,Sedimentaries
,Sedimentary
,Sedimentation
,Sedimentations
,Sedimented
,Sedimenting
,Sediments
,Sedition
,Seditions
,Seditious
,Sedna
,Seduce
,Seduced
,Seducer
,Seducers
,Seduces
,Seducing
,Seduction
,Seductions
,Seductive
,Seductively
,Seductiveness
,Seductress
,Seductresses
,Sedulities
,Sedulity
,Sedulous
,Sedulously
,Sedulousness
,Sedulousnesses
,Sedums
,Zeroed
,Zeroes
,Zeroing
,Zeros
,Zeroth
,Zerother
,Zerothest
,Yahoo
,Yahooed
,Yahooing
,Yahoos
,Yahtzee
,Yahweh
,Etiolate
,Etiolated
,Etiolates
,Etiolating
,Etiolation
,Etiolations
,Etiologic
,Etiological
,Etiologies
,Etiologist
,Etiologists
,Etiology
,Etiquette
,Etiquettes
,Zest
,Zested
,Zestful
,Zestfullier
,Zestfulliest
,Zestfully
,Zestfulness
,Zestfulnesses
,Zestier
,Zestiest
,Zestilier
,Zestiliest
,Zestily
,Zesting
,Zests
,Zesty
,Gesneria
,Gesneriad
,Gesneriads
,Gesnerias
,Gesso
,Gessoes
,Gestalt
,Gestalts
,Gestapo
,Gestapos
,Gestate
,Gestated
,Gestates
,Gestating
,Gestation
,Gestational
,Gestations
,Gesticulate
,Gesticulated
,Gesticulates
,Gesticulating
,Gesticulation
,Gesticulations
,Gestural
,Gesture
,Gestured
,Gestures
,Gesturing
,Gesundheit
,Padang
,Padauk
,Padauks
,Padded
,Padder
,Padders
,Paddies
,Padding
,Paddings
,Paddle
,Paddled
,Paddlefish
,Paddler
,Paddlers
,Paddles
,Paddlewheel
,Paddlewheels
,Paddling
,Paddock
,Paddocked
,Paddocking
,Paddocks
,Paddy
,Paddymelon
,Paddymelons
,Pademelon
,Pademelons
,Paderewski
,Padilla
,Padlock
,Padlocked
,Padlocking
,Padlocks
,Padouk
,Padouks
,Padre
,Padres
,Padrone
,Padrones
,Toxaemia
,Toxaemias
,Toxemia
,Toxemias
,Toxicant
,Toxicants
,Toxicities
,Toxicity
,Toxicognath
,Toxicognaths
,Toxicologic
,Toxicological
,Toxicologies
,Toxicologist
,Toxicologists
,Toxicology
,Toxin
,Toxins
,Toxoid
,Toxoids
,Toxoplasmoses
,Toxoplasmosis
,Noma
,Nomad
,Nomadic
,Nomadism
,Nomadisms
,Nomads
,Nomas
,Nombril
,Nombrils
,Nome
,Nomenclature
,Nomenclatures
,Nomenklatura
,Nomenklaturas
,Nominal
,Nominalism
,Nominalisms
,Nominalist
,Nominalistic
,Nominalists
,Nominally
,Nominals
,Nominate
,Nominates
,Nominating
,Nominations
,Nominative
,Nominatives
,Nominator
,Nominators
,Nominee
,Nominees
,Nomogram
,Nomograms
,Nomograph
,Nomographs
,Nomothetic
,Rouse
,Roused
,Rouser
,Rousers
,Rouses
,Rousing
,Rousings
,Rousseau
,Roust
,Roustabout
,Roustabouts
,Rousted
,Rousting
,Rousts
,Kroc
,Kroger
,Krona
,Kronas
,Krone
,Kronecker
,Kroner
,Krones
,Kronur
,Kroon
,Kroons
,Kropotkin
,Limn
,Limned
,Limner
,Limners
,Limnimeter
,Limnimeters
,Limning
,Limnings
,Limnological
,Limnologically
,Limnologies
,Limnologist
,Limnologists
,Limnology
,Limns
,Gao
,Gaol
,Gaolbird
,Gaolbirds
,Gaolbreak
,Gaolbreaks
,Gaoled
,Gaoler
,Gaolers
,Gaoling
,Gaols
,Pelecypod
,Pelecypodous
,Pelecypods
,Kaffeeklatch
,Kaffeeklatches
,Kaffeeklatsch
,Kaffeeklatsches
,Kaffir
,Kaffirs
,Kaffiyeh
,Kaffiyehs
,Kafir
,Kafirs
,Kafka
,Kafkaesque
,Kafkaesquer
,Kafkaesquest
,Kaftan
,Kaftans
,Lovesicknesses
,Lovechildren
,Lovelinesses
,Lovesickness
,Lovelornest
,Lovemakings
,Loveliness
,Lovelorner
,Lovemaking
,Loverliest
,Lovestruck
,Lovebirds
,Lovechild
,Lovecraft
,Loveliest
,Lovelorns
,Loverlier
,Loverlike
,Loveseats
,Loveable
,Che
,Cheapen
,Cheapened
,Cheapening
,Cheapens
,Cheapest
,Cheapjack
,Cheapjacks
,Cheaplier
,Cheapliest
,Cheaply
,Cheapness
,Cheapnesses
,Cheapo
,Cheapskate
,Cheapskates
,Cheated
,Cheater
,Cheaters
,Cheatgrass
,Cheatgrasses
,Cheatings
,Cheats
,Chebab
,Chebabs
,Chechen
,Chechnya
,Checkable
,Checkbook
,Checkbooks
,Checkeder
,Checkedest
,Checker
,Gosh
,Goshawk
,Goshawks
,Gosling
,Goslings
,Gosmore
,Gosmores
,Gospeler
,Gospelers
,Gospelled
,Gospeller
,Gospellers
,Gospelling
,Gospels
,Gossamer
,Gossamers
,Gossip
,Gossiped
,Gossiper
,Gossipers
,Gossipier
,Gossipiest
,Gossiping
,Gossipings
,Gossipmonger
,Gossipmongering
,Gossipmongerings
,Gossipmongers
,Gossipped
,Gossipping
,Gossips
,Gossipy
,Topaz
,Topazes
,Topcoat
,Topcoated
,Topcoating
,Topcoats
,Topdress
,Topdressed
,Topdresses
,Topdressing
,Topdressings
,Tope
,Toped
,Topee
,Topees
,Topeka
,Toper
,Topers
,Topes
,Topest
,Topflight
,Topgallant
,Topgallants
,Tophus
,Tophuses
,Topi
,Topiaries
,Topiary
,Topical
,Topicalities
,Topicality
,Topicalization
,Topicalizations
,Topicalize
,Topicalized
,Topicalizes
,Topicalizing
,Topically
,Alma
,Almach
,Almanac
,Almanacs
,Almandine
,Almandines
,Almandite
,Almandites
,Almaty
,Almightier
,Almightiest
,Almighty
,Almohad
,Almond
,Almonds
,Almoner
,Almoners
,Almoravid
,Almosts
,Alms
,Almsgiver
,Almsgivers
,Almsgiving
,Almsgivings
,Almshouse
,Almshouses
,Almss
,Gis
,Giselle
,Gish
,Gismo
,Gismoes
,Gismos
,Gist
,Gisted
,Gisting
,Gists
,Logagraphia
,Logagraphias
,Loganberries
,Loganberry
,Logarithm
,Logarithmic
,Logarithmically
,Logarithms
,Logbook
,Logbooks
,Loge
,Loges
,Logged
,Logger
,Loggerhead
,Loggerheaded
,Loggerheads
,Loggers
,Loggia
,Loggias
,Logginess
,Logginesses
,Logging
,Loggings
,Logicalities
,Logicality
,Logically
,Logicalness
,Logicalnesses
,Logician
,Logicians
,Logicism
,Logicisms
,Logicked
,Logicking
,Logics
,Singable
,Singabler
,Singablest
,Singalong
,Singalongs
,Singaporean
,Singaporeans
,Singe
,Singed
,Singeing
,Singers
,Singes
,Singinger
,Singingest
,Singings
,Singled
,Singleness
,Singlenesses
,Singler
,Singleses
,Singlest
,Singlestick
,Singlesticks
,Singlet
,Singleton
,Singletons
,Singletree
,Singletrees
,Singlets
,Singlier
,Singliest
,Singling
,Singly
,Sings
,Singsong
,Singsonged
,Singsonging
,Singsongs
,Singular
,Singularise
,Singularised
,Singularises
,Singularising
,Singularities
,Singularity
,Singularize
,Singularized
,Singularizes
,Singularizing
,Singularly
,Singulars
,Singultus
,Singultuses
,Inward
,Inwardlier
,Inwardliest
,Inwardly
,Inwardness
,Inwardnesses
,Inwards
,Inweave
,Inweaves
,Inweaving
,Inwove
,Inwoven
,Inwrought
,Usher
,Ushered
,Usherette
,Usherettes
,Ushering
,Ushers
,Gem
,Gemfibrozil
,Gemfibrozils
,Geminate
,Geminated
,Geminates
,Geminating
,Gemination
,Geminations
,Gemini
,Geminis
,Gemma
,Gemmas
,Gemmation
,Gemmations
,Gemmed
,Gemmeder
,Gemmedest
,Gemmiferous
,Gemming
,Gemmule
,Gemmules
,Gemological
,Gemologist
,Gemologists
,Gemology
,Gempylid
,Gempylids
,Gems
,Gemsbok
,Gemsboks
,Gemsbuck
,Gemsbucks
,Gemstone
,Gemstones
,Inuit
,Inuktitut
,Inula
,Inulas
,Inulin
,Inulins
,Inunct
,Inuncted
,Inuncting
,Inunction
,Inunctions
,Inuncts
,Inundate
,Inundated
,Inundates
,Inundating
,Inundation
,Inundations
,Inure
,Inured
,Inures
,Inuring
,Inutile
,Inutiler
,Inutilest
,Inutilities
,Inutility
,Makagigi
,Makagigis
,Makarios
,Makeover
,Makeovers
,Makereadies
,Makeready
,Makeshift
,Makeshifts
,Makeups
,Makeweight
,Makeweights
,Makings
,Mako
,Makoes
,Makomako
,Makomakoes
,Makos
,Lint
,Linted
,Lintel
,Lintels
,Lintier
,Lintiest
,Linting
,Linton
,Lints
,Lintwhite
,Lintwhites
,Linty
,Inlaid
,Inland
,Inlands
,Inlay
,Inlaying
,Inlays
,Inlet
,Inlets
,Inletting
,Inline
,Kos
,Kosciusko
,Kosher
,Koshered
,Koshering
,Kosherness
,Koshernesses
,Koshers
,Koss
,Kossuth
,Kosygin
,Wrack
,Wracked
,Wracking
,Wracks
,Wraith
,Wraithlike
,Wraiths
,Wrangell
,Wrangle
,Wrangled
,Wrangler
,Wranglers
,Wrangles
,Wrangling
,Wranglings
,Wraparound
,Wraparounds
,Wrappeder
,Wrappedest
,Wrapper
,Wrappers
,Wrapping
,Wrappings
,Wraps
,Wrasse
,Wrasses
,Wrath
,Wrathful
,Wrathfullier
,Wrathfulliest
,Wrathfully
,Wraths
,Wrawl
,Wrawled
,Wrawling
,Wrawls
,Wreak
,Wreaked
,Ictal
,Ictaler
,Ictalest
,Icteric
,Icterics
,Icterogenic
,Icterus
,Icteruses
,Ictic
,Ictodosaur
,Ictodosaurs
,Ictus
,Ictuses
,Apia
,Apian
,Apians
,Apiarian
,Apiarians
,Apiaries
,Apiarist
,Apiarists
,Apiary
,Apical
,Apicalization
,Apicalizations
,Apically
,Apicals
,Apiculate
,Apicultural
,Apiculture
,Apicultures
,Apiculturist
,Apiculturists
,Apiece
,Apiecer
,Apiecest
,Aping
,Apish
,Apishamore
,Apishamores
,Apisher
,Apishest
,Apishly
,Apivorous
,Pogey
,Pogeys
,Pogge
,Pogges
,Pogies
,Pogo
,Pogonia
,Pogonias
,Pogonion
,Pogonions
,Pogonip
,Pogonips
,Pogonophoran
,Pogonophorans
,Pogrom
,Pogromed
,Pogroming
,Pogroms
,Pogy
,Wend
,Wended
,Wendell
,Wendi
,Wending
,Wends
,Wendy
,Sirdar
,Sirdars
,Sire
,Sired
,Siren
,Sirenian
,Sirenians
,Sirens
,Sires
,Siriases
,Siriasis
,Siring
,Siris
,Siriss
,Sirius
,Sirloin
,Sirloins
,Sirocco
,Siroccoes
,Siroccos
,Sirrah
,Sirrahs
,Sirred
,Sirree
,Sirring
,Sirs
,Sirup
,Sirups
,Watchable
,Watchband
,Watchbands
,Watchdog
,Watchdogged
,Watchdogging
,Watchdogs
,Watcher
,Watchers
,Watchful
,Watchfullier
,Watchfulliest
,Watchfully
,Watchfulness
,Watchfulnesses
,Watchings
,Watchmaker
,Watchmakers
,Watchmaking
,Watchman
,Watchmen
,Watchstrap
,Watchstraps
,Watchtower
,Watchtowers
,Watchwoman
,Watchwomen
,Watchword
,Watchwords
,Waterbed
,Waterbeds
,Waterbird
,Waterbirds
,Waterboard
,Waterboarded
,Itinerant
,Itinerants
,Itineraries
,Itinerary
,Itinerate
,Itinerated
,Itinerates
,Itinerating
,Itineration
,Itinerations
,Pubbed
,Pubbing
,Pubertal
,Puberties
,Puberty
,Puberulent
,Pubes
,Pubescence
,Pubescences
,Pubescent
,Pubescents
,Pubeses
,Pubic
,Pubis
,Pubiss
,Publically
,Publican
,Publicans
,Publicise
,Publicised
,Publiciser
,Publicisers
,Publicises
,Publicising
,Publicist
,Publicists
,Publicities
,Publicize
,Publicized
,Publicizer
,Publicizers
,Publicizes
,Publicizing
,Publicizings
,Publiclier
,Trad
,Tradable
,Tradecraft
,Tradecrafts
,Trademark
,Trademarked
,Trademarking
,Trademarks
,Tradeoff
,Tradeoffs
,Trader
,Traders
,Tradesman
,Tradesmen
,Tradespeople
,Tradespeoples
,Tradeswoman
,Tradeswomen
,Tradings
,Traditionalism
,Traditionalisms
,Traditionalist
,Traditionalistic
,Traditionalists
,Traditionalities
,Traditionality
,Traditionals
,Trads
,Traduce
,Traduced
,Traducement
,Traducements
,Traducer
,Traducers
,Traduces
,Traducing
,Fecal
,Fecaler
,Fecalest
,Fecalith
,Fecaliths
,Feces
,Feceses
,Feckless
,Fecklesslier
,Fecklessliest
,Fecklessly
,Fecklessness
,Fecklessnesses
,Fecula
,Feculas
,Feculence
,Feculences
,Feculent
,Fecund
,Fecundate
,Fecundated
,Fecundates
,Fecundating
,Fecundation
,Fecundations
,Fecundities
,Fecundity
,Myelatelia
,Myelatelias
,Myelencephalon
,Myelencephalons
,Myelic
,Myelin
,Myelinated
,Myeline
,Myelines
,Myelinic
,Myelinisation
,Myelinisations
,Myelinization
,Myelinizations
,Myelins
,Myelitis
,Myelitises
,Myeloblast
,Myeloblasts
,Myelocyte
,Myelocytes
,Myelofibroses
,Myelofibrosis
,Myelogram
,Myelograms
,Myelographies
,Myelography
,Myeloid
,Myeloma
,Myelomas
,Myelomeningocele
,Myelomeningoceles
,Myers
,Nap
,Napa
,Napalm
,Napalmed
,Napalming
,Napalms
,Napas
,Nape
,Naped
,Naperies
,Napery
,Napes
,Naphazoline
,Naphazolines
,Naphtali
,Naphtha
,Naphthalene
,Naphthalenes
,Naphthas
,Naphthol
,Naphthols
,Naphthoquinone
,Naphthoquinones
,Napier
,Naping
,Napkin
,Napkins
,Naples
,Napless
,Napoleon
,Napoleoniana
,Napoleonianas
,Napoleonic
,Napoleons
,Napped
,Nappeder
,Nappedest
,Napper
,Nappers
,Nappied
,Nappier
,Nappies
,Nappiest
,Napping
,Nappings
,Nappy
,Nappying
,Naprapath
,Naprapathies
,Naprapaths
,Naprapathy
,Naproxen
,Naproxens
,Naps
,Napster
,Naptime
,Naptimes
,Napu
,Napus
,Emmanuel
,Emmenagogue
,Emmenagogues
,Emmer
,Emmers
,Emmet
,Emmetropia
,Emmetropias
,Emmetropic
,Emmets
,Emmett
,Emmy
,Emmys
,Mew
,Mewed
,Mewing
,Mewl
,Mewled
,Mewling
,Mewls
,Mews
,Herd
,Herded
,Herder
,Herders
,Herding
,Herds
,Herdsman
,Herdsmen
,Herdswoman
,Herdswomen
,Safari
,Safaried
,Safariing
,Safaris
,Safavid
,Safebreaker
,Safebreakers
,Safecracker
,Safecrackers
,Safed
,Safeguard
,Safeguarded
,Safeguarding
,Safeguards
,Safehold
,Safeholds
,Safekeeping
,Safekeepings
,Safelier
,Safeliest
,Safeness
,Safenesses
,Safes
,Safest
,Safetied
,Safeties
,Safetying
,Safeway
,Safflower
,Safflowers
,Saffranine
,Saffranines
,Saffron
,Saffrons
,Safing
,Safranin
,Safranine
,Safranines
,Safranins
,Lav
,Lava
,Lavabo
,Lavaboes
,Lavage
,Lavaged
,Lavages
,Lavaging
,Laval
,Lavalava
,Lavalavas
,Lavalier
,Lavaliere
,Lavalieres
,Lavaliers
,Lavalliere
,Lavallieres
,Lavas
,Lavation
,Lavations
,Lavatorial
,Lavatories
,Lavatory
,Lave
,Laved
,Lavender
,Lavenders
,Laver
,Lavern
,Laverne
,Lavers
,Laves
,Laving
,Lavish
,Lavished
,Lavisher
,Lavishes
,Lavishest
,Lavishing
,Lavishlier
,Lavishliest
,Lavishly
,Lavishness
,Lavishnesses
,Lavoisier
,Lavonne
,Lavs
,Mythic
,Mythical
,Mythicise
,Mythicised
,Mythicises
,Mythicising
,Mythicize
,Mythicized
,Mythicizes
,Mythicizing
,Mythologic
,Mythological
,Mythologies
,Mythologisation
,Mythologisations
,Mythologise
,Mythologised
,Mythologises
,Mythologising
,Mythologist
,Mythologists
,Mythologization
,Mythologizations
,Mythologize
,Mythologized
,Mythologizes
,Mythologizing
,Mythology
,Myths
,Mytilid
,Mytilids
,Hyson
,Hysons
,Hyssop
,Hyssops
,Hysterectomies
,Hysterectomy
,Hystereses
,Hysteresis
,Hysteria
,Hysterias
,Hysteric
,Hysterical
,Hysterically
,Hysterics
,Hystericss
,Hysterocatalepsies
,Hysterocatalepsy
,Hysterosalpingogram
,Hysterosalpingograms
,Hysteroscopies
,Hysteroscopy
,Hysterotomies
,Hysterotomy
,Iowan
,Iowans
,Keller
,Kelley
,Kelli
,Kellie
,Kellogg
,Keloid
,Keloided
,Keloiding
,Keloids
,Kelp
,Kelpie
,Kelpies
,Kelps
,Kelpwort
,Kelpworts
,Kelpy
,Kelsey
,Kelter
,Kelters
,Kelvin
,Kelvins
,Daikon
,Daikons
,Dailier
,Dailies
,Dailiest
,Dailiness
,Daimler
,Daimon
,Daimons
,Daintier
,Dainties
,Daintiest
,Daintilier
,Daintiliest
,Daintily
,Daintiness
,Daintinesses
,Dainty
,Daiquiri
,Daiquiris
,Dairies
,Dairying
,Dairyings
,Dairymaid
,Dairymaids
,Dairyman
,Dairymen
,Dairywoman
,Dairywomen
,Dais
,Daises
,Daishiki
,Daishikis
,Daisies
,Daisy
,Daisybush
,Daisybushes
,Daisylike
,Pwn
,Pwned
,Pwning
,Pwns
